3.016792,2.899261,12.467002,94.116684,-13.844574,0.951069,-0.089180
2.867352,3.511354,10.334667,101.746391,-8.779705,103.955414,-0.239789
3.028784,3.247708,11.998721,16.104572,85.682419,-3.703247,-0.127942
2.702079,3.186234,14.085394,43.401108,-33.473503,120.085785,-0.153766
2.888896,3.280843,13.995373,16.833630,16.733950,-54.310421,-0.021597
3.461375,2.688794,13.693359,135.696503,57.218178,37.059738,0.344448
3.125331,3.097694,13.488482,-75.683746,147.686584,190.028107,-0.014813
2.846301,3.205610,12.587679,-44.053040,105.892746,-92.322433,-1.134941
3.317169,3.292347,13.340190,20.557739,69.477821,-99.086227,0.108599
3.276676,3.080705,12.655988,151.164581,84.334358,22.372925,-0.702149
2.916635,3.365463,13.087026,30.457642,4.704475,93.908630,0.620821
3.309704,3.135003,11.655569,-36.084541,71.884842,36.042358,-0.459691
3.378847,2.507930,12.483794,86.510452,27.989914,37.404423,0.359284
3.134779,3.455466,11.461277,-55.511871,73.478073,-68.996368,-1.504436
3.049246,3.063150,13.678033,44.659973,89.798019,99.484619,-0.127602
2.935703,3.211578,11.619514,167.425812,67.205803,138.618729,0.934797
2.825293,2.845425,12.429473,-78.887451,112.006836,36.888920,-0.006027
2.504062,3.259885,12.153656,43.252312,82.476013,81.740982,-1.235536
3.204873,3.588893,11.688225,33.122353,-47.320305,90.402344,-0.305392
3.560600,3.160287,11.031670,127.779800,34.771023,-70.096222,-0.057855
3.132588,3.641322,10.166466,42.900181,10.460045,29.838348,0.471732
3.128653,3.398894,13.775132,11.034430,102.195198,98.397400,0.416229
3.104852,3.033553,11.188296,81.646255,44.677399,64.803940,-0.926364
2.466029,3.406747,11.693811,-20.832634,10.093540,52.028984,0.481324
3.231108,3.100235,11.316083,9.344112,142.629242,25.089451,-0.625141
3.450561,3.652059,13.274133,-172.381973,11.764603,-116.980896,0.293138
3.276472,2.832159,12.145331,125.115700,63.844490,-29.856121,-0.131917
2.928489,2.785487,12.402557,-49.144020,34.769989,154.619873,-0.201801
3.080815,3.507789,13.298941,30.681709,83.845192,-79.139816,1.076170
3.401874,3.396769,11.272110,49.044807,19.480785,149.742477,-0.292228
2.964777,3.172700,14.805326,-22.619671,62.284088,2.522011,-0.022275
2.964682,3.238688,11.406919,-58.387405,60.477966,92.313431,-0.963027
3.262510,2.829108,13.648007,-14.302929,41.822109,113.138763,0.822198
3.113216,3.249864,10.489458,-18.570080,86.160522,165.498337,0.113033
3.135805,2.800225,12.344443,119.564026,-34.414825,141.763123,0.128328
3.077939,3.020141,12.211057,18.723322,34.457283,-4.200638,-0.932576
3.289083,3.107544,9.677703,-72.096489,77.943054,11.948566,-0.529379
3.050443,3.001195,10.796026,90.494492,56.929752,83.497314,-0.015027
2.812795,3.266346,11.587146,112.319557,82.904907,114.962585,0.055216
3.473394,3.105048,11.847078,-42.625954,14.352951,34.098789,-1.745504
3.149993,3.515966,11.752317,58.000023,150.820038,186.130905,0.521178
3.747632,3.646614,11.161880,-4.475101,21.452610,213.993271,-0.324496
3.475341,2.925462,12.427986,54.730072,100.021667,106.766785,-0.249203
2.965929,2.809341,12.981908,109.072334,-41.521233,-5.425285,0.316875
2.873974,2.665041,13.243679,6.905687,108.078964,-46.993328,0.707843
3.177984,3.217966,12.488708,100.871498,36.965149,59.267426,-0.646776
2.940223,3.308380,13.257877,131.014923,32.265968,148.687103,0.093226
3.190886,3.028409,11.231239,12.261318,41.826607,69.546997,-0.140006
3.252550,3.319907,10.507091,87.653214,-0.551506,27.843597,-0.578283
2.865715,3.083310,14.422204,47.238907,52.530319,105.270340,-0.438751
2.852012,3.181603,13.425178,73.355606,-54.904335,11.240070,0.455861
3.234690,3.405463,15.488829,-32.159691,52.846272,-93.176804,0.473453
2.304725,3.573964,13.839863,130.749344,41.255287,18.099556,0.255214
2.862569,3.155033,12.550248,114.336731,17.984591,-172.765381,-0.338666
3.044212,3.587053,12.430983,99.249008,40.125298,200.760529,0.094613
2.800078,3.176199,11.948784,119.475372,55.228214,91.738007,0.190784
3.017106,3.343113,14.329617,99.759705,26.799368,33.527435,0.242246
3.676748,3.073060,11.693016,35.056797,152.813568,46.827003,0.344321
2.635450,2.763350,13.714757,150.459824,-6.347851,-32.574871,-0.165639
3.148735,2.885359,15.833359,65.026100,47.400402,92.818054,-0.285934
2.745317,2.720424,13.283569,0.413355,31.614250,17.215242,-0.116023
2.933760,3.124335,13.469675,74.557915,48.852936,42.748955,-0.120086
3.012907,2.481498,12.370691,50.760658,102.013855,-72.111221,0.840971
2.891909,2.893162,11.860038,-54.831581,36.001263,-32.051830,-0.503764
2.993130,3.317485,12.040692,161.235870,94.470459,41.243355,0.269376
3.000105,3.398661,12.493469,20.060596,46.312988,223.187897,0.044273
2.960407,3.176408,12.547153,132.705612,73.936226,133.873337,0.590918
2.935796,3.118948,13.655614,-57.719955,13.171116,77.661636,0.712216
3.286238,2.924647,11.313066,14.514267,27.857023,53.060955,0.699231
3.094225,3.825213,12.078756,-11.196388,-11.042610,-19.230240,-0.209645
3.759789,2.711165,10.320965,-28.955116,90.726089,146.221695,0.153560
3.227902,2.737867,11.296568,45.947041,20.144348,-37.676876,-0.514128
2.908260,2.414127,12.886282,5.973345,29.354523,15.232748,-0.277129
3.276904,3.199800,14.510529,129.467712,-12.225658,-3.046307,0.782623
3.110080,3.358231,14.439600,12.892872,91.425064,63.827698,-0.200688
3.286433,3.250222,10.850521,41.921082,112.523323,93.229485,0.133312
2.773356,3.297285,11.193230,67.181229,26.476015,64.052002,-0.287504
3.299456,2.460508,13.803276,66.559265,16.031122,-231.627625,-0.135777
3.361650,3.106069,13.683100,38.260746,-4.351181,-130.770248,0.168838
3.165342,3.642483,13.097417,87.762039,-12.580204,18.260345,-0.103652
3.231619,3.558290,12.573697,-20.108650,50.301895,121.686874,-0.401461
2.574220,3.021907,11.526645,35.893692,93.308701,-135.303711,-0.810060
2.520091,2.741693,14.415577,-48.844986,48.767426,-38.116192,-0.188773
3.132990,3.040187,12.729707,-68.373421,75.091034,-5.975727,-0.454917
3.235846,3.494097,13.640275,-49.621559,-32.021568,-9.743160,0.249657
3.285709,3.315009,11.870252,-5.286819,33.595276,-67.078583,0.238619
2.842331,3.433544,13.332729,152.492035,86.429001,50.263939,0.537662
2.960593,3.174817,13.992951,114.101280,39.144123,-56.384106,-0.800301
3.182921,3.066463,12.587972,50.436859,62.923012,-19.626495,-0.389055
2.779379,3.028812,12.027208,81.302765,127.281227,8.455141,-0.314336
3.190410,2.895152,12.280500,-1.012177,109.706085,-13.884647,0.205323
3.257349,3.124557,12.256671,8.399672,33.777512,101.943680,-0.224222
3.006942,3.704500,12.905954,3.073465,11.428951,-61.395992,0.065082
3.654250,3.320984,12.001885,29.690260,108.234650,90.128799,0.340765
3.191827,2.720849,11.530226,104.383804,17.111395,-93.586914,0.291251
2.961081,3.238015,12.009441,-51.197113,127.595787,84.766663,0.314694
3.174516,3.238079,11.975098,109.729126,69.998611,42.956120,0.446381
3.802006,3.159274,12.766225,79.898880,63.770653,-25.895481,-0.295669
2.881128,2.862029,12.787954,167.972168,81.118515,181.503906,-0.619920
3.894451,2.703142,12.473275,93.642128,68.744972,164.514542,0.006974
3.585114,2.578416,14.716191,63.240253,102.880142,-28.043827,-0.123769
2.555403,3.259406,12.873596,22.711308,-11.822029,-71.901077,0.352748
3.369588,3.215438,13.459230,-28.480679,53.109455,23.297276,0.140405
3.414484,2.726218,12.997808,-14.442551,44.551205,22.347271,-0.178848
3.380635,2.859040,13.556600,135.013153,52.381924,145.318573,0.024114
3.034817,3.085869,11.487232,62.463974,-42.013496,-55.232090,0.913860
3.075555,3.045892,11.729730,31.527647,66.554810,-62.399586,0.375282
2.962025,3.078538,11.885652,-61.299355,45.838188,36.880497,1.116035
3.122772,3.727635,12.218180,-46.095055,35.802845,134.013947,-0.223862
2.828115,2.731026,13.211319,42.366596,12.926422,90.242157,0.276915
3.616736,3.123744,10.966054,101.150528,34.729721,-10.092262,1.035906
3.420583,3.346145,9.728767,46.124527,21.449179,133.326080,0.086799
3.220699,3.330080,13.007017,18.409904,40.666702,56.511627,-0.002098
3.310736,3.076195,15.075750,84.818466,-28.966957,81.805031,0.594744
3.294737,3.144376,11.812822,33.758652,67.992691,51.035046,0.985881
3.509818,3.647588,12.083455,18.896187,131.899979,21.627134,0.133430
2.529916,2.938624,12.553735,-81.447311,83.291626,27.826874,-0.443733
2.806913,3.280667,14.242647,161.891418,-44.035629,-1.092503,0.365706
3.235656,3.184217,11.092771,35.697296,27.831848,-15.550724,0.553743
3.753663,2.762033,13.941078,20.292034,74.723701,-6.956474,0.569527
3.081072,3.162278,11.842173,42.291714,40.904900,-45.640301,-0.296146
2.922128,3.412033,11.170338,54.984562,163.620789,11.136127,-0.685252
3.393446,3.567854,13.622269,48.715767,70.145844,-32.628963,0.072386
3.017474,3.213877,15.121140,5.510733,72.789680,-35.821362,0.120391
2.987897,3.407820,10.817603,25.663815,38.712135,-50.270275,-0.429231
3.585871,3.033389,12.882031,137.510590,-35.802597,152.924332,-0.289721
2.788470,3.139956,12.174016,-33.320564,21.067074,104.959045,-0.771402
2.952610,3.066329,14.145906,61.293945,90.195213,78.026360,-1.243179
3.233855,3.031453,13.338198,111.130440,3.014847,272.758514,-1.903847
2.986678,3.811897,12.703348,7.891546,-21.818298,197.435760,-0.003258
3.196401,3.831267,12.213608,93.959702,39.968925,-16.690151,-0.337988
3.599442,2.991979,10.412550,-39.601936,54.289330,-115.579926,0.388714
3.366832,3.420363,12.786640,-14.944435,59.915176,129.795120,0.771562
3.410326,3.296118,13.705531,-83.848579,-10.223671,53.764809,0.895411
3.037137,3.442862,12.940206,19.008282,56.289200,-79.283722,-0.164603
2.756584,3.557636,11.971554,67.799324,-7.733845,83.449356,0.018929
3.025459,3.172081,10.101353,36.298298,54.824856,22.259165,-0.191329
3.561416,3.276284,13.265345,-117.905853,-19.682426,62.999214,-0.100743
3.178192,3.027998,12.864876,118.149467,9.317356,-21.124081,-0.097097
3.416027,2.951613,13.447219,78.347992,1.913948,94.040680,0.839595
3.040425,3.200359,14.863104,9.514534,133.597168,42.123795,0.531966
3.150605,3.743494,12.866355,-14.750954,104.942253,110.312973,-0.001381
3.121264,3.355078,12.375914,109.270966,95.333069,134.701080,-0.692651
3.359050,3.378658,11.121454,-2.017548,10.280926,57.244179,-0.835304
3.171019,3.333621,11.968096,158.548340,133.191406,-119.883987,0.424291
3.605953,3.275471,11.935903,109.064606,10.263306,254.441605,0.057455
3.247846,3.029769,15.549965,18.776039,10.982624,63.129044,-0.609980
2.651049,2.936655,8.626235,41.046455,65.425163,87.115601,-0.663942
3.309746,3.362280,11.991211,91.719879,40.946339,100.428696,-0.184113
2.724959,3.520517,11.753047,-47.654327,-17.321686,3.730938,0.892571
3.046394,3.260407,14.942292,-1.028057,14.319408,146.292145,0.778559
3.276715,3.589562,12.967241,50.008633,93.613274,153.977341,-0.272163
3.722735,3.134453,8.458869,62.524559,25.401344,63.998749,-0.201069
3.754687,2.945223,10.079237,117.329659,29.762531,40.084824,-0.473682
3.663989,3.021513,13.559256,132.969116,-22.928009,-54.896412,0.263374
3.387605,2.840200,11.738532,32.047565,-39.776955,72.218475,0.587916
3.441772,2.966454,11.715003,-46.831993,80.404472,-16.401566,-1.155092
2.949865,2.680358,13.389351,-21.410652,-1.382210,117.605591,-1.141712
2.788090,3.008286,13.043019,99.983978,38.334846,108.900024,0.616726
3.518012,2.877759,12.494981,123.291397,84.138779,-6.172520,0.019635
3.078302,3.393618,12.972139,76.231895,39.910408,30.004042,0.222913
3.373783,2.999477,11.870580,31.971783,90.183762,88.666733,-0.990874
3.158254,3.338149,12.664328,-55.465691,72.736084,-111.651016,0.188034
3.128858,3.042067,11.837135,65.545792,25.240276,106.530869,-0.702881
3.234542,2.509920,12.967591,-6.079720,-0.963261,-37.822224,-0.739799
3.530729,3.467790,10.346202,-114.207123,51.548435,-126.890335,-0.003974
3.087060,2.897418,14.535356,56.597298,175.313446,9.044781,-0.438281
3.000202,3.399635,13.066805,190.383881,59.060699,13.414463,-0.216973
3.217907,3.553316,13.659218,-6.108139,13.424614,21.334095,-0.196508
3.105428,2.975723,12.141028,-28.754665,-18.591797,-26.827923,-0.484967
3.180356,2.943619,14.750219,-15.245602,120.966057,136.696671,0.652372
2.651304,2.855964,12.781540,-30.943100,57.644112,-54.926617,0.522338
3.391827,3.408070,12.822727,20.427147,-77.957016,113.618301,-0.361077
3.293538,2.798080,13.056635,130.380981,95.699539,-68.960876,0.477497
3.677032,3.439387,12.932202,0.021606,24.511589,25.643642,0.114395
3.489501,3.219108,12.903234,36.829727,41.439182,32.966660,0.527218
3.147676,3.232439,12.929440,42.128864,72.525429,119.384659,0.801248
2.825244,2.859232,11.357007,142.481293,48.076691,30.683636,-0.336016
2.988892,3.225443,12.274395,168.559464,52.844967,-80.509552,-0.970793
3.357049,3.067672,12.721852,76.664604,71.150711,-3.104485,0.968232
3.512264,2.759351,15.081277,106.990654,167.208466,-162.893738,-0.712499
3.091999,3.474942,11.052680,-81.658043,92.366776,120.569489,0.325679
3.131288,3.371840,11.745295,53.525551,27.749596,-42.565769,0.367939
2.923625,3.366643,13.546684,25.906216,102.579819,24.436634,1.413183
3.261079,3.182287,12.441543,-36.344887,99.509010,141.134949,-0.094246
3.599580,3.310438,12.636726,23.422680,7.279816,18.604412,-0.176592
3.478592,2.954672,10.806355,92.153351,-11.031517,86.568695,-0.360290
3.115146,3.446335,11.764178,-71.992615,65.126999,18.895096,-1.185420
3.755834,3.239335,13.304335,-2.584076,58.660179,43.522408,-0.573181
3.242803,3.075497,14.469233,0.450001,-27.953072,-15.919498,-0.338693
2.982330,2.286461,14.724808,30.297077,68.364838,49.898472,-0.156388
3.413395,3.352845,12.246209,67.450294,68.635193,51.643463,-0.554113
3.118911,3.014073,11.965740,39.830368,19.256390,-54.674458,0.410800
3.328284,3.392984,12.860321,-62.103683,23.074759,-62.016178,-0.245993
2.973344,3.288262,14.070216,83.940994,109.345825,136.383621,0.094433
2.901694,3.376168,13.385493,46.730743,43.919727,239.196289,0.014665
3.753946,3.407850,12.181722,35.222954,-15.144215,73.830727,-0.873146
3.210149,3.473349,12.448606,44.828075,-23.553200,-28.337437,0.331093
3.633962,3.467435,13.417367,12.668289,4.287685,-27.936161,0.038710
3.299054,2.588301,11.639793,181.365494,-3.658455,72.892456,-0.209708
3.246857,2.911485,11.698809,43.937241,48.155991,23.822496,0.170639
3.703946,2.462090,13.421088,7.450798,64.494324,126.266586,-0.656464
3.086712,3.108928,11.098872,6.283039,117.609695,-95.934448,-0.017196
3.361959,3.424031,12.962558,-29.194153,65.146011,-72.150803,-0.353737
3.321513,2.866629,11.270823,67.593719,51.080120,-217.626694,0.028008
3.166028,3.497953,12.079422,-49.676010,-50.902962,8.318789,-1.480029
3.842555,3.290633,14.087234,-41.946342,62.703861,-86.537613,-0.123172
2.506918,3.424922,11.287569,25.863022,48.482552,114.277420,-0.276686
3.912831,3.140754,13.234135,-102.965393,88.479698,105.081787,0.262543
3.646242,3.325948,13.310951,-4.158916,-1.928745,117.556549,0.478315
3.143471,3.796666,13.493651,-23.709057,8.332035,82.845734,-0.432561
3.435671,2.603157,11.681058,92.876572,-2.893036,24.530426,-0.490764
3.336582,3.469232,12.757339,96.490891,-27.458191,28.545200,0.023702
3.525973,3.159508,11.358512,168.275208,47.264862,126.198349,-0.278810
3.210805,3.292863,12.387300,19.847095,49.049290,58.570374,-0.420981
2.520283,3.847032,11.358018,90.169533,72.223633,59.869476,0.630979
3.085893,3.213686,11.670632,131.169739,15.398275,98.034531,-0.744393
2.941822,2.854508,13.089440,-31.622860,-24.576736,-11.068913,0.226592
3.070799,2.983703,12.917912,50.421577,41.511227,-107.685318,-0.119374
3.231773,3.245639,12.127957,-45.372551,60.950237,-63.369709,-0.803452
3.293728,3.136088,12.298093,74.735886,72.847618,5.549866,-0.269971
3.628160,2.949381,11.708217,127.260727,40.883205,-101.630920,-0.485079
3.401268,2.910712,12.805491,42.134235,43.094078,61.914867,-0.593196
3.083553,3.259773,13.958531,46.626186,100.150803,57.774277,0.326808
2.765424,3.259219,12.201470,44.721012,36.584312,178.087006,0.033538
2.739001,3.040056,13.116498,-35.890945,29.513046,40.492161,0.696302
3.545032,3.553201,14.654096,-27.756027,19.298477,140.740250,0.866502
3.489347,3.592408,12.537355,75.021561,80.064926,56.514343,0.005939
3.113215,2.623565,13.297235,-40.310287,72.724274,48.337601,0.381401
2.818006,3.376165,12.689894,-0.348963,35.049152,-53.363911,-0.381315
3.320532,3.630211,12.937914,-0.718794,-40.065147,64.530769,-0.326680
3.187155,2.950009,11.918452,100.079407,61.355301,189.277695,0.186741
3.242854,3.499980,12.986321,-16.982109,20.350861,116.477295,-0.305873
3.076682,2.739462,11.462143,62.037350,24.239723,-74.635986,0.258441
2.505657,3.017694,12.688813,-33.189774,32.551239,-14.087990,0.073110
2.998571,2.938436,12.203259,-28.880344,70.148277,79.680481,0.614635
2.992197,2.948297,10.568673,95.283073,-60.316795,98.525436,-1.056131
2.899351,3.334642,12.569947,7.160877,93.217560,70.545471,-0.291520
3.202931,3.251882,10.032093,56.595009,10.665455,-14.576977,-0.372111
3.283189,3.090001,13.497263,1.248892,59.996838,-64.175385,-0.465424
3.269669,2.966791,10.862854,-16.526638,24.405512,71.638702,-0.843306
3.332812,3.046180,10.229768,42.640297,31.976675,114.147903,-0.315891
2.736642,3.275898,12.608059,73.847809,47.525116,92.791061,0.670156
3.293439,3.623966,13.053920,122.609879,-11.166687,64.473114,0.729210
3.522489,3.092012,11.786396,17.608051,86.148621,58.709785,-0.333934
3.402325,3.480088,10.985466,-19.128693,106.518402,58.589432,-0.095191
3.618511,2.718680,12.035634,-8.932587,138.179733,101.927399,0.327282
2.408349,3.243467,13.378459,97.810806,-29.242889,-17.738407,0.634874
3.471638,3.260031,13.900746,77.108017,22.936380,-16.593235,-0.426987
3.323171,3.629571,13.872458,-22.614887,-46.516014,-167.634308,-0.228923
3.491243,3.062645,13.352787,-64.820930,-9.845501,2.645317,0.149312
2.844821,2.920205,12.188643,129.328857,3.374294,32.755985,1.130965
3.648327,2.826582,12.661681,76.669998,-104.837471,9.848225,0.033244
2.906934,3.348289,11.925271,-109.393005,71.270111,-25.799786,-0.645502
3.818733,3.582358,10.128544,3.303490,56.127911,13.167316,0.506306
3.032902,3.125775,12.461387,-3.806637,92.810211,2.501495,-0.222102
3.217752,2.850314,13.128161,123.628777,-18.116150,-118.071030,-0.588585
3.565142,3.013251,14.381937,-146.776749,70.309448,-1.759937,-0.245260
3.602918,3.060571,12.037000,136.125854,57.743870,-13.641487,0.568114
3.417579,3.417146,11.316281,35.188454,34.593254,-98.631317,-0.140011
3.089509,2.920501,11.660243,-64.260185,6.350590,280.249603,-0.443497
3.196517,2.930749,11.323539,-163.315582,37.034325,209.072861,0.209252
2.929654,2.562993,11.631219,-26.816315,36.097126,34.973171,0.108331
3.600121,3.264620,12.220389,-71.754562,-6.161236,39.555347,-0.013678
3.154744,2.762098,12.479577,66.872025,70.581268,105.965286,0.600317
2.946738,2.740850,12.202903,-68.810120,68.454636,-4.319901,0.287909
2.601768,3.673875,12.283189,83.626556,111.560936,193.027893,1.036586
3.510388,2.627272,12.920240,8.200886,-26.614998,15.833883,-0.348036
3.761962,3.087482,11.400102,-37.986038,71.884514,39.018925,0.168677
2.824884,3.397975,11.731705,-7.093113,86.707184,-13.164986,0.219135
2.542876,2.726918,11.737055,52.300964,44.997684,-51.796062,1.054156
2.511436,3.203314,10.523002,-67.873718,60.941761,117.029587,0.040397
3.294863,2.934436,14.080589,86.045158,93.475349,127.597549,0.154889
3.253322,2.818689,13.887448,9.696548,-45.506615,246.841034,-0.287393
3.328593,2.714997,12.262568,125.272324,96.829170,-52.226192,0.597205
3.379316,3.746786,11.243915,154.066711,36.927094,-72.645889,-0.376004
3.584457,2.853531,14.835320,-63.392014,-34.296204,-148.072021,0.186738
2.990743,3.204788,12.985536,9.304440,70.508888,60.293625,-0.115264
3.021605,2.683695,14.114078,-118.156036,15.911112,172.163284,0.907183
3.390882,3.641787,12.444076,-30.561287,74.976990,-64.572144,0.009962
3.573612,3.254314,14.275481,-128.189270,49.343056,34.019890,0.345414
2.432376,3.608719,13.172923,133.306854,36.389824,-22.306770,-0.923019
2.808497,3.425981,12.430842,-51.310310,39.317841,-6.053883,-0.263134
3.077113,3.614878,12.217639,47.710236,20.854452,-33.874996,-0.140728
2.952681,3.367118,11.738996,-7.071743,80.531418,-86.479828,-0.058924
3.503895,3.072418,11.352770,-66.465279,45.491299,82.286987,-0.640905
2.975089,3.402809,11.658831,51.567242,-36.927696,103.411804,-0.712755
2.772053,3.283479,11.256673,82.049484,5.842915,163.226303,1.102505
3.076823,3.165248,13.269228,-51.600174,118.191574,46.266766,-0.799246
3.439257,2.837395,13.673370,9.240005,109.786888,-72.104416,0.138515
3.246003,3.366326,13.568887,84.293846,78.775230,29.740681,-0.605232
3.483472,2.611447,11.775135,-18.386227,40.937939,-118.490982,0.082774
3.171790,3.726819,15.104771,53.478153,-0.265549,212.753311,-0.618258
2.620963,3.186021,13.185022,8.741920,103.885475,-128.115372,-0.571397
3.479411,3.048517,12.999416,83.019218,54.476860,79.230881,0.611950
2.793124,3.339695,12.538420,-113.806824,-22.299927,-41.223202,0.032251
3.299870,2.720840,12.060246,-29.797485,37.178062,175.917892,-0.057590
2.793954,3.916391,13.537412,-27.425610,69.537888,43.594212,-0.163388
3.606172,3.238722,12.070447,-10.946133,6.069393,226.078232,0.290096
3.481498,2.861411,11.785467,33.432770,75.760284,-9.969490,-0.105909
3.037823,3.151264,12.683073,35.815701,26.867514,153.294540,0.422745
2.747538,3.470943,12.112804,183.461075,8.421467,199.557266,0.120248
3.414298,3.139664,16.376404,-1.708649,59.514732,-36.964588,0.504786
3.443782,3.385906,13.941451,145.657043,115.539948,-145.921616,-0.260249
3.286165,3.501871,12.074672,2.397486,89.499222,162.294357,0.371579
3.088845,3.496837,12.322693,64.663223,-17.657043,49.545116,0.716849
2.787590,2.662766,12.580471,56.823864,-61.816833,-112.321884,-0.117355
2.784857,3.536586,15.011933,-22.051434,56.162758,96.019836,-0.177887
3.460818,3.016081,13.476795,42.562397,31.981052,71.889923,-0.042726
3.090163,3.551753,11.751359,-38.881897,39.540337,103.435593,-0.472941
3.122881,3.005963,14.193556,-47.267647,-36.459198,168.050156,-0.772810
3.209383,3.437178,15.836007,87.743500,113.827080,129.875336,-0.072963
3.213529,2.736957,13.014369,-87.998810,47.787678,47.219593,-0.160990
2.812101,2.978992,11.925967,4.407595,-31.384308,85.095520,-0.584407
3.145010,3.154547,11.847864,56.203613,170.185608,96.707115,-0.995651
3.253652,3.071787,11.883046,-53.325798,-44.104988,175.107498,-0.349163
2.998785,3.078299,15.200645,-10.020813,23.917082,156.471405,-0.518906
3.536122,3.408513,12.923004,115.893585,38.121284,-4.417252,0.382752
2.901867,3.074735,11.132836,35.081230,-9.954597,151.326492,-1.605777
2.935772,3.375923,12.049382,8.124290,68.264633,157.446503,-0.273427
3.058662,3.368340,14.183446,-9.549118,95.425171,107.948654,-0.080989
4.044426,2.966569,13.218515,51.369034,-65.157410,-41.074696,-0.270773
2.669386,3.075678,13.168415,-14.690704,-34.299538,-41.314198,-0.104317
2.923549,3.534560,11.876103,15.264745,22.055161,-142.228439,0.335370
3.067698,3.162451,14.273664,-29.026142,91.782562,-146.081390,-0.176964
3.121939,3.390255,13.466543,12.286373,107.726700,-72.192795,0.568013
3.300629,3.624543,13.056605,0.067974,17.297943,95.287331,-0.518582
2.866617,3.037191,11.644453,-52.973190,45.572014,10.370481,0.312542
2.207119,3.127891,14.444164,-26.438789,0.500572,-27.050510,-0.098234
3.474355,3.045066,12.634173,-80.688004,62.848518,16.929684,-0.384054
3.070415,3.080598,11.238040,139.499329,87.128311,195.051071,-0.337210
3.018270,3.319298,13.310496,14.009792,1.714394,84.365555,-0.106258
3.184046,3.509714,12.501799,-19.641426,70.207642,-13.490608,0.464754
2.828467,3.131553,11.147216,51.701843,-5.305824,-31.684902,0.458596
3.214492,2.847473,10.671297,-4.163078,26.542192,46.915180,-0.461936
3.501675,3.141948,9.466653,23.781818,-29.679054,-98.114243,-0.924332
3.566800,2.722251,11.862863,21.508541,66.666222,269.385498,0.352553
3.280815,3.005595,16.431339,-148.062531,84.096939,-28.559078,0.337537
3.772697,3.055689,13.184752,8.066694,37.704960,107.361710,-0.257886
3.216073,3.578385,11.117023,56.853146,27.323736,-30.466503,-0.744016
3.090713,3.160150,10.369453,52.203125,-35.534431,-66.996643,-0.011680
3.420612,3.471562,12.837235,180.601181,70.752762,-18.698135,-0.176841
2.635253,2.994072,13.711536,-77.910416,79.418854,69.271744,0.620995
2.860202,3.159259,13.818463,-33.567566,115.362968,42.499435,0.841414
3.557360,2.800668,11.265204,-125.207397,33.080257,195.564529,-0.008705
3.411145,2.373412,11.779503,92.438034,97.936646,35.652523,-0.016702
3.552824,2.977551,11.254099,30.017591,53.149532,80.429802,0.677538
3.519385,2.657098,10.900461,84.865570,45.123592,45.961872,-0.302544
3.132879,2.649265,11.820202,-7.215336,-60.262634,33.646435,0.142787
2.829538,3.281388,14.495105,93.752594,-14.278622,-5.111404,1.040400
3.036610,3.527255,11.825086,-21.334736,86.909668,1.554592,0.336731
3.225474,3.210102,12.940528,28.297867,61.272552,114.221222,0.568161
2.920163,3.708642,12.262055,116.654823,24.168966,-22.902973,0.024836
3.790917,3.202031,15.064357,55.135441,45.999134,149.441147,0.107201
3.050946,3.140530,12.381726,85.136627,52.515194,92.257843,0.133773
3.080343,3.667364,9.622274,35.057247,72.300941,125.044403,0.164228
2.975892,3.270792,11.897395,76.410843,22.930189,31.004684,-0.012666
3.176041,3.221832,12.658849,162.894531,24.231741,53.332375,0.100091
4.118354,3.461591,14.346777,61.256714,-54.008759,44.016994,-0.992887
3.330814,3.422251,14.007500,62.031883,64.667633,12.609837,-0.393983
3.201911,3.468070,13.273733,72.496231,-31.901688,-179.457077,0.136569
2.785248,3.675915,12.744760,-1.958935,12.803734,-151.439087,0.468743
3.820524,3.241536,11.903911,78.328033,39.298679,117.978470,-0.902792
3.296745,2.365195,12.165915,66.118958,33.563255,15.461285,0.144512
3.441260,2.957670,9.491123,10.242540,25.498459,66.596848,-0.071466
2.885398,2.351489,12.014935,147.154495,74.880661,-62.108730,0.749842
3.627055,2.855722,11.829567,-10.626686,-40.865181,-129.537506,-0.584658
2.926430,2.883687,13.419960,39.883221,91.392105,37.897934,0.488773
2.828810,3.167989,13.089922,39.095432,70.225685,190.497528,0.729078
3.064783,3.526564,14.120363,-4.965229,71.550613,-115.857651,-0.206860
3.014348,3.577230,13.376470,32.500256,13.110020,92.326324,-0.224440
3.642694,2.903734,12.505916,49.709846,142.915192,23.590643,-0.162876
3.126292,3.065855,13.470618,134.739716,75.572342,127.187164,-0.445958
3.615296,3.397878,13.073358,32.910931,26.045748,29.255415,-1.304993
3.405829,3.630856,11.539819,83.279663,50.527237,29.639879,-0.344155
2.749424,2.549285,12.389770,-34.657555,57.342976,4.446117,0.280149
3.388564,3.390042,10.562871,100.539955,72.205460,-129.660065,0.145099
3.300171,3.295025,12.600621,123.803490,0.072948,33.439537,0.290296
3.209163,2.916322,11.782944,112.792686,-44.683441,78.699677,0.308675
3.440769,3.140666,11.917247,-5.624744,38.919025,70.120956,-1.237030
3.503380,2.563900,13.355068,-13.501163,107.218628,51.907227,0.049403
3.549670,3.002135,11.743333,-52.528069,154.509247,141.249039,0.288849
3.303949,3.199433,12.462098,-12.051670,52.474892,-37.572147,-1.223704
3.172022,2.833905,13.421142,75.318161,54.226002,75.238831,-0.299320
2.784876,3.276649,13.718378,12.441216,-13.812450,14.666283,1.164807
3.356951,3.811930,10.759217,-39.738640,24.358259,209.524521,-0.146021
3.151111,3.380801,11.808775,81.688499,-7.070515,-35.638927,-0.387282
3.287086,3.128983,13.485363,-1.898579,-2.876583,18.740534,-0.382888
3.010043,2.928239,13.234032,84.662430,49.567394,60.303253,0.618826
2.608014,3.218745,13.189712,-5.498951,-4.387302,117.970367,-0.291875
3.043049,2.784470,12.616015,35.733776,-20.951569,-56.096439,-0.351524
3.034422,3.108411,9.681787,130.577454,55.868225,23.425373,-0.280309
3.088924,3.154544,10.111248,89.759598,51.908661,-19.219292,0.133849
2.683533,2.799507,11.858366,-103.522766,-0.565350,-35.060162,0.562119
3.246808,3.591777,12.118143,99.870590,61.707504,81.588455,-1.212796
3.108593,3.035578,12.538322,70.111923,-19.198051,-73.909027,0.126270
3.151241,3.194866,14.468252,112.767426,102.715912,134.905182,0.044190
3.113478,3.184453,12.434107,9.302362,16.211452,-150.292496,-0.070258
3.461410,2.957947,13.832001,-12.249744,43.574390,-234.536285,0.289554
3.703502,2.983566,14.418294,1.345306,100.491135,87.004883,0.645003
3.296984,3.491776,12.615226,102.628670,95.938858,54.481476,-0.061701
3.305616,2.902984,12.421032,-87.868469,199.668701,-11.798214,0.206829
3.162085,3.054655,15.257086,122.036003,45.098782,170.763779,0.455832
3.051929,2.834662,12.675920,-119.061356,-15.195229,156.441360,-0.518817
3.127228,3.086099,13.582868,7.850599,44.384617,219.635056,-0.096250
3.656391,2.691527,12.049411,53.354801,111.613380,225.600937,0.131027
3.172854,3.370384,10.793030,99.776794,24.901920,-13.567585,1.122308
2.938800,3.369614,13.203074,5.779284,40.802513,163.222855,-0.046346
3.241321,2.952257,12.223676,28.230886,33.251842,48.787640,0.442049
3.178757,3.323400,10.535851,81.374161,23.875736,-45.102421,0.121640
3.381011,3.059938,12.453240,24.467230,69.479149,237.282486,-0.312063
3.473500,2.942419,14.144116,57.339691,64.352356,-76.843750,0.106400
3.408199,3.091196,12.274674,16.636370,26.628654,29.390644,-0.199565
3.393695,3.639242,13.478578,170.827209,23.655598,74.826469,-0.405358
3.421586,3.482094,13.134344,37.729893,15.823643,239.129944,0.191906
3.064770,3.509035,12.198197,-26.433235,61.111954,35.073753,-0.558099
2.503622,3.033287,13.333595,0.644720,58.026169,-29.697201,0.985689
3.498876,2.755308,13.207776,117.871925,89.376816,-41.838810,0.348915
3.292857,2.933546,11.628961,6.353426,132.759033,242.793076,0.269131
3.522022,2.880351,15.728668,-57.989059,152.729446,9.385918,-0.060853
3.122744,2.915004,13.537823,-99.757462,77.864021,99.962616,-0.669034
3.419482,3.078632,13.297717,0.216167,-8.109879,-37.399708,-0.098093
2.905136,3.719658,9.901045,77.099579,16.777901,33.934906,0.272741
3.258094,2.810466,12.079538,196.087692,17.877399,97.530457,0.283560
2.887819,3.225539,13.272631,140.021912,-5.794044,36.512810,-0.502632
3.389972,2.872990,13.354712,-58.960121,47.324936,48.915218,-0.310975
3.853969,3.427706,10.524666,27.678701,87.525795,-23.617973,-0.693896
3.017208,3.607965,13.307264,-58.796364,61.555271,-76.325668,-0.150421
3.139097,3.085169,11.674638,75.001152,-10.812611,57.424065,-0.046950
3.075561,3.174199,14.422002,97.322777,54.707756,-13.930138,-0.191781
3.420614,3.487861,12.560211,58.368774,37.894093,155.442947,-0.456363
3.402471,3.228877,12.041021,58.160950,62.063656,120.651474,-0.628978
3.244997,3.605524,13.135824,-1.445724,-1.068054,219.279587,0.097554
3.474938,3.216611,14.825129,199.468628,85.718750,-42.079243,0.028037
3.348538,2.978754,13.969625,-6.246098,23.688742,-82.123322,-0.547333
2.954979,3.606184,10.960023,35.468987,28.915192,0.604603,-0.962843
2.991941,3.435685,12.365430,-160.784058,77.728134,77.662262,1.142174
3.070418,3.015085,11.283770,-67.930962,32.997673,24.081980,-0.604723
3.010420,2.813647,12.740438,-85.276993,180.494904,-41.924213,-0.237400
3.061259,3.582381,11.473823,20.188292,-14.666264,-52.861172,0.384471
2.878975,2.599564,10.856575,92.404434,-25.015800,89.658394,-0.076526
3.001666,2.953746,14.473219,-67.178780,-69.848213,-45.249660,-0.914531
3.500419,2.664424,16.945679,-80.379593,94.878998,16.453711,-0.573536
3.160707,2.942045,13.679024,-112.536514,17.283611,107.729401,-0.666960
3.649686,2.998421,10.585413,69.939156,-53.319221,92.470131,-0.254569
2.929195,3.301845,11.702508,125.487686,39.324112,-43.268314,-0.298276
3.176062,3.195287,11.848210,142.263931,0.259674,155.279099,0.361610
3.243677,3.413550,12.166008,14.572420,31.456181,43.730957,0.963045
3.222049,3.331809,12.541514,10.811886,84.504227,37.944992,0.211088
2.723494,2.812912,13.233472,-16.888817,39.644852,111.480499,1.303894
3.805261,3.188373,11.910391,-99.493088,36.461304,-26.711617,0.138513
3.331681,3.117479,13.079390,134.192047,51.050320,3.770931,-0.007052
2.639848,3.798561,11.199359,9.184252,83.521088,50.085152,-0.363762
2.821780,3.178002,12.337790,138.134094,23.267904,94.686356,0.555306
3.158791,3.398392,10.018539,13.225733,76.307152,43.801487,0.055238
2.824059,2.860929,12.915664,2.200909,43.654644,-57.992229,-0.773286
2.942029,2.803180,12.951161,48.696480,68.844238,-189.605545,-0.200467
3.415092,3.628674,14.141911,57.897869,33.049057,-58.053677,0.102849
3.191589,3.023979,12.140236,42.419689,52.991421,3.504612,-0.913381
3.560645,3.067121,10.197657,15.360380,53.435062,94.118500,0.057739
3.628744,2.991842,12.661746,36.566414,64.247719,-91.487213,-0.125327
3.384982,3.395656,13.103410,-15.501694,-67.954903,38.004936,0.491334
3.426918,3.198519,11.352557,59.088680,76.135422,57.441998,0.399633
3.144040,2.566698,11.082414,81.129059,73.191574,155.242584,1.083325
4.065506,2.788056,10.828810,12.492926,40.878578,175.005707,0.474495
2.741124,3.165236,12.254275,-89.480721,95.300064,35.932003,-0.211957
3.306024,3.198040,11.155722,-9.008053,163.447357,-111.871674,0.289170
3.134147,3.380180,11.321826,-52.838638,-10.381443,-7.421318,-0.218431
3.463026,3.291289,12.236574,56.382767,57.040203,35.289867,-0.017159
3.078090,3.113015,14.999552,13.912350,-46.685974,27.671083,-0.659260
3.142442,3.248106,13.395330,29.744268,93.210739,56.341381,-0.017773
3.176090,2.464694,14.458467,6.964397,163.359436,-30.890148,-0.272570
2.948738,2.665166,9.630270,0.129852,105.759109,77.928375,0.433141
2.712910,2.600616,13.085308,15.483755,21.186348,132.458206,-1.496701
3.278637,3.151750,10.991182,-79.787254,22.100143,23.178177,-0.725200
3.128770,3.173858,11.808729,-24.373310,-36.262909,139.333817,0.424421
3.059315,2.867151,12.034751,-19.153355,138.376556,35.461937,0.717986
2.989535,3.259797,14.152708,11.836658,45.443546,115.996964,0.401115
3.157408,3.568822,14.210429,34.224346,-72.693466,153.663834,-0.112273
3.572457,2.809718,13.152205,42.312592,66.312004,-20.548225,0.254942
3.517982,3.204884,14.176336,40.238674,104.225784,40.412231,0.069053
3.302929,2.994001,11.780940,27.151438,-6.989178,21.843334,-1.151659
3.294192,3.382604,11.374457,8.528706,97.777145,183.988266,-0.275006
3.248621,3.808897,14.113534,-51.017044,-24.563950,164.184280,0.764583
3.405011,2.937598,11.492106,-19.447430,44.334953,-79.144547,0.833802
2.585718,2.735589,13.460252,39.537552,77.233986,157.145844,1.286746
2.948734,2.611245,13.795250,-20.567165,77.751831,-72.581268,-0.228472
2.851886,3.101577,13.043275,8.038210,46.906921,-109.040848,-0.427289
3.178030,3.680131,14.198645,59.470089,66.324791,26.770237,0.221405
2.743921,3.395200,12.751366,12.858339,31.574230,-37.737080,-0.771862
3.184686,3.151874,9.879392,129.444366,103.076141,128.410477,-0.269120
3.135784,3.395844,12.705251,-10.667309,75.994949,-76.874908,0.909056
2.822079,2.904603,12.585483,70.617218,46.886429,-97.020584,1.489913
2.961769,3.565196,12.442343,70.014297,87.020782,-6.634857,-1.321118
3.100458,3.562322,12.829096,75.812325,-17.631844,27.400391,0.275912
2.629887,2.915273,11.750063,-57.828270,34.436207,-48.161808,1.021319
3.994777,3.459301,11.645747,163.258698,95.060333,78.238258,-0.831793
2.982809,2.877379,12.226287,61.355980,43.136173,24.321280,0.122333
3.352966,3.285071,12.432784,-31.540974,43.377357,60.810139,-0.067366
2.723166,3.324065,12.268494,-29.930698,63.052834,68.409760,-0.126490
3.240062,3.290159,14.757499,122.579750,72.148773,-164.402802,0.628590
2.454470,2.977739,13.018682,2.037645,-8.029247,116.522385,-0.004814
3.028657,3.126232,13.626692,16.641026,11.699379,5.426983,0.622451
2.664469,3.096729,14.089659,69.400574,85.343781,-142.460526,-0.162607
2.864594,3.288167,12.856168,-7.962543,91.270721,65.202576,0.759951
3.101607,2.917010,13.276155,97.292168,60.733959,-45.907475,0.233385
2.889048,3.378631,12.404419,-23.063725,106.215675,174.269943,0.091202
3.128933,3.113456,10.988238,103.336403,77.269516,70.468498,0.072997
2.819999,3.622038,12.393327,76.553566,5.106426,122.686783,-0.455299
2.990132,3.318033,11.742989,48.474693,-16.879463,80.789169,0.060767
3.128390,2.984375,12.006983,-4.281246,98.251511,-16.755592,-0.643676
3.655927,2.953907,12.590394,77.794273,21.150248,-10.647392,0.038137
3.115567,2.710455,14.641559,48.195358,106.133850,8.984327,0.065616
3.077131,2.776050,13.854671,42.092667,-16.771179,129.442062,-0.786102
2.715502,3.303290,14.198500,47.559345,129.105072,102.880478,-0.258875
3.142016,3.060790,13.752370,42.413010,-43.980423,-164.017776,0.315025
3.453701,3.245611,13.845185,111.289963,29.352301,59.146790,-0.301097
3.243095,3.487728,12.023992,92.745529,31.240009,-30.879208,0.595246
2.854060,3.386920,14.314042,-0.127705,67.142265,-7.795139,-0.497812
3.524646,3.221464,14.556067,-14.780384,129.293320,92.584885,-0.591668
2.632410,3.417334,12.332007,-27.772293,79.523621,39.136093,-0.563035
3.146015,2.613738,13.249579,23.411573,83.863945,7.667320,0.119421
2.869963,2.696088,10.675272,56.659100,109.254303,17.075890,-0.180212
3.338702,3.000818,12.600602,44.223286,50.984367,51.727417,-0.898453
3.499269,3.020745,14.741563,-80.558289,86.835587,-137.377014,-0.273349
3.381853,3.285164,12.474165,78.045975,86.349045,12.616808,0.491821
3.022584,2.753569,15.053585,51.096142,56.153217,241.471863,0.702867
3.089539,2.767930,14.044845,2.352583,45.481850,127.277756,0.851353
2.833292,3.036952,12.100337,-37.855751,26.899534,79.699562,0.384136
3.284173,3.467266,13.173943,-10.455746,62.738277,59.231007,-0.472660
3.440298,3.471870,13.808577,20.234505,26.819405,176.913589,0.248162
2.757468,3.212178,10.760378,14.702816,34.196415,-37.341465,-0.132298
3.119499,3.208996,12.480608,20.424225,-2.527714,-70.992645,-0.671543
2.824438,3.251649,13.237843,58.574696,42.527157,88.686157,-0.495634
2.913117,2.758190,11.892394,45.826622,9.746017,19.834839,0.528835
3.706416,3.525881,12.420843,-1.703606,-7.342556,83.361504,0.065516
2.708269,3.292377,13.861882,154.214050,47.676819,-61.355556,-0.237344
3.382246,3.066841,13.558576,-115.542023,73.234650,-28.152355,0.238502
3.094806,2.971352,9.656668,9.573719,99.297104,-110.858475,0.544558
3.248485,3.894376,9.995398,58.557945,43.865509,-136.470428,-0.156236
3.259328,3.104947,12.539603,28.697920,33.712971,114.460953,0.298532
2.724964,3.015388,10.637535,-7.408398,8.985157,-125.664551,0.055157
3.162571,3.038413,13.479681,23.922527,53.802872,208.025879,-0.097739
2.743763,3.011343,11.632852,-35.043968,-7.497765,158.634415,-0.495554
3.580117,3.095595,11.335985,-5.964466,76.747337,28.985519,0.532261
3.677508,3.007888,11.071099,124.925102,110.108475,111.741806,-0.584164
2.978719,2.777216,13.586641,-1.905190,76.975845,175.060928,0.776602
3.103663,3.407335,11.898640,1.721651,60.790863,126.008347,0.011582
2.495180,2.781200,14.952170,169.501312,18.218010,-6.586002,0.051929
2.997265,3.729257,11.426439,-6.568455,39.330673,189.362228,-0.048802
3.225154,3.073192,13.184361,51.936337,-22.634529,-75.503738,-0.523234
3.053507,3.078229,13.228498,60.413979,52.694328,147.932587,0.000624
2.885538,3.096906,12.246263,23.037102,81.138855,-16.007179,0.259744
2.968011,2.817418,14.212594,3.344456,87.681946,156.304581,-0.425062
2.918556,2.995431,13.933854,74.136215,112.220367,91.195068,-0.570441
2.917944,3.373186,13.144192,63.372784,106.587563,-7.092033,-0.104760
3.592644,2.753713,12.293392,-1.966114,52.541374,-23.090206,-0.092237
3.350310,3.658900,13.460756,10.275946,25.321764,175.096710,0.422394
2.882861,2.739928,12.603727,15.361330,56.704571,140.234756,0.798907
3.226148,3.089614,11.056856,34.309666,98.594490,-4.358364,0.091727
2.994788,3.572100,13.220884,4.290794,95.674683,17.893854,-0.060885
3.541512,3.166049,12.038057,108.638924,77.587936,35.892521,0.632757
2.382744,2.865438,11.303847,-20.531757,25.051188,23.866428,0.220284
3.054091,3.559692,10.850663,158.414841,102.854553,207.307922,-0.343205
2.689110,3.252466,10.903731,100.067886,69.863327,-0.189327,0.325316
2.962744,3.341237,13.588837,31.665230,94.173676,14.045074,-0.127118
2.949322,3.385654,12.166071,-88.930649,63.578964,180.278687,-0.142760
3.382865,3.725365,11.324707,58.116486,67.054871,110.196320,0.477177
3.063026,3.329910,12.206738,-50.070816,48.436981,-116.840363,0.625097
3.118762,3.225776,10.637749,-102.671509,102.096954,59.355251,0.705854
2.948695,3.349888,13.866601,50.207558,-10.602215,293.687897,0.358743
3.005164,3.280862,12.514258,72.555298,32.487789,-35.783443,-0.168132
3.113251,2.956415,11.709494,34.218975,35.850525,-13.611454,1.165700
2.475019,2.696824,11.583533,86.710625,4.431229,-222.102875,0.169431
3.234961,2.905887,11.813124,-26.475163,39.709309,137.926727,-0.198724
3.286532,3.142611,13.414706,-91.288666,56.580635,16.839102,-0.519165
3.074570,3.210749,13.910849,-28.502205,64.919540,120.370789,0.010705
2.879737,2.679921,12.684472,-76.991638,17.385483,2.443501,-0.548021
3.245036,2.980144,13.665339,2.523842,45.931416,14.018646,0.854231
3.211203,3.107163,12.636148,-4.218094,35.851120,88.103149,0.140908
3.076122,2.982790,12.444661,-13.318077,79.438843,48.510372,-0.361423
3.092348,3.804719,10.535842,-0.719910,78.641655,94.143867,0.248756
2.927492,2.793045,11.262910,44.661476,-59.484650,58.317665,-0.527815
3.513552,2.815397,11.667321,-60.306198,39.199287,54.808224,-0.578396
3.584885,2.929582,13.709934,114.417328,65.366356,4.793049,-0.144786
3.545712,2.881952,13.060235,-8.463959,86.201981,215.135757,0.535708
3.316790,2.776730,12.707825,89.162704,122.224869,98.073822,-1.017336
2.753279,3.560873,12.975653,111.427711,97.133858,-138.614059,0.158401
3.497049,2.680738,11.479888,5.843012,69.434616,-34.270885,-1.000779
3.208955,3.205651,10.652196,3.165665,-3.892555,-113.434280,0.065338
3.440240,2.946719,12.494444,62.340046,87.626053,15.536907,0.303663
3.213510,2.928467,11.042731,67.459167,75.998093,96.171158,0.331456
3.639511,2.980603,14.863267,46.254818,6.715569,28.878380,0.448516
3.311979,2.920502,12.075099,-91.980232,63.769875,105.687744,-0.082203
3.476370,3.380836,15.973847,96.911110,-18.030312,150.552887,-0.749963
3.093994,3.259970,11.101242,146.765671,-15.865005,-91.454315,0.267628
3.942843,3.445554,13.406182,10.465727,91.621964,112.376068,-0.391612
3.360284,2.790004,12.363803,-103.303375,60.399731,50.807373,-0.058403
3.244641,3.079478,13.202245,99.661072,-7.252651,18.611681,-0.590889
3.232299,3.541310,14.342063,24.089365,118.709793,21.409559,-0.114995
3.530675,3.447353,11.076303,-30.398182,60.203011,-43.723606,0.193050
2.382728,3.171491,14.303423,-29.201157,89.178802,79.079788,0.178182
2.957391,2.679226,12.544971,112.301849,-18.929306,159.212097,-0.554770
3.238780,3.896305,13.200044,-64.802696,95.106018,238.208176,-0.585873
2.996784,3.183844,11.775725,-77.351006,-3.818783,0.503563,0.003011
3.316420,3.272685,12.114045,10.325308,122.022522,180.641464,0.307678
3.621875,3.243304,13.408325,25.400957,128.595184,104.599030,0.757108
3.469874,3.058710,12.269955,-21.476414,75.278572,-13.610703,0.250250
3.512831,3.216890,10.459703,-78.231339,10.828442,-87.495956,0.238198
3.122203,3.189513,14.240054,-6.577953,8.337032,-10.029545,-0.130702
3.566588,3.183105,13.440483,-17.111797,60.671299,57.124100,0.092977
3.203227,2.881084,11.893311,-53.997116,131.431366,0.236992,0.554190
3.091379,3.420410,13.390174,112.095169,-7.860405,82.699112,0.068862
3.281909,2.974140,14.542377,-55.225983,84.661476,4.007774,0.530561
2.576675,3.021395,11.803742,-44.505936,22.857630,126.573288,1.081862
3.127555,3.015495,14.048425,31.574686,130.922638,11.701632,-0.803162
3.043127,3.537106,12.050755,93.893501,31.022156,16.658777,0.469702
2.968076,3.546973,14.925354,68.037857,-24.185181,58.016972,0.297465
3.090184,2.826164,14.184060,39.336372,-4.199379,-109.194809,-0.441160
2.925387,3.055820,10.910065,80.047501,54.026115,146.317841,-0.170000
2.815504,2.837305,9.868145,207.377747,142.770508,-76.342682,0.440322
2.552287,3.625735,11.503609,139.797455,32.778645,-139.198959,0.153653
2.534069,3.318128,11.733013,-11.248791,-13.260151,129.788406,0.190381
3.184052,3.226481,12.438201,-57.699104,-31.968857,110.804672,-0.616480
3.180171,3.079809,11.312538,29.818192,44.164680,82.531754,0.198592
3.297053,3.377172,12.607842,49.245827,58.311115,21.220423,-0.172838
3.195019,3.013098,14.075027,13.071854,-8.900620,51.459175,0.568279
2.417720,2.624647,12.377568,57.561539,42.027481,60.869755,0.439278
2.766978,3.059856,11.919134,41.162689,75.226059,241.914062,-0.352880
3.453545,3.499765,10.094981,58.545559,10.836067,-248.330109,0.230364
3.132464,3.106915,13.090330,-96.838799,-9.798721,-3.801308,0.425366
2.767289,3.138990,12.798002,-78.468605,121.824524,43.317200,0.140467
2.770403,2.572914,12.565978,5.730762,62.245506,134.629456,-0.941952
2.881984,3.075295,10.536880,48.702507,69.100052,-50.372196,0.432105
2.548472,3.589448,11.287847,66.196823,82.592468,-48.609547,-0.975803
3.302505,3.352250,12.894547,55.523998,109.901237,-25.274719,0.689060
2.479595,2.900403,12.386442,46.123920,106.509003,70.878670,-0.400542
3.129319,2.866395,10.279984,-130.009354,132.659790,17.950216,-0.061713
2.983113,3.319774,11.257064,55.876694,103.059174,-2.219162,0.199691
3.857660,3.098315,13.397031,25.324169,17.510206,8.729706,0.375774
3.515609,3.457712,12.271287,39.852745,66.596100,-125.363281,0.326924
2.915949,3.061498,13.496411,12.302849,56.849129,-21.510494,-0.637160
2.499197,3.142004,9.630274,-147.304016,-11.908325,111.918549,-0.888523
2.790467,2.838662,14.025725,19.890139,167.698212,-49.177670,-0.013242
2.932976,3.273714,10.686660,10.398563,104.007172,110.096725,0.077822
3.159877,2.823575,13.116133,190.633179,22.054905,2.212341,-0.161576
3.052250,3.502754,13.225647,1.106503,-27.421181,38.924454,-0.498556
3.408720,3.657226,12.496700,60.087364,29.246088,20.355452,0.667133
3.407643,2.909011,12.715647,22.093220,104.469986,-70.231033,-0.481916
3.168022,3.631342,13.816474,14.714830,151.233917,113.043488,0.603835
3.350625,2.847997,11.732824,37.236286,75.709351,65.422256,0.600290
3.007952,2.856082,10.528492,67.251236,166.970306,-17.823872,0.042236
2.792368,3.156881,9.955325,-47.819817,76.254166,35.050728,0.639325
3.030897,3.358253,11.045766,72.733490,3.903324,13.544647,0.424773
2.984154,2.977501,11.803066,138.303391,67.912285,-102.937958,-0.533175
3.374748,3.247624,13.540631,-7.044605,84.221329,6.916056,0.378423
3.332526,3.147712,12.403537,98.879936,7.790146,33.187737,0.195630
3.272308,3.027711,14.260120,90.253799,103.135361,101.154297,0.221015
3.707886,3.278176,11.050400,60.413078,46.385666,10.477617,0.384992
3.250235,3.509577,12.940617,-29.223114,-40.889099,12.530687,-0.135952
3.775436,3.348130,12.035332,55.743668,47.065311,118.394852,-0.781308
3.399014,2.968464,11.383029,35.440189,39.827644,-46.391827,0.012266
3.110906,3.184568,11.427340,54.268669,-10.950974,-101.590759,-0.336163
2.731526,2.154781,15.697358,149.049667,27.388403,23.403782,-0.029065
2.997368,2.974590,12.212667,92.530441,36.556366,168.036972,-0.042918
3.251767,2.833389,13.328671,-19.163010,-72.800926,30.837606,-0.199628
3.041190,3.269051,10.278625,-38.083557,148.578171,67.278038,0.324110
3.351918,2.709341,11.949384,37.864090,33.824631,101.831390,-0.703398
3.323554,3.130198,11.773073,85.842567,13.907127,114.752914,0.052933
2.797400,3.349725,10.666279,55.527855,62.430470,25.268002,0.756194
2.920850,2.599984,14.029426,69.479500,75.504356,-42.367817,0.325063
2.910699,3.356738,13.297187,48.349426,109.955368,-3.303452,-0.245993
3.210721,2.851870,12.657254,80.578751,53.540413,30.949017,-0.665962
3.779640,2.831744,12.872517,5.847187,75.551582,-90.461639,0.514000
3.445935,2.892468,12.880258,47.516815,118.862251,195.634613,-0.292347
3.352744,3.133211,11.322268,5.273478,62.680153,-153.689117,0.422711
3.337200,2.915843,10.327579,-21.438248,27.211205,-0.404457,0.222435
3.518001,3.538870,11.694566,33.397800,56.964211,130.335999,0.102690
3.582093,3.224271,13.270775,69.517349,64.435791,-89.543472,0.743952
3.141936,2.967659,12.759199,52.902412,89.049088,61.157543,0.151928
3.136134,3.027658,10.965999,12.170662,98.891167,-35.795048,-0.485746
3.805458,3.138375,11.537278,77.260101,87.038162,-23.783157,-0.451082
3.021441,2.567974,10.955094,4.607956,91.203003,114.740555,0.385793
3.059004,2.729744,12.678002,34.518047,89.132904,13.872442,0.238973
3.978108,3.277170,13.219872,48.444267,19.385632,-57.821568,1.745990
3.734852,3.097894,12.704212,77.056992,50.746712,79.162857,0.289624
2.939557,3.318673,15.270581,-92.949890,-18.468414,-72.478897,-0.001347
3.182950,2.750165,11.728594,-20.792377,48.016796,156.356247,-0.260890
3.371764,3.617193,11.380860,-53.707321,31.381977,-102.647507,0.074969
3.258574,2.788562,12.470114,60.284256,87.481522,34.272095,-0.346113
2.791037,3.499051,12.676062,-39.523010,9.130054,110.002777,0.096133
2.887137,3.484011,12.417702,74.128815,-2.304996,143.399155,0.746372
3.143777,3.096850,15.203577,100.914001,72.213440,-13.521423,-0.621741
3.386618,2.946696,12.358103,63.541153,-23.187447,-15.616344,-0.024441
3.337138,2.424526,10.728063,126.639679,20.951988,83.403694,0.229626
2.992427,2.967966,14.315300,45.281528,28.489717,-117.106979,0.024479
3.107406,3.086994,12.105104,3.536406,100.971893,100.723213,0.723266
3.161190,3.703169,12.456962,-89.731041,68.067024,11.833746,0.399476
3.079054,3.257645,11.482596,-14.913803,-1.295193,46.332390,-0.679335
3.572874,3.538496,11.832062,2.026585,39.202938,-48.728474,-0.322122
3.165032,2.676857,13.464434,91.555901,95.070343,-141.535736,0.516176
2.614228,3.264717,15.477516,-58.020706,4.612881,44.035042,0.122103
3.305686,3.000539,13.114563,151.059647,102.834717,51.200199,0.128666
3.165484,3.119805,10.638281,-17.757240,81.171745,98.656967,-0.973798
2.863227,3.552480,11.101051,65.790115,-18.371155,48.891472,-0.000455
3.015095,2.957721,12.349350,-21.323303,-25.723518,19.479166,0.781511
3.206447,2.566364,12.459467,133.744949,145.591064,59.181641,0.227543
3.100793,2.948448,12.962784,98.172195,63.582840,124.486786,1.097172
3.402286,3.496872,13.272772,32.642036,-14.305466,39.502380,-0.031342
2.996244,2.970528,11.786393,59.460506,6.295750,-134.056366,0.777572
3.068207,2.879524,12.710846,62.251060,79.804657,81.835785,-0.285485
3.060320,3.030849,11.585748,30.567402,24.526438,101.268967,0.977702
3.340384,3.199463,13.650146,-66.309235,75.449280,-103.185577,0.581021
3.735173,2.874899,14.034117,20.260269,116.907043,85.666718,-0.506517
3.495260,2.864830,14.418353,8.042633,37.010452,80.326248,-0.226581
3.259262,2.882146,13.228782,43.961182,-28.367798,145.252365,-0.278902
2.714228,3.592729,11.913556,105.570518,61.601273,-59.435291,0.067788
3.057758,2.709143,9.133970,8.925804,42.441097,146.592422,-0.610890
2.879540,3.079828,13.657566,121.722549,39.517006,97.732651,-0.665024
3.138865,3.270524,13.900826,86.391747,92.293373,58.999390,-0.278051
2.728254,3.148201,11.168792,98.862198,-33.179192,-2.805271,1.269053
3.141540,3.085058,10.461770,-26.507935,89.012054,57.376663,0.012363
3.182700,3.436350,13.905883,-34.097870,74.428818,28.069122,0.841924
2.919283,3.653815,14.046588,37.420586,90.375626,-20.154697,-0.151567
3.122748,3.336015,13.070137,10.063992,12.562565,130.820099,-0.466868
3.673161,3.328189,9.751447,108.173805,8.378403,158.431427,0.786657
2.739137,2.863188,12.182337,-5.873043,141.554565,-5.671165,0.087122
3.504608,2.999950,13.354193,44.482277,28.828335,82.268524,1.059719
3.241442,3.377041,12.385912,81.217911,-3.971352,-50.574055,0.034520
2.965983,3.151578,12.135456,-43.057137,96.409286,161.173752,-0.178426
3.021642,2.990446,10.678585,0.272417,94.102005,61.985912,0.487340
2.849958,2.803316,12.294528,71.345718,-41.303200,-29.857334,-0.311886
3.212425,3.310020,13.900324,44.192276,37.626198,0.202831,0.451573
2.845985,3.140620,13.660948,115.728516,32.139168,28.165720,-0.167527
3.221393,3.416294,10.497002,143.906540,1.274807,60.294369,0.426229
3.202477,3.241127,14.209432,-11.726475,6.758698,100.024017,-0.574768
2.805980,3.524861,11.904880,36.018478,52.615524,-80.103699,0.349648
3.180411,3.443339,10.812725,-80.227798,107.651070,85.088341,-0.099573
3.170185,3.477131,12.973893,10.401783,102.611618,56.392250,0.407875
3.524375,3.151686,13.328843,-10.081921,-22.171997,95.840919,-0.065742
3.118015,2.773179,14.046784,97.029549,47.607090,86.275970,-0.872784
3.386806,3.616136,13.045582,9.570583,56.094120,110.356125,-0.262986
3.285053,3.295550,11.816928,-63.381058,13.682564,39.241119,-0.517158
3.005594,3.236518,13.824396,-24.317280,95.395287,142.730270,0.568887
3.397592,3.287157,10.407872,31.561857,33.892010,208.005875,-0.874286
3.245394,3.013172,14.048143,40.900921,61.689236,-55.317059,1.155177
3.349154,3.410998,11.558252,44.522079,7.181023,-29.812183,0.092557
3.015971,3.088119,12.077954,-20.040066,38.829849,-13.626595,0.119735
3.590376,2.718099,12.703963,9.251371,-14.807777,-37.448025,0.054281
3.570437,3.210228,13.280455,18.626148,52.223721,144.656784,0.432979
3.227724,3.846123,11.716122,-10.784031,43.580544,369.108734,-0.097830
2.854304,3.229329,12.802410,65.132843,98.197906,149.953476,0.436964
2.760304,3.277988,13.090384,53.451435,78.954552,-100.364197,0.497182
2.790385,2.955129,13.149328,73.831665,106.551979,-20.945282,0.174215
2.918753,3.634058,13.206234,64.017235,75.532364,-62.746075,-0.957312
3.000714,2.919113,11.566457,35.111885,72.007423,-52.139500,0.442949
2.945543,3.233567,12.237398,-29.373375,-32.110901,14.194321,0.109248
3.523633,2.821490,12.438991,-66.071518,192.724426,49.123291,0.033381
2.945371,2.846003,10.499815,-15.609779,32.785866,102.171356,0.110389
3.282034,3.232355,15.091443,33.684410,102.701790,202.983826,0.780923
2.817601,3.032779,11.769167,-37.191635,99.459564,-117.557495,-0.021081
2.876452,3.726410,12.571257,-49.374504,-19.238510,-33.246494,0.279533
3.577948,3.160432,11.738492,-51.682846,110.028656,92.940094,-0.551389
2.815097,2.606631,10.781704,14.599970,-31.859558,93.076950,-0.495462
3.601869,3.764234,15.309980,114.255280,-57.246071,51.147442,0.485474
3.155365,2.920002,12.405594,-11.896446,0.669617,15.009459,-0.734343
3.056764,3.258005,10.716274,-13.296429,53.667877,61.404873,0.104909
3.245292,3.183493,12.849597,-31.368607,130.826767,205.387085,0.329104
3.168894,2.964727,11.845800,-59.773232,47.680321,0.132011,-0.348353
3.406044,2.871015,13.758183,69.251709,11.788593,211.459442,0.026895
3.073132,2.936254,13.701663,83.354248,114.064995,-120.539993,-0.471667
3.172322,3.172872,11.656750,-0.627085,-65.507523,133.828644,0.182271
3.477988,3.256643,13.378149,18.180252,12.547588,11.249664,-0.162297
3.617126,3.271364,12.724424,21.849030,50.804340,116.708923,0.175515
3.120819,3.052450,11.535404,71.140228,34.189720,28.688332,-0.032701
3.477950,3.266567,10.162300,-18.019325,30.786102,102.520340,-0.084907
3.224654,3.209055,12.134073,183.707214,41.557327,38.955452,0.194881
3.475896,3.503045,12.615177,-73.736191,-4.723000,38.398212,0.973068
3.011930,2.311138,12.304010,40.966675,61.511795,118.745361,-0.296626
2.874865,2.556815,10.341875,-25.590618,66.100761,-165.086609,-0.420025
2.907491,3.190009,11.458915,-18.087040,23.004807,12.476471,-0.197659
2.900280,2.813521,13.934205,-28.632328,69.308014,97.620079,1.135357
3.341262,2.791525,10.682017,15.664425,11.439331,101.299026,-0.401070
3.077163,3.500979,13.494921,42.658043,25.429211,14.067669,-0.276906
2.983604,3.292470,16.015005,49.007256,179.864594,244.132248,-0.361255
3.095695,2.841695,8.682714,-6.819130,39.235718,-28.446033,-0.327656
2.647389,3.335882,12.379661,-9.815891,-33.135399,79.098488,0.246086
2.894745,2.992060,12.376377,130.518219,70.571571,-161.761200,0.258865
3.140148,3.772951,12.352522,127.451004,57.553295,-61.280186,0.421957
3.243113,3.106798,11.032588,-87.356285,58.174759,47.743481,0.611458
3.002234,2.947694,10.299747,95.475281,108.377396,40.965694,-0.234410
3.593123,3.587483,10.405878,109.078201,21.017134,76.346085,0.502994
3.082377,2.675788,10.238779,79.612335,34.710148,-6.889008,-0.912874
2.969402,3.092630,15.022948,-13.701656,-26.188454,-6.188408,-0.520505
3.090939,3.328863,12.137752,-124.109955,8.091919,92.465248,0.825917
3.393432,3.219377,10.495388,51.911102,8.713520,150.585648,0.768195
3.115998,3.580266,12.347593,84.380402,37.508125,126.209808,0.309677
2.978280,3.361537,11.949217,79.813362,19.994188,-15.969105,0.190298
3.553999,2.824005,10.857780,-38.381134,4.630951,-39.259747,0.016887
2.671998,2.861689,12.475318,36.870655,138.562347,35.294601,-0.785073
3.153836,3.167263,9.394170,-39.898949,-1.380894,55.218601,0.076748
2.518914,3.543257,13.513528,55.437500,115.532341,148.000610,-0.133183
3.526968,2.784529,14.418422,-14.946053,36.951332,130.145508,-0.511416
3.249344,3.588464,11.147347,69.980698,-19.437950,-25.443115,0.633614
2.636806,2.730040,12.660638,-34.410736,7.136089,85.946335,-0.148090
3.073468,3.164163,10.899097,116.793839,116.359741,-38.086681,0.534898
3.296263,3.123577,11.364843,-16.242264,-5.904999,128.957047,-0.000266
3.649640,2.720952,12.068011,89.886139,41.521313,-28.996937,0.228787
3.124904,3.399046,10.212202,-57.808662,71.896805,192.775238,-0.237236
3.299891,2.988734,12.802980,-20.126316,93.488617,69.419807,-0.141222
3.368347,3.113634,13.441711,106.441437,115.053360,38.091297,0.605277
2.891372,3.144083,10.560957,-29.324291,-3.537056,46.940544,-0.410167
2.887133,3.583605,11.706687,140.950806,122.705338,-49.792843,-0.251549
3.608491,3.879556,13.395231,123.249901,134.753265,120.469299,-0.426812
3.190620,3.201675,12.073612,10.673246,63.881561,-1.609539,0.211198
3.386560,2.711102,12.409707,18.487900,10.852173,-19.900288,0.786785
3.045608,3.363445,10.619164,37.627541,71.210991,135.475159,0.542435
2.945339,3.463743,13.497105,-38.964363,56.737263,-65.926498,-0.213531
3.288008,3.291484,13.501019,-20.446980,-17.834023,42.839661,0.499238
3.133092,2.827376,14.120986,110.512726,65.016624,-80.752686,0.460089
3.180025,2.882495,13.092450,-12.256123,82.050400,36.080196,-0.161095
2.821896,3.129733,11.148456,161.595032,74.234268,91.130211,-0.075920
2.989619,3.667806,13.286767,29.956160,49.864494,58.438156,1.182832
2.729558,3.152514,13.380091,21.610073,44.662804,-86.309372,-0.362404
3.076289,2.891672,12.317155,-71.464149,139.180389,-27.454998,-0.678297
2.947949,3.069936,13.654774,84.013290,132.723602,131.667984,1.095923
2.683423,3.042233,12.377924,2.563974,64.568344,-142.086655,-0.239646
2.585820,3.080507,12.645953,79.993103,41.161182,118.390167,-0.146169
3.153903,3.555453,13.762465,48.626030,74.161659,33.331944,-0.178160
3.725700,3.443192,11.310864,24.255089,42.457756,76.244644,0.249606
2.988969,4.052450,10.799315,31.480377,-11.785000,-0.224541,0.436754
3.165546,3.008148,12.163110,-26.752842,51.296734,110.122238,-0.300951
2.496176,3.074921,12.542588,-47.422119,-57.259468,172.600632,-0.121582
3.263737,3.445151,14.031921,16.407356,26.349922,42.977116,0.535333
3.718726,2.953016,14.547438,23.931793,34.917831,-19.371735,0.159851
3.307945,3.226854,10.815302,-79.843704,24.605101,44.835396,0.192621
2.833494,3.299557,13.185224,92.039871,101.030594,-98.872986,-0.743280
2.655458,2.816578,9.446483,55.973763,-53.937035,-114.134384,0.721115
3.079866,3.178897,12.391287,-25.347740,79.003540,240.900650,0.246730
3.551717,3.526731,11.032641,92.244698,96.176422,39.321014,0.423598
3.468759,3.165957,12.123768,11.578150,58.620579,69.136429,-0.167409
3.018836,3.417162,13.410216,74.704468,21.641615,198.929398,-0.381032
3.307750,3.573873,11.241275,65.760880,77.038681,-3.989681,-0.157655
2.636794,2.934822,11.974045,63.107128,143.047791,22.688381,0.063526
3.211026,2.809070,12.367848,-30.895779,65.647110,22.050661,0.358169
3.087846,3.795239,13.960746,75.278191,-99.435844,160.429626,0.077483
2.787089,2.896151,12.515733,-56.130203,29.010614,76.006943,-0.099355
2.812466,2.570761,12.365610,-0.284473,54.886650,-94.716003,0.384594
3.849345,2.777666,10.516405,-79.502655,60.465294,56.062675,0.747772
2.829100,3.276977,13.147539,3.112255,-15.341057,78.488251,0.420187
3.288470,3.333209,12.205875,24.187492,101.161903,74.603226,-0.536437
3.102840,2.699003,12.011250,4.500288,18.481956,-27.772129,0.459076
3.446819,3.337468,15.149608,161.034988,37.544979,-100.173248,0.623767
3.579594,3.299696,12.687510,-43.949348,32.174843,-160.746780,0.917012
3.512460,3.531795,12.634837,32.261463,117.427803,36.046505,-0.034639
3.207716,3.961476,11.523377,-51.858147,31.001503,-125.222977,-0.257730
3.186381,2.937527,12.382799,78.377937,-35.896248,129.594040,-0.526156
2.743869,2.987208,10.977919,138.953445,60.473785,142.828201,-0.014835
3.379174,2.663815,13.063326,16.698421,-21.146172,92.760788,0.058109
3.423511,2.765016,13.426320,23.944237,89.281349,-81.653152,0.392000
3.351787,3.585859,11.075344,117.691963,94.994461,0.313000,0.806706
3.335497,2.773204,14.282700,71.533493,46.065170,150.086014,-0.011107
2.996551,3.141814,12.471786,45.605331,93.288177,102.239502,0.104715
3.205800,3.563531,13.762823,19.777294,102.655060,-104.486069,-0.351997
3.296781,2.380972,10.553061,30.661785,133.583252,-68.126282,0.505966
3.084225,3.409369,9.878700,26.937889,1.880165,-132.448227,0.725346
3.071913,2.810388,11.651540,-54.318390,25.648653,-14.790470,-0.577821
3.486786,3.238554,13.183292,-86.649422,30.171505,98.483032,0.078367
2.919484,3.050665,10.414318,40.405746,34.930019,-198.597153,-0.296160
3.160684,3.118780,13.368217,-85.305840,130.156403,-10.916885,-0.287111
3.542568,3.195704,12.754513,102.574318,32.021503,98.678467,0.154968
3.297809,3.560419,15.664033,93.733368,67.704018,141.680557,0.579726
2.911684,3.380202,12.183090,27.030081,62.533516,73.439461,-0.327894
3.126828,3.233296,10.425959,-31.004852,11.203922,-137.065842,-0.244960
3.407856,3.402684,11.825014,-9.761238,141.591187,-18.149284,0.016390
3.428694,3.518742,13.774836,-41.287834,-3.448540,-103.751907,0.154998
3.087525,3.644238,12.915947,4.857950,49.307903,-49.679180,0.239212
3.153301,3.620930,13.879199,103.929565,105.455727,-72.238113,0.446138
2.884213,2.557585,11.837879,101.870667,35.085762,-113.394455,0.618108
3.246752,2.855060,13.568403,42.985859,35.689220,138.331406,-0.593183
3.082412,3.235436,12.662028,-40.295319,101.147827,138.427216,1.061668
4.100266,3.231659,13.901564,105.484253,72.996109,-15.706097,0.188164
2.681663,3.526223,11.395181,-4.817844,8.666935,-138.384811,-0.058381
3.103371,3.280043,11.618223,21.235394,94.939507,12.674866,-0.634134
3.166832,3.312325,14.163674,83.158447,44.224819,-28.461666,-0.141721
2.888817,2.820560,12.539183,148.217209,128.150787,84.676704,-0.927500
2.658815,3.461484,12.365382,-20.642517,83.443680,-61.194805,-0.575686
2.820372,3.147556,11.162260,53.401173,21.764875,89.189125,-0.964964
3.163607,2.788391,11.610579,110.511536,49.590397,365.489838,0.124018
2.928421,3.105823,11.913978,54.405884,47.416710,35.691193,-0.485724
3.125834,3.112443,14.173136,25.543224,102.473877,93.248413,-0.055888
3.305251,2.963832,13.059195,-19.276436,81.013397,99.489471,0.239123
2.385114,3.308309,11.712009,-48.081970,92.762085,214.255539,0.038642
3.012259,2.667930,15.357352,-20.435650,28.823244,-51.886349,-0.216171
3.294567,3.187436,10.839891,-62.403236,-34.858856,65.634094,-0.583465
3.610093,2.803257,12.678887,-100.546600,113.125069,53.067707,1.105681
3.828378,2.711396,13.136393,54.111855,38.291355,-90.452835,-0.734349
3.079951,3.262604,13.017047,6.497948,69.678268,74.662071,-0.246298
3.739911,3.161734,12.633406,47.139938,24.658630,34.503254,0.725533
3.238051,2.915878,13.314661,-25.258251,25.736822,76.529358,0.589841
2.946290,2.789917,11.873852,24.522825,84.634125,52.814987,0.299183
3.669863,2.830695,13.654652,-23.782494,139.404358,-18.646713,-0.006748
2.889362,3.680235,13.130651,121.693138,32.414482,196.526978,0.202918
3.526121,3.286783,11.065697,122.829613,96.285324,167.009674,0.021531
3.720477,3.175807,10.682171,-18.175499,34.728344,59.677193,-0.042594
3.074358,2.883066,13.367134,124.808617,135.004333,194.882858,0.554426
3.069897,3.118762,12.371650,80.186249,71.385216,34.760651,0.306150
3.269419,3.428596,12.539706,16.122051,55.073982,-156.407333,0.584066
3.616617,3.946670,13.525230,14.138889,-50.923569,101.246994,-0.329169
2.971503,3.089624,12.361707,126.060951,-0.337620,18.886663,-0.169911
3.182647,3.292944,13.826978,0.846277,55.471798,59.200565,0.118140
2.960617,3.447361,13.755663,44.010029,81.762146,13.192131,-0.497020
3.186381,2.716758,14.078463,68.189209,64.637329,163.329651,-0.450416
3.337337,3.142844,9.635139,-29.511532,87.723083,10.496725,-0.371682
2.879529,3.520700,13.461183,22.270498,82.971909,69.885612,-0.560208
3.502362,3.271225,14.036724,-78.104851,63.031189,-4.491215,-0.145604
3.504112,3.025515,12.962063,21.795692,98.815353,-40.883236,0.017576
3.285479,3.060616,13.165559,-91.386894,115.731201,1.319084,-0.543442
3.505013,2.939868,16.041410,-17.073292,-4.222034,47.930084,0.346193
3.394112,2.894135,13.163995,26.603388,12.257324,-12.038342,-0.467203
2.800572,2.964628,11.876327,21.172550,75.057480,-19.187428,-0.173879
2.858171,3.175275,13.424213,-43.396759,122.404610,-29.127506,-0.154515
3.869861,2.784507,12.417346,128.269714,110.340240,-48.843784,0.270483
2.716100,2.550651,11.779589,-1.844219,85.165482,154.268143,-0.279905
2.920063,2.727497,13.440448,-58.600708,59.054092,244.947510,-0.281497
3.402251,2.933853,14.895731,32.465439,118.392166,232.057892,0.023274
2.839748,2.664821,14.448864,-17.437027,106.097763,18.110317,-0.822700
2.957276,2.394914,12.629060,-5.248978,82.284943,-9.324100,0.183768
3.304154,3.241001,11.059381,47.121613,6.826836,98.263397,1.096593
3.321599,3.659053,11.473556,81.736374,55.252159,19.583368,-0.193681
2.749721,2.968706,12.593854,50.476089,94.695160,2.096149,-0.071428
2.960989,2.987903,12.541036,-34.241791,-49.015289,79.027695,-0.765722
3.173863,3.566044,14.850780,164.986725,89.050400,-49.981403,0.098656
3.150043,3.263043,12.245250,4.463341,12.246147,-93.297165,-0.115122
3.448346,3.223899,14.807266,71.633621,57.533798,-34.138386,-0.420986
3.619561,3.103736,11.348971,100.783722,74.069855,-72.477280,0.963091
3.978281,3.377295,12.123012,47.861515,-1.226547,89.840431,-0.524364
3.664092,2.677260,10.722012,-0.391661,42.663116,-64.142838,0.188414
3.253433,3.199288,14.025784,88.220657,131.237335,85.315475,-0.345051
2.743648,2.743352,13.620587,3.831795,-44.760674,209.764557,0.204334
3.285982,3.295476,12.497809,60.474968,18.747814,34.402088,-0.352960
3.418208,2.641248,13.435357,91.270699,116.986351,-113.537552,0.315933
3.209053,2.997887,13.177331,-35.503777,11.094246,-112.575150,-0.520924
3.530457,3.059753,13.740108,157.077332,66.735077,99.706078,-0.473285
3.299482,2.923223,13.130044,133.472382,44.853172,144.162308,-0.102354
3.153081,3.376915,12.911484,-79.834717,19.920261,66.978897,0.605919
3.191058,3.678219,12.693448,113.185776,34.703568,48.479305,0.404499
3.287484,3.243600,12.547945,0.376087,32.898010,5.447636,0.673047
3.202945,2.889261,12.692129,-0.570192,1.580193,122.432571,0.674297
2.841853,3.326099,13.177132,44.303535,65.839401,-38.962627,0.417770
3.227637,2.746390,10.979565,88.424301,73.196411,-30.680393,-0.523842
3.127261,3.503648,11.998268,1.295378,70.845207,111.286346,0.337056
3.271474,2.768116,14.828211,11.428637,-12.284058,-3.615479,-0.635468
3.029717,3.565138,11.965739,53.741993,70.904533,55.468025,-0.789160
3.903863,3.027183,13.470994,-60.373299,24.727417,-8.240143,-0.597654
3.410734,2.571687,12.468760,-2.617271,82.768944,105.523376,1.047206
2.962996,3.121011,13.998507,113.482903,-45.944344,107.349503,0.173275
3.211292,3.240193,13.450044,20.667946,-11.038292,-19.245895,0.527956
3.153733,2.585916,13.218476,35.025059,54.855145,239.119492,0.269657
3.357654,2.752414,10.383847,119.217155,93.536667,37.410751,0.811725
2.872802,3.092165,13.158924,30.029163,35.984661,-99.556442,0.074532
2.819527,2.753090,12.385004,-34.171883,71.852951,188.206512,-0.238589
2.443470,2.473984,13.311308,-43.568474,88.090637,84.447594,0.337577
3.198249,3.118039,10.835562,78.101013,74.427689,-81.543121,-0.370138
3.191808,3.110898,13.343349,34.891335,73.234093,68.272575,-0.103436
2.414873,2.625676,10.916153,-38.700851,63.311356,103.495789,0.715503
3.159863,3.350852,13.239544,33.783077,80.528015,-99.216522,0.293468
3.425932,2.479852,13.613517,91.339447,114.468086,-64.391190,-0.642836
3.266434,3.041632,13.011045,138.354141,-12.840248,-14.011368,1.090364
2.975173,2.915868,13.421972,57.648113,-102.018471,-161.794830,0.902738
3.272953,3.290998,16.086550,-14.733170,123.969757,-118.980850,0.152626
2.876247,3.125255,10.933262,-98.636612,-15.363514,-139.272324,-0.439559
3.498580,3.121126,12.007867,83.609039,12.242516,12.953138,-0.438949
3.025756,3.258373,12.124542,18.983364,129.923431,212.390228,0.299373
2.901596,3.042524,12.782620,23.735500,51.391685,-130.361160,-0.058160
2.180883,3.107125,12.812037,89.030434,16.571833,106.119415,0.161157
3.023883,3.157218,14.903255,133.464600,80.786018,62.557537,-0.226864
3.426081,3.358311,13.708554,-63.477806,7.680698,103.953232,1.240774
2.951617,3.452364,10.624308,120.599686,86.107307,-1.584282,-0.017036
2.957568,3.416822,13.435550,22.431461,29.275768,-21.894878,0.815720
3.586326,2.965096,13.794021,164.517532,52.390568,185.308304,0.002287
3.058385,3.031853,12.716402,-80.346008,76.059479,26.021667,0.216025
3.177453,2.283285,10.491780,45.041027,104.666763,-133.691010,0.236641
3.075469,3.256678,12.522798,81.734955,77.629822,187.062180,-0.057532
2.446897,3.063700,10.487123,-93.746964,29.630817,59.731388,0.151999
2.858912,2.816085,14.004770,-29.898849,8.432835,-43.996006,-0.216866
3.407236,2.941814,12.928304,42.522934,36.999252,1.745331,-0.589092
2.916548,3.564570,11.860245,74.762802,69.051567,99.932236,0.151478
3.462879,2.462255,11.761937,3.502748,45.114151,1.439140,-0.536354
2.997650,3.428024,13.336783,18.802525,36.573349,125.704407,0.412564
2.812939,2.925331,12.934517,10.426268,52.280071,-30.723034,0.037772
3.200584,3.041291,13.240230,-145.105316,26.920866,35.518875,-0.077969
3.432792,3.049868,12.757463,71.401108,-57.026894,161.837433,-0.695790
3.409372,3.196416,14.065434,117.944290,71.353897,-116.597275,-0.267195
3.509279,3.872713,11.755542,42.288155,136.570908,95.653091,0.113813
3.490600,3.345561,13.481326,29.966232,37.091782,-30.029263,0.023451
2.889832,2.898029,13.744172,-117.771561,122.219994,-34.141506,-0.719686
2.900970,2.981650,12.279881,18.123863,-9.314091,-34.227535,0.042563
2.683327,2.983533,10.501019,70.891525,55.343578,225.125900,0.348566
3.258820,3.427426,12.615736,20.945745,104.692505,-144.486740,-0.078887
