2.665460,2.966850,11.183661,77.428749,-79.370346,-0.654263,0.973253
3.777642,3.353970,11.858951,62.491394,9.865082,1.426046,0.057956
2.773070,3.017329,11.388777,4.207703,-90.907166,193.789062,-0.687526
2.570930,3.330815,11.126393,-44.751801,60.877464,4.909261,0.598873
3.476488,2.752141,11.775309,90.767220,63.843956,256.117432,0.128898
2.738349,3.198456,12.386507,106.329659,68.980156,150.510193,-0.921691
3.004718,2.968361,13.843019,-29.248276,54.969582,166.510910,0.745002
3.493539,3.417311,13.628379,10.910763,29.835278,85.138603,-0.421055
3.203914,2.931176,11.839905,67.975128,89.406670,71.723473,-0.251757
3.095061,3.119221,13.054970,81.640686,-64.916443,-36.242355,0.140193
3.258485,3.594286,11.840794,52.536163,-94.775017,143.698044,0.046504
3.736114,3.651573,14.907034,40.542500,-30.663218,-65.002663,-0.259336
3.290380,3.063212,14.233127,-10.912952,-53.328178,-141.530746,-0.437986
2.798883,3.584573,13.225914,-93.204933,57.805557,-66.940048,0.151186
2.864396,2.989183,13.828348,80.782028,37.910122,-91.164841,-0.811071
3.358524,2.632699,13.330696,-12.436867,163.704010,-35.635376,0.366628
3.331023,3.118083,13.830734,69.271072,20.021179,96.791000,0.027681
2.647744,3.384687,15.213720,127.751320,58.843575,136.043640,0.877885
3.180857,3.131200,12.693730,-60.253616,-32.928680,-135.876633,-0.667611
3.235058,2.856254,11.407536,55.681549,21.812849,125.595169,0.057063
3.660259,2.922955,12.130545,26.518845,-29.477987,140.039368,0.301507
2.617357,3.321194,11.871045,134.080902,179.880325,-212.872070,-0.915737
3.278727,3.118159,15.401184,70.856422,-30.809828,-96.580864,-0.292797
3.383542,2.835061,11.494915,70.458122,64.499397,-145.879364,-0.284330
2.932865,3.298940,11.483400,-85.093040,-78.668839,96.631546,-0.183526
3.067544,3.626930,11.087719,-42.778801,35.350136,20.520832,-0.424060
3.043744,3.304692,12.275065,30.967157,17.252504,-23.483625,0.064155
3.194886,3.357946,12.424429,211.353729,-140.510925,114.716713,-0.391822
3.236824,3.605314,10.161282,73.948059,-65.475021,37.503014,0.883370
3.193076,2.985164,12.812290,107.332481,-105.466263,-34.726471,-0.619308
2.857060,3.105598,12.139907,-86.678955,51.062881,233.096939,0.368491
3.742003,3.051209,13.203938,-62.183197,60.145332,27.702145,-0.025411
3.197041,3.271113,12.439505,56.810646,-8.697569,-208.795380,-0.839413
3.376452,3.193548,12.621614,13.672066,108.184692,-181.186554,1.048234
3.087740,2.869777,10.225467,-1.700756,48.565689,-19.068422,1.021270
3.141507,3.432278,9.814463,-23.001762,84.840622,-200.560303,0.045177
3.115463,2.958694,13.671144,7.761410,34.766918,-220.329590,0.184012
2.937551,3.181108,12.653149,1.072472,-91.535843,8.898720,0.311928
3.258665,3.810966,12.718851,1.313179,-3.237621,-30.968744,-0.503170
3.183974,3.699963,13.199236,43.494259,-55.165848,-51.922211,-1.319085
3.519169,3.474030,10.052621,100.894638,120.358482,34.517799,1.049582
3.412760,2.718773,10.553452,52.512070,-144.501419,-180.485901,-0.681534
3.447742,3.119662,10.500015,68.171410,5.613471,-228.573227,-0.564146
3.037419,2.647431,10.412296,120.757660,-14.439325,69.589531,0.434334
3.556377,3.548786,12.068671,-21.884426,43.013119,-121.443504,0.321393
2.958361,3.178123,12.484387,54.146729,-64.168114,95.702095,0.744180
3.556693,3.157357,12.501006,16.572496,95.106453,30.709305,0.842434
3.007532,3.788555,12.315597,-17.101379,15.353243,24.210911,-0.816891
3.201710,3.184380,14.510788,-32.291313,24.132179,27.423847,0.413714
3.172131,2.782819,11.648457,39.008308,131.909927,-20.011042,0.497430
3.840436,3.296379,12.745559,-1.639492,14.829008,1.006347,0.217470
3.189215,2.569936,12.699406,25.889380,-106.397652,96.798393,0.819145
3.680083,3.280664,12.503970,58.704998,10.391251,-65.333885,0.811743
3.416338,3.287556,12.998473,45.923302,-37.687943,-34.922997,0.387880
3.129281,3.494858,11.892382,31.930672,31.182747,-29.868109,-0.082947
3.043439,3.065326,14.303256,99.988098,-89.991028,62.612823,-0.183867
2.792720,3.124020,13.163825,48.453918,-212.273407,-231.481796,-0.415143
3.484883,2.991135,11.438467,54.442848,-11.808784,-33.351746,-0.022306
2.574940,2.597832,10.582891,43.386246,-49.231430,27.760765,0.793100
3.576645,2.469774,12.187092,32.363617,-54.432213,85.518921,0.161580
3.150415,3.225526,13.070828,101.056053,98.243416,-84.809334,0.247758
3.486153,2.852432,10.639529,60.957909,-135.891922,-309.004547,0.399075
2.972838,2.931581,12.989225,73.652786,-81.513512,86.090630,0.789063
3.352144,2.716026,13.765318,49.971092,79.138649,104.690582,0.477747
3.338194,3.774737,11.817859,45.874878,19.483980,-261.727478,0.576633
3.564330,3.537682,13.340115,-16.752510,18.821451,-93.199333,0.731041
3.128967,3.313311,11.818165,32.458378,21.985050,258.274628,0.217535
3.242373,3.234768,13.582093,-28.082222,-55.353989,86.459183,-0.858657
3.017808,3.252623,11.146887,128.879791,-102.336113,-146.230255,-0.308239
3.018466,2.895267,10.349101,117.664413,-26.937693,-24.444471,0.362302
3.793316,3.853029,11.659283,19.007063,-75.314827,55.226418,0.121511
2.867244,3.353697,11.785491,39.225689,-94.473206,-104.788300,0.963013
3.596494,3.287521,14.836479,46.446404,92.091019,-171.506241,0.261700
3.517823,3.215323,11.756088,28.916063,-47.564247,-59.673431,-0.432444
3.119062,3.286460,13.282277,5.759129,13.697269,-197.222504,0.163467
3.017849,3.173691,13.105437,69.501251,92.793312,50.559692,-0.760751
3.108458,3.614065,11.632653,-12.616165,112.341789,-88.575333,0.195430
3.141827,3.150829,12.223890,126.575729,71.291367,-259.644531,-0.699828
2.739105,2.969628,14.380250,14.936632,-26.210546,66.219559,-0.310575
3.409108,2.835777,13.360251,-97.043831,128.545319,20.431299,-0.028473
3.002861,3.260176,13.600677,26.477211,14.166016,43.827736,0.095246
3.192018,2.840605,13.361861,18.765110,27.006189,-160.712128,1.118959
3.377950,3.263016,13.324333,-37.406906,-110.411476,256.161713,-0.311709
3.636985,3.174094,12.237709,44.593964,65.116081,71.229935,0.040833
2.958013,3.373482,12.471618,91.886902,-107.263100,-55.609268,-0.894093
3.453391,3.249935,13.263360,6.527435,-42.439156,-95.157516,-0.266496
3.465463,3.280579,13.169233,-8.150665,-40.668564,101.634529,0.182391
2.805985,3.680050,9.402821,63.743519,24.316795,33.068413,-0.058290
2.926268,3.026800,13.673442,85.723503,19.666660,1.577894,0.498907
3.098036,2.813286,10.852456,-43.125496,25.073751,-53.088844,-0.412288
3.049916,3.547212,11.621328,92.256287,28.602528,136.069763,-0.792146
3.366467,2.618791,13.033774,67.457108,79.832809,-29.992899,-0.034768
3.245879,3.072840,11.443293,120.143875,-44.266182,-4.078871,-0.062347
2.990962,3.011994,11.312172,42.056454,197.201218,123.898376,-0.110427
3.136275,3.407007,12.438031,63.528900,9.807106,51.103531,-1.161656
2.930652,3.241286,13.655270,121.583527,128.814682,227.035233,0.209826
3.035202,2.923397,12.924285,30.615822,-57.589706,44.163757,-0.522709
3.052006,2.863274,12.672102,100.656601,-40.960632,-11.233667,0.387439
3.069983,2.633966,11.346198,89.921234,-42.019615,181.292160,0.139513
3.561317,2.842609,12.146378,-58.462074,-46.247032,-9.482592,0.771449
2.943003,2.985566,12.108460,27.215637,124.757454,8.793866,0.007068
3.757360,3.162001,11.717417,182.414581,111.864632,144.533340,-0.381872
3.228512,2.490041,12.753139,83.168839,-7.866814,151.897705,0.129932
2.945553,3.408958,13.008057,76.822372,185.054398,61.428627,-0.032267
3.352179,3.136866,14.808986,1.957455,-157.647797,-89.139313,-0.157037
2.585581,2.792278,13.522359,45.768417,3.999817,24.922966,-0.168644
2.966828,3.217226,13.171595,32.341476,-70.120499,42.989204,0.796062
2.977825,3.227789,12.535949,17.934872,81.499146,112.941910,-0.483756
3.230923,3.131916,14.015224,-7.965603,-52.950455,-68.968246,-0.832120
3.361179,3.270361,10.847156,79.106125,-37.232735,-38.129295,-0.353303
3.573448,2.698277,11.948281,68.394989,-49.882179,24.271284,-1.079877
3.008201,2.820195,13.789782,29.905451,-63.821098,-65.755859,0.489789
3.406165,3.506644,12.932577,140.075226,27.383329,203.711731,-0.312278
3.778382,2.912590,10.716572,39.878002,-41.745384,-29.749624,-0.570404
2.742239,2.778824,14.751426,57.923485,80.870316,25.260138,0.176751
3.002131,2.816964,11.298833,-4.417103,17.591366,112.770874,0.174701
3.260179,3.549508,12.390215,25.999014,-74.430252,168.880554,-0.668266
3.034942,3.170966,13.165874,118.364410,52.634163,-33.197067,0.652359
3.437623,2.670143,9.568916,-37.005653,23.388849,68.148285,0.528619
3.369107,3.840351,12.158480,-24.716221,157.152405,158.516098,0.681528
3.563104,3.267376,13.062079,14.949480,122.529419,212.433731,0.627939
2.935471,2.961159,12.441802,-4.498009,113.822189,171.774033,0.205468
2.879705,2.716988,13.695564,-7.802673,0.636542,-71.415138,0.862213
3.227369,3.620122,11.380867,46.979416,57.390282,141.720062,0.550643
3.324020,3.519588,10.522043,0.446625,-33.345909,-49.108521,-0.071224
2.984401,2.948960,12.187549,65.545128,185.484909,-92.395935,0.445636
3.417488,3.981960,12.517603,101.145477,227.431229,112.455017,-0.892927
3.360282,2.704283,12.424501,120.936554,44.174034,146.785446,-0.444336
3.123713,3.203562,11.165517,103.036369,47.170815,79.033432,-0.174500
3.170463,2.876327,11.790521,80.475510,-3.863831,-111.443954,0.627041
3.256572,3.249525,11.598057,94.348923,138.992813,31.769661,0.169429
3.543991,2.703038,14.539186,23.515467,60.231361,138.465271,-0.046661
3.007198,2.840623,12.569314,51.792904,-2.589762,-143.648590,0.136590
3.374378,3.729784,10.412352,138.891983,56.653847,-3.545717,0.552689
3.576422,3.161772,13.385064,40.480186,57.711678,61.384727,-0.016741
2.982121,2.892906,11.201563,32.299965,-16.748766,-184.746399,-0.948601
2.888267,3.141310,14.095781,-56.174644,91.804512,-85.920486,-1.353099
2.981494,3.363497,14.898376,0.909294,110.812248,89.657837,0.414844
3.181437,3.581656,10.281624,92.785500,69.002205,164.064209,-0.399117
2.781649,2.909282,12.247502,58.434734,47.818874,10.591125,-0.282141
3.643524,3.034518,12.831074,-14.356647,-14.617836,139.748978,0.298183
2.854515,3.301642,11.446927,43.121124,-13.191793,118.970924,1.249672
3.390282,2.961669,10.213667,-10.557861,40.251404,238.429810,0.051469
4.356921,3.209822,11.093084,57.400761,124.549164,-22.660105,0.190817
3.378242,2.902853,12.026906,47.126717,-98.983536,181.804977,0.115213
3.027643,3.070777,10.175193,84.885780,-31.881567,25.378313,-0.063727
2.758718,2.777705,10.556780,92.540359,83.126434,42.335835,-0.538042
3.237364,2.628245,12.342603,122.110298,65.360374,132.436951,0.292630
3.429513,2.895939,12.103803,64.093292,21.639877,-49.282211,0.844695
2.977179,3.169026,12.965624,0.393291,38.541656,61.210876,0.210186
3.031107,3.224771,14.045051,33.203365,-44.224442,85.544502,-0.071722
3.131264,3.451982,13.571724,72.271729,-31.458223,-80.950325,-0.417711
3.143533,2.981196,11.766468,-47.747116,-26.467604,75.964264,0.631386
3.242006,2.736376,11.498420,134.991653,-72.853256,151.301971,-0.182020
3.070243,3.131495,12.035067,48.267090,158.265579,99.968826,0.783413
3.121217,3.182264,11.432514,38.804367,94.935478,113.032501,0.293716
2.953132,3.401043,13.187580,-95.757545,5.976544,63.938522,-1.016625
3.511613,2.594574,14.126510,15.596556,56.075691,152.107010,-0.294406
3.222421,3.355988,12.676875,17.892651,-3.392681,1.836215,-0.002028
2.886235,2.960856,12.801053,-14.945831,-105.469116,-82.259628,-0.631566
2.916767,2.908587,11.396891,-16.567955,-121.180984,65.765083,0.419309
3.074208,2.765634,11.654647,68.652954,43.550606,209.944916,0.129340
3.646075,3.234505,12.575264,-72.738327,158.369202,144.449860,0.030529
3.273127,2.748024,12.667027,35.844635,156.079758,276.718994,-0.269971
3.013444,3.566213,13.466131,109.004181,-86.656303,-20.151041,-0.432103
3.652978,3.574427,11.877654,94.616608,-37.493111,-131.307449,0.274528
2.947690,3.423364,9.381131,107.842827,45.945358,82.028618,0.213456
2.846961,3.212910,11.694058,156.184784,22.379181,-97.285141,-0.460880
2.555789,2.979032,13.328800,12.121616,103.702461,-29.641169,0.275657
3.153351,3.584942,13.406473,74.092941,-50.929695,169.961121,0.076243
3.047597,2.919451,11.190210,30.666576,41.351112,109.187485,0.146898
2.785465,3.803548,11.232883,37.659245,-9.611269,218.443344,-0.223170
3.434306,3.206771,12.683607,46.555500,44.745071,141.308456,0.026763
3.227401,2.965061,13.208481,-24.023949,221.444260,-12.943913,-0.824540
3.130891,3.284494,10.905406,-7.278740,73.189690,-42.239807,-0.473514
3.087937,3.166335,12.264627,68.381302,139.102646,-119.035713,0.363633
3.032152,3.550897,11.758364,58.941429,5.707283,72.578178,-0.442146
3.087420,3.245111,11.889560,-18.677124,6.206293,167.904694,0.118700
3.269560,3.336525,10.823747,-2.739384,-44.522522,-57.316017,-0.019779
3.354238,3.119234,15.004102,36.663979,-39.983543,-157.283585,-0.252404
2.872103,3.016677,11.599325,40.815983,-69.779305,26.783199,-0.597319
2.382802,3.555811,12.194295,-22.951775,100.704498,175.473755,0.319329
3.136678,3.411495,13.111424,-1.873688,0.178658,-25.625193,-0.744671
3.139316,2.970458,12.981572,35.389832,19.236771,-153.066742,0.304321
2.339127,2.662211,13.032684,111.552185,137.512939,-73.515541,-0.757519
3.261536,2.711012,14.372242,-19.967567,166.697754,-229.355377,0.246720
2.958766,3.311660,11.272852,87.687256,-18.485472,113.896858,0.085647
3.161713,3.405886,13.347583,98.590439,74.475693,-10.778444,-0.224114
3.146066,3.308215,11.131307,126.374702,63.036346,20.284370,-0.354581
2.628499,2.904698,12.970173,74.819260,61.745895,-124.289497,-0.259356
2.937540,3.329017,11.744904,142.520508,-73.508583,-55.201950,0.024447
3.381080,2.726503,12.520396,-80.666000,14.080129,-2.893869,-0.905750
3.041654,2.876460,12.557082,-6.433529,47.827091,70.420784,-0.489910
2.841260,3.209632,11.587339,-7.281582,121.107086,-90.531197,0.232908
3.280814,3.255253,11.820684,15.125343,126.727539,102.081100,1.725700
3.313036,2.632611,11.748089,24.766771,159.758621,43.238068,-0.804165
3.126779,3.076571,12.410173,97.651741,-106.227623,165.259033,-0.466470
3.405528,2.890972,11.839099,59.083900,1.940104,167.481216,-0.651007
3.221275,3.396261,11.481151,-43.134827,72.418030,-123.744347,-0.546814
3.043011,2.721815,11.413799,83.258148,-45.264198,-73.362648,-0.628913
3.310616,2.977334,11.731029,-42.586792,-36.647888,-16.748264,0.031453
2.945755,3.209266,13.102564,64.163521,-5.145294,92.457733,-0.467228
3.344131,3.366477,11.637817,94.925446,-55.570671,18.646120,-0.170610
3.514803,3.529582,12.054144,87.424759,129.591583,-205.537247,0.364279
2.584230,3.317757,10.664598,87.404190,-5.915514,51.045380,0.137034
3.218120,3.352841,12.905270,-44.043320,-190.279022,-13.014713,-0.729808
2.623041,3.196062,12.933665,-125.476402,-2.961578,-20.353991,-0.948735
3.096553,2.878000,12.910896,28.209061,50.451508,43.750420,-0.431707
3.189245,3.124996,14.117007,-42.534981,76.150444,-13.530134,-0.991571
3.430140,3.378028,12.903772,53.085934,111.166924,204.747360,0.072839
3.768800,2.850838,12.990064,52.164680,34.237457,-38.385902,0.205798
2.680535,2.956306,11.819283,42.343533,22.816528,-26.047438,0.629289
2.828328,2.977048,11.903244,-13.902431,55.170815,81.783554,-0.320839
3.024249,3.256104,13.485538,-63.268570,-0.970606,-131.047729,-0.747569
3.500986,3.278998,11.731359,-6.116554,-40.268974,-129.361588,0.285997
2.834939,3.398829,13.674921,60.606392,189.765121,-49.032318,0.271474
3.301960,3.285519,12.558580,15.203821,59.957718,-46.417389,0.573149
2.965457,3.535914,12.418613,10.508028,-26.646265,20.303112,0.237941
3.396030,3.273493,13.740448,32.268021,28.005733,30.734518,-0.134679
3.837526,3.071993,13.713148,8.507088,-24.154009,-7.050041,1.027294
4.056421,3.272256,13.165157,35.203213,134.499023,138.142990,0.332257
2.618990,2.602624,13.673615,-4.291786,66.573158,-15.779673,-0.112749
3.357666,2.648553,13.427392,80.097931,65.802696,73.393494,0.764871
3.633656,3.172803,14.346469,26.521374,-19.806501,-92.630417,-0.127793
2.736135,3.164629,9.712789,11.381786,56.151604,25.509733,0.590137
3.268537,3.252208,12.287292,12.747034,75.910820,75.335686,0.058969
2.905588,3.857773,12.650745,92.182678,-10.176384,111.687843,0.060361
3.663121,2.962076,12.466461,-8.853092,202.571243,96.635139,0.369788
3.202508,3.293713,11.750779,-11.206676,46.895500,-15.463156,-0.117466
3.094550,3.156522,11.885176,81.821503,-12.464554,-20.084074,0.025589
3.290806,2.864443,12.442634,40.220943,-38.016281,104.482117,0.800679
2.990072,3.157847,11.397630,50.716694,0.376733,-275.327637,0.691118
3.071180,3.050914,12.225785,72.900482,-42.188736,-37.629410,-0.090028
3.142025,2.641092,12.143728,56.847164,109.375778,-5.206600,-0.209291
2.967860,3.243193,13.221903,48.117481,-4.237499,24.002207,0.063766
3.494982,3.368998,14.952202,5.572329,64.484978,-193.257416,0.042439
2.751217,3.428022,11.634277,-14.867592,-159.004440,-44.287170,-0.038112
3.234933,3.495539,12.934975,-24.734669,46.660881,-5.391800,0.287252
2.839744,3.335217,13.854912,-13.713608,-105.828735,10.371109,0.095544
3.033900,2.560613,12.110580,33.377785,123.435616,-12.534983,-0.622552
2.832478,3.115739,11.128751,1.014839,-49.896584,-149.847061,0.832600
3.405038,3.163845,12.330966,-9.116970,-59.460709,-16.912825,-0.686229
2.925991,3.456992,13.139431,13.398426,-106.268227,14.347889,-0.148551
3.603372,2.687000,13.534908,50.629429,22.129953,-159.463104,-0.157627
3.454885,3.275724,11.486939,46.817101,-76.313622,222.372009,-0.497554
2.566408,3.320563,12.912729,40.793224,94.227074,-9.203787,0.298289
3.389582,3.094884,11.962488,-1.091370,-15.431486,27.872355,-0.854015
3.402041,2.875988,10.556607,47.439373,110.734253,-177.878448,0.392546
2.782412,3.432373,13.888537,48.782330,49.901093,-41.839218,-0.225939
2.975513,3.626026,12.080145,22.424875,10.227761,8.311041,0.041213
3.942967,3.170685,11.402852,-89.913643,100.649879,51.201843,-0.861682
3.275651,3.255076,11.311901,61.817833,12.425821,79.153305,0.616138
2.965905,3.162433,15.822315,66.992981,-20.085154,-44.195671,-0.128488
3.460062,3.658189,13.887197,-5.379044,-14.558056,114.840302,0.218379
3.639164,3.072056,12.488304,50.042408,73.316093,-143.568344,-0.007615
3.044864,2.681710,13.083116,66.034622,-55.470665,-67.029526,0.656959
3.127051,2.589840,10.724133,30.679588,-4.046539,51.636467,-0.139595
2.996469,3.826993,12.979676,21.843784,40.415199,-91.115318,0.512515
3.367137,3.560136,12.604239,-5.423695,23.018530,35.979176,0.305837
3.171387,3.047943,12.737795,55.629364,-66.868912,-14.398132,0.158774
2.798733,3.445391,11.610894,-6.060600,-115.028000,63.910271,0.177770
2.826392,3.170737,12.565114,49.008255,88.539085,40.862373,0.130898
3.131335,3.033545,10.595413,-49.367035,-38.745941,219.901398,-0.099890
2.871390,3.439803,14.995447,-9.475079,-83.538979,249.439102,-0.364878
3.113476,3.503614,13.439394,45.742092,-136.644012,53.843613,-0.397296
3.520076,3.020545,14.486916,42.231239,-47.926048,139.737457,-0.150886
3.303037,3.254819,12.678097,62.246395,59.510307,-13.715141,-0.427752
2.686192,2.819893,12.350174,143.906281,240.378021,-39.314537,-0.463975
2.850059,2.757695,14.778572,48.356239,78.910042,144.890961,1.209688
3.489779,3.100807,11.109832,-8.979347,65.315575,129.591461,0.628192
2.920270,3.263381,13.249470,75.650009,-22.224192,-114.432732,-0.016554
3.256997,2.961542,13.048651,-37.523163,-10.197718,-92.867439,0.712452
3.127318,3.269838,11.279332,102.274330,6.558419,-66.243530,0.442097
3.185481,3.323053,12.286225,-45.904861,14.913366,6.889910,-0.089007
2.961447,3.871467,13.324721,82.869461,-10.170486,-17.806211,0.499775
3.494271,3.140013,12.692306,99.511986,52.167656,-55.134613,-0.041222
3.049989,3.474516,11.486848,68.054413,-15.567759,-111.958702,0.102383
3.300108,4.046291,10.356067,-6.893139,-10.371996,28.842293,-0.696729
2.981628,3.150802,13.219567,167.042328,72.431854,-18.069921,1.126662
3.077867,3.101489,13.318470,20.078991,16.877399,-72.492279,-0.618609
3.387958,3.019878,12.983458,12.363741,138.603455,22.155155,-0.255836
3.229674,2.712624,14.731859,89.111832,-67.659096,-69.066200,0.372392
3.068543,3.093646,12.345939,79.474747,-10.928656,162.983658,-0.015765
2.600559,3.072623,15.451675,-13.863651,41.012398,-57.658569,0.777484
2.926087,2.480045,11.354007,42.695023,49.997620,-84.928093,0.024485
2.977748,3.362872,13.110481,3.281429,-37.882484,213.524612,0.143994
2.910934,3.721050,13.874403,-83.074722,62.899452,64.353828,0.334482
2.917356,3.392556,11.785480,14.516003,-75.679817,19.969915,0.390426
2.697046,2.815253,11.860594,46.286385,-33.266739,-67.616096,-0.062317
3.308961,3.475642,11.823005,63.200405,48.378563,-87.154442,-0.653769
3.149595,3.229011,9.637283,43.913921,-1.391106,9.098977,0.296569
3.439034,3.159764,13.432887,49.034325,78.396423,-224.921600,-0.637778
3.092641,3.076340,14.057600,70.726166,-32.392662,223.323212,0.047663
2.575921,2.516480,14.805256,90.968597,0.774443,153.826004,-0.201681
3.147941,3.040387,12.865618,29.695848,7.910109,-14.276512,-0.261655
3.048003,2.810926,12.714900,27.155392,-26.896082,160.258972,0.046130
3.493545,3.123891,10.159652,45.568523,-114.822189,-69.328194,0.270432
3.760528,3.339750,11.423170,-113.240456,88.667183,2.341009,0.102300
3.208235,3.382706,12.135056,178.292175,-33.273598,-67.740280,0.211246
3.196712,3.198944,12.853436,-36.940239,6.995634,155.760376,-0.680785
3.231025,3.514101,12.863622,29.784042,13.827688,35.844269,0.155194
3.331332,3.310571,13.394066,28.309441,-30.875261,-68.264076,0.133331
3.051231,2.589381,14.367781,16.273085,9.380339,-80.192841,0.176325
2.851698,3.170487,10.535671,53.179691,-44.171944,-30.856081,-0.046250
3.144649,3.049977,14.310783,20.700869,18.929325,94.970375,0.960071
3.122984,3.022378,10.470532,40.807514,48.933380,74.915741,0.709219
3.298475,3.703479,12.043297,78.931236,60.358414,111.955307,0.987079
3.053458,2.691013,12.451305,39.012501,-15.615025,173.634125,0.862163
2.915838,3.392316,13.541935,10.419811,121.939835,115.710815,-0.197339
2.879362,2.574712,9.858133,129.800995,85.030777,-171.032242,-0.975751
3.003907,2.751121,14.014708,39.847649,-115.646545,-75.580826,0.338883
3.039255,2.790134,12.170797,-28.999527,-61.581329,67.373604,0.350946
3.379654,3.229088,9.280260,-33.402306,-99.850105,43.467194,-0.077749
3.081497,3.777683,11.404675,-16.704285,78.530830,10.231764,-0.184486
3.232085,3.473754,15.063324,-9.148052,50.443016,-7.667280,0.231081
3.196697,3.042677,10.278738,25.069904,-115.439224,217.430283,-0.501346
3.404235,3.074247,11.334867,94.012497,57.879204,-105.386833,-0.920927
4.118044,2.681534,11.407984,76.093704,-4.132700,-103.208344,0.395736
3.118749,3.266486,12.276722,101.787514,119.582558,76.154549,-0.560293
2.883004,2.638583,14.469744,137.965179,-10.411509,80.696434,0.144417
3.375032,3.128736,13.520264,65.984650,14.019571,31.666891,-0.237507
2.900843,3.860040,12.848845,131.932358,44.096851,52.739433,-0.060217
3.619881,3.402684,12.732319,126.060745,1.600767,-7.711115,-0.534843
2.528830,2.685701,13.670452,-47.994843,81.390884,216.169617,0.128591
3.027220,2.926083,11.414079,-32.321350,-26.506483,-99.052498,0.653722
2.853823,2.860609,12.330657,99.376175,48.410240,7.264770,0.198302
3.554191,3.249004,14.425593,70.979729,-139.979675,27.818577,-0.087140
3.508778,2.730154,10.318955,100.805611,2.549331,-115.668297,0.295295
3.030946,3.016754,10.911131,49.926418,5.042990,164.574966,-0.140709
2.849628,3.756951,11.119562,132.180359,11.552185,104.074409,0.271772
3.174208,3.526247,12.147218,57.052238,97.494987,182.155045,0.585990
3.207410,3.333492,10.609367,35.407898,-1.797226,4.877360,-0.011750
2.891382,3.028945,13.445615,44.932133,14.440992,67.249321,0.098428
3.358848,3.493369,15.838671,79.526558,23.638525,21.922777,-0.194489
2.939829,3.554098,10.602006,62.291637,-160.666855,-130.240616,-0.673770
3.683201,3.371301,12.650480,-32.132790,3.779040,165.524399,-0.556951
3.403190,2.996446,9.418626,-4.990032,140.039017,-5.194265,0.579974
3.090301,3.164451,12.704235,91.873482,-132.559387,33.197807,-1.293182
3.188368,2.670896,12.843356,76.708771,-100.134918,19.638868,1.169541
2.605494,3.221416,12.450891,72.263748,-22.540117,29.539780,0.426095
3.564116,2.877602,14.149998,42.518681,-1.672430,178.793884,0.852810
3.983319,2.473126,11.365874,73.053009,-16.332434,-106.866318,0.755424
2.745021,3.303240,12.344048,-16.386612,-77.810127,-46.809341,-1.345888
3.414949,3.554670,12.878590,-21.824768,16.881138,46.824520,-0.075028
2.995230,2.644390,12.785624,65.219604,64.192970,104.836937,0.691409
2.709867,3.124904,11.659740,26.235348,-77.760300,-203.988022,0.399392
3.720070,3.120949,12.230063,-21.916771,198.858551,-112.090736,0.059338
2.705307,3.302876,11.829289,40.274857,-67.667282,-43.109810,0.344244
2.755100,3.557017,12.028615,83.462921,27.921638,-104.025734,-0.223136
3.643370,3.683306,13.641051,132.098755,9.112001,65.742065,0.358713
3.836409,3.021947,12.658148,107.086227,-68.121651,151.064926,0.573086
3.061292,2.868953,11.677112,3.471149,75.781311,-147.777664,-0.551596
3.329330,2.999441,12.433647,148.975861,72.526611,94.041199,0.883769
3.117002,3.014344,12.371155,-18.917145,89.141647,212.120514,-0.084980
3.219716,3.069004,11.920099,-38.429901,103.232697,-252.582703,-0.729968
3.566192,3.109420,13.400096,-13.052666,-74.171333,31.158735,-0.147599
2.862210,3.333714,12.352636,35.949875,-34.339653,-143.660858,-0.293067
3.335608,2.704768,13.568202,93.790154,45.198036,-86.826073,0.538022
2.522635,3.319534,12.824236,138.474350,78.685608,-55.088608,-0.456371
3.418450,3.303136,10.897101,104.593460,-89.452934,-60.843048,-0.174896
3.004114,3.712981,11.424590,94.708603,47.065453,-12.747032,0.931674
2.891433,3.246554,10.925514,1.511036,81.131462,60.754044,-1.134489
3.291969,3.297739,12.194698,-21.542259,74.230484,-20.789957,0.371231
2.969001,3.564806,15.067204,22.452684,166.104446,110.305489,0.408495
2.550170,3.604469,13.126961,11.991175,142.439026,-203.014145,-0.077950
3.096020,3.074535,9.989662,63.920174,-90.618317,90.161484,-0.048645
2.966879,3.116329,11.082645,17.511360,83.445145,-153.776428,0.001049
3.040523,3.322024,12.340223,33.658504,-53.641197,29.652941,-0.894514
3.046623,2.799202,14.078218,-1.651859,15.633391,82.749100,-0.518510
3.356423,3.659818,12.400558,79.182770,-8.070160,54.303047,-0.045120
3.056197,2.805746,11.910299,-58.938789,48.594749,-52.655037,0.016564
3.528877,3.333114,13.442616,157.022278,-27.062887,24.417576,0.494478
3.395033,3.223892,13.079377,-1.663948,118.413834,-81.305191,-0.074921
2.643960,3.504294,11.775183,53.379410,74.113686,-145.277878,-0.158547
3.007254,3.501508,13.111329,158.274414,64.137749,-40.416077,1.141600
3.081346,3.483422,12.024104,-35.304497,-76.984734,-30.552942,-1.224038
3.088725,3.149429,11.284012,-57.223198,140.798340,-59.285454,-0.234944
2.951918,3.236772,14.229964,50.793598,103.135071,-96.896721,0.251245
3.242182,2.859473,11.817879,124.268166,-73.017273,-21.018488,-0.815765
2.817853,2.785330,12.670996,36.894020,6.049540,-32.787025,0.481862
2.757847,3.342847,10.717471,-55.932968,-7.540354,63.415611,0.238387
2.899933,3.310540,12.480013,82.754608,-88.621048,-92.640358,-1.071538
3.272829,3.409072,11.825897,86.581398,-14.620190,25.622200,-0.729075
3.675411,2.863024,14.431211,34.094791,-37.267609,58.570007,-0.554281
3.398211,2.960222,14.663530,20.791649,26.062359,-19.418798,0.390285
2.999245,3.093811,11.508075,26.807739,-50.343880,196.655731,0.254226
3.269933,3.680930,13.996998,73.509460,-39.027039,-93.712532,-1.291274
3.169675,2.778261,11.548790,80.216537,12.635386,-23.043623,0.299896
2.801172,2.988857,10.348063,59.759537,-105.708466,70.485275,0.379235
3.168710,2.423235,14.047224,-13.441303,0.955604,-162.152588,0.824932
2.619223,3.194180,11.403104,-32.589752,38.624168,132.456421,-0.004952
3.131495,3.297697,11.676773,-0.901360,-51.594368,8.789928,-1.061878
2.729952,3.456633,13.377498,50.701370,-22.407373,90.371498,0.339614
3.571153,3.150887,11.476377,15.750069,71.352783,-37.355217,-0.301171
3.047825,3.512314,12.653844,-2.758362,38.192154,26.481472,-0.247035
3.833582,2.937467,10.954899,-8.288506,94.078743,19.231842,0.702979
2.935088,3.445729,11.783431,46.510487,-44.981049,19.257322,0.648796
3.375660,2.659166,12.778801,162.639542,125.642479,-55.230873,0.807965
3.073980,3.089398,9.098766,64.348572,171.697800,-119.827965,-0.419976
3.450254,3.361691,11.022196,41.220951,-45.087975,-38.433800,0.297506
3.017858,3.287358,11.748650,56.431206,10.048890,-257.568207,-0.698258
3.382065,3.603131,13.071136,26.788387,49.358513,131.443497,-0.117149
2.603883,3.076165,13.550158,108.020760,70.116104,-100.942726,-0.095162
2.787226,3.612679,11.202109,11.764248,-17.188173,-28.785795,0.166989
3.064156,2.783264,12.245110,-48.782402,56.440872,34.392128,0.082424
2.622550,3.473307,10.795573,20.353979,-40.290855,-0.271111,0.441314
3.118469,3.440760,12.962527,22.585745,8.116078,50.454102,0.121615
3.274265,2.965522,13.055247,14.752491,-96.235542,-28.685316,0.566784
3.092077,3.428450,10.609695,87.302643,-42.771584,94.065895,-0.226807
2.941607,2.934788,12.826822,-27.006187,-41.047707,-161.016754,0.820901
3.443909,3.414449,11.100196,1.147953,82.902657,56.006401,-0.494290
2.718828,3.511758,13.927877,18.310972,-70.728355,-79.666061,0.056787
3.551241,3.465230,11.968540,10.477659,127.238632,165.613846,-0.712802
3.652264,3.232615,9.432457,122.249916,27.964497,15.840452,0.793314
3.426912,3.109287,9.800018,50.527695,-42.455330,132.027588,-0.126860
3.111218,3.232354,9.858121,47.499035,164.807571,-85.038246,-0.459099
2.996686,3.667713,12.741317,-69.521172,99.458351,-26.615202,-0.308260
3.411775,3.318459,12.786926,-10.557442,123.823051,123.346603,0.318393
3.061210,3.045664,14.302525,40.130585,5.904324,22.806402,-0.049160
3.210482,3.485137,10.602650,35.793320,43.588375,69.892441,-0.153235
2.520049,3.310093,12.618077,1.418972,-16.756426,-169.208679,0.267562
3.520631,3.147085,14.990592,54.747810,35.792561,-72.601074,0.202598
3.468747,2.852614,10.572887,36.088337,147.381027,93.865913,-0.016747
2.704630,3.415317,12.778753,96.183052,32.187935,-192.528030,0.287362
3.221341,3.332120,12.601527,47.510696,46.184315,36.658821,0.045346
3.365452,3.333420,12.689443,68.012283,52.393486,-19.713690,-0.141207
3.018986,2.725142,12.176489,99.604050,-30.835070,-43.515503,0.937823
3.014060,2.888503,9.946033,41.838806,-132.428299,-44.616783,-0.066136
3.484081,3.558828,10.599217,-3.338787,185.953705,-35.965912,-0.297475
3.237242,3.217704,11.710966,14.767391,20.940910,30.272556,0.704124
3.244812,3.265971,10.250551,96.310226,-32.965782,100.051682,-0.000854
2.862080,3.177046,13.512175,-36.431953,-37.795967,298.635803,0.225076
3.186667,2.881521,12.576545,-42.556778,130.358643,-72.061371,0.654064
3.452502,3.399340,12.742924,-12.251778,-25.110868,139.105087,0.246945
2.927023,2.998922,11.145470,40.049946,11.577450,-0.480107,0.324910
2.713395,3.093777,11.854663,130.568939,8.716052,-151.606155,0.851652
2.975115,3.296081,14.807257,103.785957,89.441124,-16.383467,-0.629570
3.380199,3.146280,12.824067,52.527153,-63.005920,6.539907,-0.067391
3.488640,2.953313,13.171220,86.405533,90.502754,13.671219,-0.091606
3.552979,3.088315,10.705183,179.634308,154.995483,-75.015144,0.535952
3.326781,3.049096,10.623628,66.722549,28.545467,-61.137093,-0.211891
3.259323,3.241244,14.416650,8.014885,36.370255,-20.245752,0.520811
3.016894,3.208146,12.483745,168.655304,87.747154,-90.302734,-1.116856
3.233770,3.591326,11.285313,-101.313896,90.339714,302.144623,-0.138826
2.560325,3.291360,12.729406,-12.737667,-41.207512,-155.860107,0.470416
2.958987,3.298552,14.778516,3.679287,-57.592400,101.840836,-0.403770
2.958707,2.394375,9.473752,-19.823956,-64.106712,-21.244116,-0.049685
3.370657,3.069632,12.036558,132.293518,124.618279,-32.321983,0.914052
2.699904,2.777742,11.868448,120.530159,-8.739403,-46.458946,-0.451800
3.374996,3.004247,12.434385,33.588573,31.022829,-113.506721,-0.105693
3.365724,2.706306,10.638435,73.604263,60.427582,-291.573822,0.114277
3.397607,3.590608,11.379949,38.401550,116.420296,-102.539162,0.453032
3.157248,2.420868,12.753458,-17.671635,-11.435522,1.897621,0.002919
3.382447,3.573876,11.469302,1.186588,110.497154,103.525307,-0.325771
3.423489,2.179732,14.046904,60.965965,164.816437,-10.902592,-0.314509
3.211890,3.042758,12.804484,36.186226,-22.763102,-57.922653,-0.030036
3.778562,3.086343,10.097768,75.460030,-11.449057,-72.897827,-0.300041
3.652854,3.244647,12.873755,53.956657,-52.888939,87.448181,0.043059
3.308355,3.375239,10.841061,133.306641,15.772451,-70.787971,-0.780469
3.418402,2.846355,12.715990,127.002037,126.606453,142.616974,1.291769
3.393468,3.270576,11.791402,17.684528,111.928688,-83.214645,0.256101
3.153737,3.385718,12.712336,22.068672,-67.548409,-251.994934,-0.151562
3.107344,3.165235,13.534989,-81.957649,69.390480,-2.236099,-0.415233
2.907202,3.283066,14.994209,17.437159,12.056518,70.401566,-0.446140
3.024029,3.002549,12.169917,-25.692680,58.304504,58.819244,0.135787
3.045934,2.671157,11.989358,129.836853,-144.446747,-193.977097,-0.200190
3.096617,3.019515,13.189906,-1.031796,36.493332,-74.517014,0.525185
2.805228,3.219383,12.621678,53.307804,1.983885,-42.990326,-0.167505
2.981366,3.268636,12.680655,69.134720,-140.861099,-57.256119,-0.756602
3.526732,2.792428,11.573948,54.934334,6.145354,-27.066744,0.495270
3.166710,3.457977,10.981080,107.315910,-1.396915,41.279457,0.291915
3.603352,3.947278,12.896119,75.309433,67.167023,-27.558664,0.069423
2.461284,2.821611,12.671997,115.926552,20.177120,-24.421122,-0.552844
3.198481,3.703766,14.087124,16.086275,-22.282190,68.760048,0.262822
2.889182,3.073674,12.878404,38.622555,-10.348980,19.955540,-0.438213
3.497229,2.986050,13.102853,70.300415,75.880905,-59.139587,0.049932
3.390390,3.387624,10.437855,66.106155,-97.872543,16.967470,-0.061410
2.765118,3.544262,11.232330,115.742081,-10.073488,38.723778,0.330200
2.583883,3.150190,13.308101,38.843372,-3.724657,154.233215,-0.337725
3.201255,3.469791,15.336135,-3.184647,27.966965,95.455513,0.230930
2.590506,2.390140,12.584862,126.749924,-39.799309,-19.383764,0.433668
3.057775,3.354454,12.300328,110.540695,40.949730,-8.608206,0.363569
3.010574,3.689006,11.006299,22.132423,41.764469,-192.113983,-0.161518
3.510737,3.447814,9.425560,92.613800,-26.740183,18.547871,1.103782
3.412736,2.793045,12.023605,26.209579,-119.847260,-67.156471,-0.533277
2.847916,3.395282,9.614134,160.382294,112.563080,76.765694,0.030786
2.774961,2.757027,14.210913,20.249834,21.482922,-39.551559,-0.062440
3.087024,2.879150,14.048066,40.059322,-8.462023,135.292618,-0.469651
2.927669,2.816249,14.070420,20.367374,24.368965,-65.239876,-0.337506
3.187208,3.145316,11.311778,159.324280,-64.697800,-76.300102,0.153191
3.325900,3.178394,11.160354,128.905304,56.618057,19.569057,-0.282816
4.043319,2.665289,12.602065,-9.428291,-11.737829,45.751282,-0.928414
2.929830,2.977269,13.607582,-38.293602,223.964325,-39.662804,0.252172
2.618213,3.493327,12.184735,-12.347553,-35.154175,21.427757,-0.361341
3.276024,3.182287,11.381458,55.913574,-1.943048,58.315880,0.206357
3.048860,2.961545,13.414390,146.993103,35.087151,-77.840782,-0.017794
2.920840,2.885392,11.179685,44.937706,-206.283997,22.545029,0.312827
3.143137,2.990063,13.860072,114.531960,4.031455,199.482895,0.108890
3.411752,2.841171,13.770019,-24.433140,35.051243,-96.709251,0.219543
3.100569,2.755662,14.962810,159.722839,88.058151,-57.511818,-0.497609
3.254297,3.349610,11.465832,9.547272,82.177017,29.655504,0.588922
3.209861,3.339641,10.411290,16.817938,-29.816908,-132.566406,-0.136379
3.078870,3.578152,12.311726,17.200285,-118.535645,-13.292582,0.403957
3.570287,3.247517,14.359940,-25.463028,70.161415,16.372000,-1.064706
3.676996,3.346388,13.749469,102.834511,-45.371857,-27.658724,0.527771
3.003873,3.458952,12.076013,28.865900,-40.479141,-110.957153,0.872164
3.433625,3.374568,12.062346,125.286293,137.963165,80.273293,-0.037155
3.303361,3.325521,15.844625,-4.488415,-11.550829,-99.129639,-0.209810
3.281078,3.418063,13.031908,-10.845169,-119.927643,147.896271,0.294797
2.637594,3.510309,12.723019,30.708117,120.599396,135.399658,-0.062080
3.600561,2.933949,9.845248,43.856003,29.915041,-68.864639,-0.430481
3.484903,4.255765,12.249583,122.485931,20.964539,40.731052,0.229021
3.306902,3.272932,10.842947,-7.678234,149.149353,51.143990,-0.359985
3.422092,3.398132,13.377775,-65.244484,-30.136408,-195.284393,0.674993
2.921122,3.390254,11.934006,22.197880,69.044258,-176.637680,-0.102486
3.658144,3.505841,12.397486,-5.150600,-33.540878,177.357315,0.036853
3.084287,3.446553,12.986221,78.561493,-47.120720,119.161911,0.082852
3.056047,3.182428,14.239856,36.013580,-111.114891,-47.984825,-0.290836
3.087464,3.526360,13.172098,89.638123,-4.165165,-71.210655,0.604055
2.945240,3.088481,11.559040,-68.404121,-104.527328,13.014198,1.507987
3.247851,3.022773,12.272629,-4.672703,97.227150,-35.206757,-0.373785
2.745724,3.747144,14.989400,-98.036629,-74.013893,115.790863,-0.663058
2.990684,3.127522,10.410876,38.726845,54.432549,-128.515457,-0.476949
3.243133,2.551936,12.541929,-17.551998,23.771666,-9.835642,-0.428619
3.578268,2.985120,11.754773,109.461365,78.374969,-79.489601,-0.530806
3.281565,3.224561,10.718495,44.089390,-110.234970,-18.399950,-0.586326
3.324861,3.285937,13.052176,13.162832,-7.693684,280.183472,-0.494066
2.919002,2.983900,11.490940,-26.582180,46.451126,64.121468,0.447604
2.621762,3.142708,12.807929,137.605286,-0.695326,-102.147339,0.185733
3.489946,3.257937,11.762612,63.815060,-27.288973,-7.157553,-0.881298
3.585386,3.372755,12.779275,-82.088333,45.024727,39.826130,-0.093745
3.529487,3.140390,9.836704,57.810051,45.167835,72.897293,0.423913
3.111603,2.736938,14.633450,109.476189,-69.616455,146.645264,-0.371818
3.206752,2.880334,11.304887,113.231232,97.676811,-0.270422,-0.245679
2.994240,3.431314,12.661295,10.722759,-121.914505,-112.278992,0.241387
3.805165,3.157976,11.213106,69.869598,-1.206474,-55.033035,-0.368494
3.129044,2.682657,13.613648,-83.906494,-36.690201,-106.320267,0.135258
3.630828,3.076158,12.602817,-5.068707,25.648705,-17.547007,-0.732062
3.079256,3.256942,13.300252,113.984009,-41.685669,55.289345,1.061342
3.194108,2.750405,11.928033,62.422535,-53.786064,-316.235870,0.201878
2.936703,3.297568,13.506622,42.686291,4.795171,33.908081,0.358829
2.736009,3.193648,13.760156,-49.032578,-119.907730,-132.640350,-0.855744
3.074098,3.134783,13.431976,30.269302,1.353533,82.769234,0.525376
3.807305,3.023379,10.461079,-16.255245,25.550800,32.313118,0.364232
3.253286,3.299184,13.734650,31.913490,14.148396,84.983536,-0.923539
3.179162,3.305293,12.852391,3.260082,-101.331268,-32.181267,0.462749
3.241408,3.054738,14.028691,6.433079,103.865143,176.529892,-0.106899
2.801302,3.361550,12.871408,-53.514336,90.505547,110.492546,0.139562
3.446407,2.986162,15.329439,11.900969,-80.480270,37.103088,-0.542424
3.335053,3.409061,12.469170,39.186451,65.330254,71.319588,-0.095879
2.709109,3.633624,11.263824,164.853821,4.616700,17.924843,0.459462
2.986727,3.122551,12.372535,137.220856,4.221034,117.305229,0.275456
2.967788,3.442263,14.005377,21.363203,34.981228,129.994308,0.290834
2.891863,3.098948,14.213354,15.782486,130.778732,-186.816574,-1.287576
3.621141,3.287028,14.399074,87.234055,-124.514832,241.385635,-0.290440
3.162316,2.829092,12.068824,80.308655,-23.165388,53.756813,0.107362
2.921041,3.356847,12.546134,88.368294,-30.891619,71.247200,0.993069
2.898643,2.738436,12.883117,-24.493774,31.467701,137.346710,-0.693489
3.478308,3.648965,13.065496,-22.521381,-26.394175,90.416595,0.093695
2.756069,3.880219,11.473363,21.809486,-60.140488,-165.020721,0.013398
2.676466,3.232351,12.869480,-54.514503,81.641617,-136.293503,0.777540
3.876855,3.164727,13.397939,-10.871609,54.978523,-12.629091,0.121962
3.725502,3.702231,12.095178,66.891525,69.966774,-62.911446,-0.122257
2.900414,2.635119,13.431596,-18.098442,-166.175827,2.158749,0.228007
3.551579,3.177339,12.563092,34.021130,-10.232304,24.843422,-0.496299
2.368178,3.088100,14.288769,49.956272,39.230419,162.749786,-0.142740
3.378542,2.986502,12.612798,81.920494,62.608040,51.641304,-0.237097
3.006456,3.487107,11.924431,104.823250,-64.454086,-99.717972,0.018285
3.447097,3.127281,12.676061,60.936394,55.403969,-271.450623,0.861318
3.364676,3.253919,13.071217,-113.335670,-12.030968,140.858810,0.891076
2.847880,2.653572,12.821728,23.298092,50.723167,97.980423,0.606135
2.490633,3.148922,12.122240,-54.439468,43.218788,-57.854309,-0.061981
3.034877,2.982918,13.378078,51.530846,72.677650,15.968636,0.805078
3.553291,3.329584,12.641321,29.243408,-26.234442,-111.991463,0.128062
3.390804,3.104599,12.876537,41.380489,30.372864,25.926439,0.881338
3.151391,2.807949,13.575325,-47.304024,186.097672,55.800926,0.761216
3.127798,3.160037,9.912891,127.099495,-48.010017,-89.094955,0.403785
2.979115,3.621465,13.709195,36.707699,-53.004532,76.970306,0.745227
3.112385,3.401315,12.654914,47.796406,-58.040573,49.196236,-1.106078
3.175181,4.143563,15.491185,-51.449722,-21.040686,49.026909,0.165352
3.339982,2.946706,12.737865,137.937134,-17.397840,57.448051,0.625687
2.995819,2.579997,12.045959,54.472023,-11.387562,-59.114639,0.464500
2.557737,3.119468,13.146997,65.788773,63.555901,-71.843147,-0.630748
3.078625,2.431668,14.070852,92.712715,-115.985306,144.063004,0.146132
3.180501,3.446748,14.218660,46.585339,24.698624,13.688450,0.273896
2.490757,3.134341,9.453166,46.378056,41.665878,-56.983391,-0.964300
2.812665,2.886732,11.381269,61.526951,-47.441658,81.648827,0.054356
3.426651,3.030771,13.018992,-42.253166,-93.174599,171.554398,0.293507
3.154292,3.643920,12.122124,44.829945,1.432271,44.551086,0.153147
3.107092,3.672601,11.558337,-34.416374,-72.811974,33.621933,-0.058586
3.004500,3.127899,12.335656,19.140846,-25.279593,-98.329117,0.280750
3.171158,3.389339,13.768710,162.469269,68.978210,7.651942,-0.053024
3.039823,2.887586,11.973694,-14.084602,32.719299,81.398888,-1.049033
2.602681,3.484514,12.903305,-7.378983,153.755981,203.692200,0.119994
3.321944,2.862140,10.452147,13.354839,-1.283890,83.540276,-0.808382
3.213711,3.638491,10.960948,-16.394001,-111.254181,32.744221,0.627712
3.103767,3.072382,16.312454,-57.225960,-32.599144,-120.938393,-0.757413
3.508376,3.159802,11.829823,-47.813919,-129.422592,-11.576572,-1.304380
3.298280,2.825937,13.044107,31.737362,102.543900,124.369583,-0.217439
3.276074,3.325688,13.529808,59.151001,-30.710878,80.303009,0.527145
3.399941,3.367381,11.672172,-52.510094,62.510223,-98.690582,0.054282
3.131980,3.263965,12.280849,48.497650,106.527397,-184.113815,-0.543038
2.928986,3.216679,15.098089,-38.527954,103.985214,-13.420309,0.035111
3.076033,2.723917,11.687404,27.788363,80.106628,-36.227760,1.034180
3.123457,3.068136,13.961287,81.087662,51.119179,74.486382,0.777706
2.814451,3.025717,12.047523,72.395874,47.394878,186.425720,-0.669633
3.680853,3.069842,13.836500,88.582764,10.898860,36.406654,0.045724
3.399433,2.586688,12.852961,35.535412,82.459473,74.183334,-0.614798
3.129239,3.605270,12.945390,-37.994308,111.578056,17.495853,0.266795
2.723618,3.274620,12.028502,59.922455,22.421112,124.886040,-0.402536
3.988137,3.814337,11.196680,154.219086,-75.663048,102.897446,0.389661
2.963955,3.503307,12.681756,109.879097,-100.915085,52.549843,-0.828108
3.516457,2.703011,13.085184,1.669289,-11.747356,-62.414177,0.066611
3.116507,3.241756,11.366578,126.025879,117.404732,-73.101730,-0.418075
3.529201,3.177396,12.299533,3.298470,-62.805809,50.549828,0.402448
3.549562,2.963921,12.360100,1.179043,149.467026,-43.511719,-0.294189
2.648772,2.842733,11.806350,96.735413,98.159462,0.684723,0.497002
2.965369,3.420176,9.654385,35.273476,26.208878,-50.221634,-0.289569
2.979677,3.183935,13.654774,21.855061,56.528564,-171.913437,-0.054769
3.278724,3.226996,11.668682,239.755524,-56.073021,22.854450,-0.252135
3.528495,2.993512,15.683743,97.191055,-28.670450,136.317261,-0.390240
2.798224,3.212614,11.718128,24.981106,51.574776,-153.902435,-0.106694
2.802904,3.027110,11.443140,96.533394,-55.370712,-56.836838,0.803874
2.748353,3.784604,13.334415,12.999640,14.338757,68.501060,-0.126443
3.197163,3.944835,12.248042,-57.052727,-218.648361,-99.691757,0.187919
3.182201,3.482872,12.227028,66.275017,163.329407,-7.160971,-0.642113
3.721717,3.360743,10.828247,2.177307,55.092445,-43.467117,0.421287
3.276678,3.278528,11.136534,-14.662212,84.848274,165.691772,0.073281
3.293027,3.495628,12.548255,25.156948,-67.585129,-51.824333,0.228283
3.351683,3.296746,12.932554,102.562439,-26.662764,145.805496,0.406460
2.808196,2.233558,12.446625,77.539528,-54.397194,13.745094,-0.437145
2.547960,3.095776,15.085667,110.934868,28.690014,-75.736038,0.164803
2.947965,3.810875,11.728399,32.603714,36.650871,-72.939163,-0.292059
2.995223,2.664071,11.342480,4.480608,21.368664,-18.070158,-0.148399
2.935637,3.340339,13.038445,13.710144,179.593887,-117.648109,1.177220
2.930333,2.877373,11.055437,33.538559,87.557869,-143.524628,0.503584
3.865657,3.791845,12.993379,79.254272,17.053946,-62.209747,-0.686202
2.887460,3.235216,14.015651,65.992493,18.555313,-31.271063,0.177190
3.273709,2.745270,13.383326,75.331573,90.862900,-158.926407,-0.321496
3.991095,3.044950,12.319713,132.191223,74.729271,102.560677,0.547522
2.801528,3.447657,11.951095,11.690207,22.709164,160.873611,-0.219018
3.116813,2.876679,13.433707,149.016800,-22.334154,-39.392128,0.459264
3.243864,3.300129,12.723758,54.034607,32.821880,74.443848,-0.033442
3.131595,3.132906,11.731125,2.786205,43.292549,123.583076,-0.626442
2.913767,2.956530,12.445432,40.579369,26.807722,214.139618,0.283330
3.011291,2.994919,12.505673,53.286789,-69.865372,-87.562042,-1.449140
3.363177,3.479472,10.058767,31.949163,-114.502487,-39.546112,-0.905621
2.866653,2.306628,12.918092,-36.290565,-47.109169,-156.584305,0.544378
3.266155,2.737761,10.500283,-4.430008,23.281233,-201.761307,0.113078
2.917286,3.237806,14.389908,14.138454,9.239498,-148.381226,-0.481025
3.278323,3.631747,10.795927,62.652023,79.583351,18.016464,1.240907
3.259573,3.258405,10.786573,0.918423,-32.070435,-160.540833,0.532899
3.238736,3.773906,12.464622,72.714249,4.700704,140.257202,0.214095
3.001153,2.837490,10.372448,54.121658,78.521812,5.763889,-0.647048
2.893109,2.654768,11.053585,38.026703,62.805695,122.470322,0.157826
3.459831,3.084762,14.545523,-0.792492,-98.284317,30.593861,-0.153156
2.766890,3.526259,13.535501,16.683437,-135.061417,281.079346,0.387900
3.620129,3.104309,12.928641,35.957500,15.753075,-14.187952,-0.459638
3.101907,2.856631,13.018254,96.553528,92.604980,182.835083,-1.076474
3.180224,2.943037,11.636934,59.580769,62.189995,-79.172775,0.310467
3.150365,2.197391,10.886293,22.495178,29.454273,-33.429733,0.279954
3.054680,3.131577,11.575396,47.581474,42.446754,159.410767,0.491094
3.457225,2.894974,12.057619,31.285408,48.508942,87.736893,0.073067
3.277847,3.545578,10.835764,-24.142128,63.333321,-52.969109,0.809536
2.861498,3.247966,9.283512,52.070862,112.795532,-126.240196,0.419077
3.359936,3.586808,13.786819,92.903885,143.275177,20.992380,0.403290
3.518968,2.959232,10.525721,-29.786560,18.927444,168.189682,-0.122150
3.512611,3.520941,12.384152,31.753857,18.507923,308.083008,-0.485470
3.632888,3.280093,14.222240,67.627014,125.252197,155.008835,0.071560
3.753879,3.094241,11.640889,24.010727,-6.746075,91.855949,-0.269624
3.278667,3.235581,13.166361,56.534245,-2.566345,32.968071,0.377436
3.225280,3.356269,13.565904,6.185301,20.401382,-30.044561,1.326945
3.301179,3.640354,12.199173,-15.831665,-72.373459,-201.148590,-0.424710
3.704655,3.030398,12.807636,6.286415,28.062180,137.986969,0.170852
2.962220,3.075811,15.040134,39.383934,14.614614,-120.986046,0.055377
3.279356,3.783449,12.822709,47.154816,-56.812294,75.453278,-0.016351
2.746078,3.587914,11.449847,-44.171265,44.310539,-21.645483,0.096181
3.265640,3.474146,11.003423,-16.505840,71.714760,-122.715385,-0.271173
3.845679,2.788034,12.202305,15.884605,-11.961285,-78.144356,0.028577
3.662987,3.325824,10.929595,-6.879604,57.920967,-41.723083,-0.555790
3.238605,3.338717,11.179206,50.105648,-107.379120,74.200172,0.429259
3.260385,3.252039,11.912233,28.170784,19.934961,187.727509,-0.466310
3.417645,3.650775,11.512714,56.889702,-29.695601,-41.813881,0.312813
3.279533,3.472818,13.237206,-10.155853,14.803264,75.778114,-0.497567
3.454438,3.811965,12.121469,120.660179,52.257843,-30.242517,0.169210
2.707094,3.112131,11.730286,165.104156,-47.048004,-62.566391,-0.206612
2.718313,3.435146,12.739222,78.831024,104.185730,99.322594,-0.450664
3.077297,2.894541,12.179006,53.787186,99.112366,-140.232285,0.186396
3.621240,2.938084,12.224547,17.609804,25.151474,155.448959,0.283185
3.625449,2.848375,14.275363,-54.928047,33.482967,-111.105110,0.197453
3.336757,3.521534,11.359536,24.410978,42.003036,8.219067,0.121665
3.016893,2.905209,13.968384,55.545444,-5.669649,-108.864487,0.160921
3.383479,3.517792,10.940248,47.264721,-47.358902,216.466934,-0.242669
3.299281,3.333478,11.036421,87.041794,-93.200287,-105.158676,0.307777
3.418815,2.895302,12.527897,83.270058,16.327660,-137.158875,0.358534
3.004073,2.923577,12.346508,9.070555,35.087685,1.731735,-0.191092
3.329538,3.361193,12.192595,43.428802,-98.008537,-6.610014,-0.503457
3.367500,3.096237,13.650690,2.563995,-84.713638,-124.521950,1.653247
3.496711,3.134944,11.825031,51.413399,168.957153,17.889246,0.083613
3.152847,3.790764,13.692062,-9.165794,0.264671,-106.988976,-0.375680
3.363331,3.110582,12.430045,93.934998,58.010651,59.046669,-0.446743
2.670697,3.566177,13.945802,-5.944302,-29.474520,195.631195,1.085705
3.573901,3.333590,11.170810,41.365662,0.295269,-87.494980,0.643357
3.167187,3.268071,12.660045,108.418793,160.095001,60.775810,0.461335
3.276210,3.082311,11.633997,70.137878,-9.876703,-46.846893,-0.202148
2.854612,2.865551,11.223642,8.084957,120.982079,150.564438,0.003768
3.258259,2.891855,12.076406,-23.885391,-17.142118,90.883400,0.314042
3.434640,3.370046,11.444356,44.772671,63.818550,-48.791832,-0.002249
3.230142,3.002792,13.850819,43.339687,46.473663,150.244080,-0.443677
3.398800,2.574052,12.635004,8.938032,-39.510872,113.574677,-0.744280
2.679805,3.422246,13.193893,-0.190819,-121.063400,134.836319,1.101072
3.127755,3.138392,11.142349,72.444366,25.691008,-143.213150,0.062109
3.321723,2.944403,13.308916,50.685837,-12.307884,271.952698,0.197731
2.850919,3.217915,12.067879,60.872135,36.248436,37.795486,0.533641
3.404541,2.746635,13.923481,-49.544998,82.952888,27.835714,0.311163
2.978963,3.081159,10.629779,87.580284,89.364250,108.880165,0.535246
2.759572,3.200601,10.258601,84.973274,9.124702,-133.738129,0.978895
3.061911,2.903202,11.344563,-20.464474,35.295319,114.313164,-0.979499
3.067910,2.786662,11.058844,131.356476,57.151894,37.681141,0.192536
3.029992,2.988504,12.899225,-3.698360,-4.301117,62.210403,-0.250056
2.695665,3.422708,12.805486,-21.043346,-66.331284,17.069263,0.178190
3.190055,3.343866,12.291389,103.674385,84.484558,29.326183,0.603959
3.081365,3.351278,15.064165,53.723648,7.406097,187.679901,0.062851
3.663275,3.280133,13.240916,87.157593,-89.571419,112.886627,-0.082320
2.890470,3.149112,10.265379,118.779190,58.184723,0.138005,0.567576
3.474893,2.494490,12.188210,14.593384,-104.029190,-1.943630,-0.504372
3.197666,3.459205,12.360882,0.027668,-58.499313,170.020065,-0.409963
3.323525,2.521676,10.667620,54.017822,38.897781,-159.836044,0.241295
3.291920,3.325618,11.985190,13.904583,-105.975784,67.038811,0.489655
3.219239,3.295702,14.053585,-9.947567,7.999635,-158.132126,0.485029
3.203946,2.914722,12.505292,67.720497,-0.300289,101.716003,0.226073
3.282317,3.318338,10.471905,123.114861,-45.675430,-3.974813,0.296257
2.986890,3.301871,12.956446,142.001984,52.094208,-33.532860,0.017451
3.356080,3.456019,11.825026,-36.914421,38.503418,110.989388,-0.515673
3.145950,3.040776,15.390228,134.758331,114.629356,119.276566,-0.642348
3.087534,3.370535,13.529610,9.875580,51.964584,59.326355,0.106489
2.793310,2.846364,13.940345,32.721527,16.362198,58.436165,0.404347
3.081022,2.803617,13.359941,-34.033943,34.794319,-41.902435,0.009899
2.809274,3.079937,13.478475,-60.414780,10.861886,-64.367012,0.756940
2.927083,2.193443,12.859114,-11.261112,-169.170502,151.450439,-0.593960
3.069643,2.965529,13.010527,-58.631096,9.882866,35.122341,-0.773958
2.895169,3.475852,10.865824,112.461823,-13.565102,-39.175713,1.434227
3.037970,3.421171,10.726871,20.068241,35.805489,1.503881,1.059884
3.623321,3.042099,13.840583,115.983490,62.041016,-62.256660,-0.108223
3.252002,3.667057,12.129637,84.408386,-19.959307,131.723251,-0.451536
2.865409,3.104537,11.262596,64.531502,66.731033,-160.058121,-0.289563
3.105699,2.772759,15.704630,48.138565,41.824135,102.387344,1.040530
3.812782,2.952689,14.422000,34.431091,-25.421698,65.668137,0.160116
3.028565,3.375881,14.815798,32.860661,108.795357,82.898094,-0.730137
2.723009,3.343111,11.874518,74.160950,12.091019,-300.759766,-0.273604
3.108148,3.003882,12.885552,-7.473846,-46.023209,-2.702564,0.491505
2.982256,3.461833,9.084002,41.804607,-5.031925,139.353500,0.238310
3.579879,3.281947,13.055792,42.443451,-0.917627,-135.511200,0.194824
3.120722,3.237417,13.123311,136.563553,61.984390,-182.534607,0.809388
2.393385,3.608643,13.117525,15.526625,-53.296883,-73.865990,0.068021
3.292723,3.155784,10.979662,154.650330,21.871407,-177.760010,-0.427225
3.173438,3.537817,9.961404,-25.519379,-6.118439,-170.603226,-0.828943
3.176759,3.151529,11.636207,97.657700,64.783104,0.705707,0.691302
3.293659,3.048878,11.300859,-38.087578,-70.466148,-31.859121,-0.263493
3.278802,3.045998,11.579867,-59.912666,99.346130,113.683655,0.121729
2.750891,3.529181,13.000761,114.183899,-23.853949,-81.384148,-0.320509
3.467580,3.286001,10.437512,-10.280731,-46.405540,228.260315,-0.483668
2.896369,3.272291,11.174257,20.099028,16.057508,-8.959332,0.126442
3.204916,3.389678,12.722353,66.157440,18.805382,-12.957607,-0.610694
3.349716,2.828457,14.019796,5.740723,-42.364517,174.372009,-0.499614
3.051904,2.730571,13.273128,17.108240,-16.238775,-158.172562,0.200124
3.783569,2.628880,11.364307,113.744453,16.306498,81.788368,0.346957
2.856812,3.631559,12.565621,93.548416,-23.324385,186.150406,0.234172
3.547235,3.391131,11.770422,-48.350006,27.956924,93.519691,0.663920
3.605615,2.939951,14.382259,18.978054,-178.825729,-13.167150,1.093383
2.783022,3.373101,9.897992,106.204659,38.652954,-168.392502,0.389203
3.163581,3.458991,9.829990,119.997475,4.559723,-0.401537,-0.508121
3.355841,2.924203,8.225605,77.262115,68.298355,145.825775,0.086819
2.903478,3.207485,14.329113,58.914799,71.303062,-107.576752,-0.208531
3.270559,2.663217,12.139952,58.925941,-58.647903,-245.847992,-0.848231
3.088009,3.028109,9.816189,-40.290306,38.660980,112.627716,-0.255167
2.983596,2.436622,10.536293,83.566452,40.398727,53.963875,-0.662103
2.934041,3.683482,12.999262,-23.939564,156.439545,-91.697105,0.069610
3.510265,3.179391,10.593791,106.471916,36.834606,68.682121,0.314094
2.299261,3.363506,11.427617,42.323334,-153.392807,113.234093,-0.658593
2.666986,3.254076,13.894048,45.396118,13.389704,-203.680893,-0.060649
2.748928,3.218889,11.885167,23.800777,-43.170700,-35.189651,-0.092639
2.895938,3.583996,12.058338,-51.648529,129.545410,162.841095,-0.940959
3.390190,3.104911,11.658800,-24.616879,-75.136879,114.687408,-0.534127
3.045921,3.027784,14.126695,98.316093,170.091888,61.597542,0.609082
3.311176,3.550906,15.046566,-49.619072,-13.507494,133.520721,0.123233
3.009464,2.680962,11.291004,11.692417,51.255386,-148.107834,-0.043103
3.133320,2.961081,12.083928,-47.959702,156.141266,261.161621,-0.356398
3.192469,2.653876,12.402805,19.323158,84.986115,-193.201950,-0.487412
3.266995,2.990262,11.734339,84.365486,-41.292839,-136.086258,-0.258344
3.284007,3.065586,10.685939,19.014795,-3.218357,-99.271896,0.180769
2.731004,3.415424,14.709881,13.866827,-156.980881,-29.601500,-0.272653
3.355490,3.042276,10.816724,58.003895,-20.363089,-47.133110,0.003533
2.860808,3.207247,13.603697,129.524475,54.480751,128.091385,0.183858
3.413718,3.361110,11.951939,-1.809834,-25.432398,95.753128,-0.836344
2.766059,3.368409,10.857634,61.178642,-39.386887,24.108093,-0.691817
3.255743,3.186440,10.365566,23.112629,-72.287216,45.878075,-0.278484
3.554209,3.111828,12.435658,-105.775902,-40.342087,-52.084473,-0.323790
3.506674,3.101909,14.309204,-15.996574,50.369392,-27.932745,0.803271
3.347707,3.037273,13.449151,108.273804,-16.726538,-6.462399,0.049486
3.605683,3.706005,14.131228,-29.009796,-206.966019,36.412598,-0.550561
2.572377,4.033298,9.806285,-2.662186,-51.233757,-40.326073,0.245832
3.477800,3.036331,14.606680,73.781143,211.755127,50.710838,0.382506
3.002374,3.876939,11.423224,37.242832,149.594986,67.471321,0.548714
2.922106,3.599513,14.535711,15.096626,-143.140976,-99.502045,0.062061
2.741881,3.030298,13.845071,32.445549,73.340271,243.584488,-0.070707
2.996004,3.673042,11.685256,106.874550,-9.276270,-23.947206,-0.134150
3.480942,3.176708,12.757782,120.260994,-87.451073,-77.939056,0.527426
3.290026,2.956736,12.079464,-0.857513,77.385719,58.659386,-2.052810
2.829543,3.163041,11.788395,-15.697449,27.152225,-16.823395,-0.167864
3.506383,2.772366,11.788396,127.388336,-49.428917,63.455925,-0.086986
2.572853,2.987417,11.318423,22.949100,-125.962601,47.846092,-0.654796
3.024824,3.007981,12.078867,14.682640,-57.302200,90.409149,-0.133315
2.920747,2.772942,12.416944,50.278511,26.373505,151.819138,-0.200368
3.060392,3.428331,13.141626,-3.214436,64.789902,-18.241270,0.062705
2.825315,3.086398,10.849090,48.693954,-70.465279,-182.624329,0.485449
3.301922,2.972998,10.329865,73.143311,93.575027,338.287384,-0.464867
3.261623,3.238033,14.923918,-14.925175,50.017937,109.777794,0.118661
3.194309,3.143214,13.129025,67.979095,44.811565,-22.105894,1.243774
2.926660,3.144161,12.823903,-17.181293,55.280823,-166.223419,0.393669
3.291315,3.153465,14.084206,-7.222588,39.157341,-53.095093,0.374084
2.599663,3.184577,12.783721,111.608284,40.743813,9.216494,-0.293242
3.493042,3.246005,14.626618,-8.763260,157.831238,92.001213,-1.046882
2.759350,2.779845,14.038638,-19.598503,-13.928734,148.440506,-0.121560
2.944736,2.884783,13.616442,75.501053,-153.440887,-156.386337,0.930229
3.241577,3.208183,13.310474,90.607239,95.217056,-95.679321,-0.332319
2.871262,2.847256,12.752378,19.640079,131.407120,-150.920731,-0.156319
3.593378,3.048667,13.259597,95.157684,-84.013596,-54.598335,-0.787697
2.645283,3.251524,11.896889,-92.960747,-113.821121,107.685661,-0.318082
2.839085,3.367254,11.964546,37.319073,137.843567,121.014648,-0.124714
2.603587,3.102120,13.339082,112.833153,92.586182,-86.406464,1.351523
3.228549,3.309647,13.105368,-16.327007,41.329155,-92.411613,0.685731
3.095303,3.136955,13.851437,34.903584,37.670654,-86.089432,0.622497
3.362531,3.251980,12.157636,-12.277294,-109.827248,-118.384514,-0.130215
3.001914,2.297297,12.938489,84.075500,42.404778,106.118195,-0.287591
3.520822,3.123051,10.424603,12.196047,20.438366,101.629036,-0.428261
3.066153,3.213835,10.569624,67.245071,-41.944740,-16.830700,1.268454
3.843197,3.046022,12.382781,52.479870,-20.525259,2.862775,-0.915750
3.261797,3.220846,12.307990,31.431435,38.353859,-181.021713,0.357265
3.232148,2.702207,14.575520,72.314201,-38.558823,160.045792,0.415604
3.377799,3.195475,14.459286,-55.243576,-39.136406,29.325169,-0.150360
2.685920,3.242412,12.500672,83.332123,-12.012579,-110.222557,0.764045
2.732251,3.157992,11.872046,58.089561,-42.436729,195.325516,-0.226727
2.966875,2.962603,11.666220,4.548464,100.398186,153.079529,-0.248410
3.387786,2.896856,11.677322,155.798492,103.668007,-206.108536,-0.156964
2.892189,3.198096,16.485888,166.783142,-65.681931,-61.267029,0.231348
2.958473,3.155938,12.786401,37.841702,22.914188,-35.678566,0.615419
3.587633,3.560684,13.421999,-49.029739,-27.288324,27.326099,-0.189647
3.275527,3.252186,14.333313,156.997086,-48.321991,203.565994,-0.220354
3.081956,2.726662,11.788913,44.513702,-59.230911,50.054695,0.430514
2.905884,2.893001,13.724137,80.701950,29.508991,148.073883,0.813180
3.209366,3.257426,13.262711,53.807632,59.325104,-8.365473,-1.084781
3.250745,2.917890,13.477659,73.133316,2.758642,102.891113,-0.062965
3.578178,3.636569,12.652056,98.522385,-61.218285,143.332825,-0.912421
3.286811,3.605227,10.316689,35.561562,-84.068214,84.039726,-0.405996
3.208939,3.159147,12.309230,-20.225395,-45.912743,-32.789856,0.722660
3.127594,3.467479,10.879741,-36.340515,-30.378782,161.118652,0.093461
3.009142,2.786847,12.091171,61.882370,-109.651985,-113.924583,-0.512068
2.977391,3.001105,12.739970,-33.745293,78.508774,87.097404,0.410802
3.713907,2.717515,12.959119,-12.028500,137.364471,50.525536,0.000669
3.023423,3.067301,14.421281,23.911037,83.998337,145.482224,0.163350
3.343656,3.161159,13.157501,20.739300,120.492775,182.407654,0.134984
3.375942,3.181269,11.348980,52.229301,125.700630,109.038231,-0.327207
2.562914,3.176375,15.212154,-25.457615,70.371384,108.690849,0.142748
3.357945,3.674771,13.943923,89.355560,-59.648247,138.144028,0.275002
2.584275,3.162744,13.658398,10.176298,-69.046471,-167.534744,-0.372707
3.115988,2.993449,12.831264,-19.463440,130.095383,35.631233,-0.134756
3.398406,2.845486,12.219722,97.605118,-87.394478,212.316986,0.706109
3.233531,2.632084,12.612660,24.106495,26.313591,-18.971327,0.183770
3.392977,2.234494,11.783652,30.799170,-113.806671,74.256187,0.357435
3.180179,3.281324,12.779763,81.532852,101.228516,83.305122,0.419084
3.295713,2.799854,12.751899,68.080658,37.392647,-237.561371,-0.345382
3.008076,2.371150,14.051199,56.675240,119.523148,-92.200333,-0.189391
3.024606,3.657758,13.284230,-20.436687,-83.033173,-193.506638,0.149365
3.127553,2.581105,14.433571,-8.820366,-111.077911,-78.432220,-0.065684
2.857531,2.875709,9.577233,18.667404,164.323700,-83.139343,0.623395
3.357429,2.743191,12.992134,115.899231,119.251045,364.893341,-0.011805
3.054641,3.056516,12.815251,75.132126,44.041042,36.003021,1.023715
3.227581,3.161804,10.462067,-28.120087,53.264290,-213.325470,0.528902
3.127081,3.491483,12.005434,-15.733063,98.334259,179.837387,0.079292
3.047838,3.480416,13.415851,20.392067,-77.071770,23.424702,1.139979
3.004050,3.336600,9.880944,41.953674,84.711067,54.887642,-0.481731
3.235860,3.303267,13.365964,43.055859,-66.602600,158.829315,-0.286914
3.519817,2.994841,13.643110,-37.006691,-68.430244,187.998734,-0.830939
2.815910,3.143086,14.368154,-3.211216,-33.680313,-36.543594,0.308700
3.201758,3.227621,11.297966,57.304558,15.687174,72.455864,-0.572843
3.298564,3.603228,12.324506,44.645500,99.612228,55.034813,-0.279420
2.915420,3.517713,11.461545,61.236145,-42.245361,-37.781319,-0.658162
3.365374,3.103139,13.290061,82.923203,50.636444,-0.847307,0.154235
2.931824,3.069587,11.118996,40.999645,22.721252,84.070595,-0.296129
3.030802,3.044185,11.624227,69.102570,69.382057,28.939447,-0.336701
2.968651,3.180537,12.310114,-67.795532,35.827469,-60.646507,0.255591
2.924479,3.543157,13.286329,11.148050,41.967953,10.777496,-0.437509
3.146525,3.235074,13.870986,95.127205,172.936447,-9.895638,-0.121404
3.024123,3.626445,12.994661,-46.296112,88.640259,-89.503769,-0.326770
2.858968,3.068108,10.836413,50.474842,138.823090,-10.237482,-0.299698
3.636278,2.695936,12.593547,79.855087,37.080498,36.834698,-0.208210
3.548882,2.944838,12.425341,81.067009,82.902641,54.485413,-0.641973
2.451365,3.222217,10.926847,68.058548,23.539955,-69.287430,0.458939
3.363180,3.232673,8.216161,23.301804,-4.973886,-87.293579,0.694395
3.244787,2.935038,12.031658,122.615494,33.360081,82.441833,-0.854621
3.513461,3.310835,9.941566,9.875334,-31.577120,-88.941521,-1.153708
3.335798,3.440651,10.856280,14.843664,-167.048264,167.617294,0.473405
3.262262,3.119892,13.306062,159.970825,20.468388,-63.940880,0.740108
3.188525,3.019546,12.214355,18.508228,-3.784071,-93.682823,-0.333508
2.750893,3.519040,11.401594,124.863068,36.151844,-93.780167,0.370251
3.433250,3.420289,11.997903,18.380327,79.910469,14.405395,-0.628291
3.462979,2.928355,9.755632,33.140236,39.754738,-126.836510,0.502763
3.164372,3.114208,11.819933,71.519600,61.799179,48.503265,-0.298923
3.100371,2.840665,12.600929,135.031219,-49.986595,-87.490562,-0.748009
3.274379,2.669188,11.297468,174.828857,61.457985,51.560188,-0.898909
3.341041,3.232074,11.976771,82.040810,-110.910156,-16.590696,-0.604004
3.056058,3.509388,12.027264,-37.418549,-18.292414,63.350143,0.031757
3.459910,3.210431,12.284685,-34.100876,88.257423,-68.176071,0.654062
3.020538,3.420614,12.616039,55.091820,-99.566292,-168.614471,-0.453839
3.330091,3.531945,12.116626,122.507637,-85.219238,-44.782791,-0.162384
3.297277,2.568098,12.056190,118.959831,-48.985214,126.507339,1.281132
3.278352,3.069524,10.115782,69.368073,-3.765911,120.339035,0.585893
3.432044,3.122500,11.051555,-34.269066,18.001408,-149.794006,-0.084790
3.733754,2.413051,14.315788,141.570984,140.285522,214.091431,0.195409
3.482135,3.272120,13.425337,-56.616943,-58.190117,-118.976372,0.286751
3.355736,2.923569,12.247071,50.359131,122.367218,-33.040413,1.020350
3.197337,3.246985,13.290578,17.265266,2.267576,82.811867,-0.989236
2.407173,3.715861,13.425764,27.467548,-47.303520,149.740738,0.516117
2.794755,3.408051,14.083488,104.436707,-0.137598,6.420459,-0.008853
3.222580,2.505355,12.271870,45.618877,66.269562,115.300720,-0.019429
3.093302,3.487987,14.334454,-101.969643,-78.957359,208.240112,0.396162
3.518848,2.990715,11.813935,11.703085,141.250183,47.875763,0.063824
3.410248,3.233497,10.720048,40.388798,15.596977,182.631439,-0.295853
3.395293,3.427145,12.421098,36.752659,-182.579239,139.278687,0.091855
2.978407,2.727818,11.997286,85.013847,20.370216,54.996750,0.227609
3.167594,2.709063,13.622966,95.741791,-61.050339,-152.148422,-0.825498
2.863482,3.046479,11.476918,55.736229,52.527527,42.439827,-0.196852
2.308825,2.756918,12.347210,-4.679260,-21.100775,-80.692245,-0.389327
3.007644,3.545266,12.318431,-73.543274,-39.326042,52.680077,-0.438277
3.627195,3.242128,11.860669,116.287231,101.195061,107.603973,-0.497251
3.126843,3.344434,11.766110,100.043533,12.288090,-69.726746,0.461742
2.878507,3.261246,12.759598,30.491882,168.234070,6.050658,1.093697
3.144362,2.969302,12.561314,52.818588,30.894951,-48.218681,0.288525
2.742436,2.820101,11.496448,-8.908566,-26.490629,52.395050,-0.001384
3.008324,3.478156,11.003887,13.789087,-15.918287,52.904312,0.202192
3.437871,3.541936,12.762924,-8.999901,9.866117,62.314575,-0.217609
3.250821,2.918161,11.848508,40.277985,68.157700,-87.183693,0.771482
3.071464,2.641171,13.356878,156.527267,-15.653223,2.154157,-1.058672
2.921202,3.023214,14.910316,-27.197952,0.945765,22.168133,0.792552
2.583376,3.193577,14.705916,65.760506,-138.135513,-40.275398,-0.615630
2.977456,3.383368,11.944995,16.665293,58.017029,78.493217,-0.890679
3.423305,2.769973,11.908931,-27.015373,65.296806,6.413229,-0.346456
3.358912,3.185752,11.051798,22.419363,-59.106163,32.174797,0.566606
2.802847,3.413724,13.158340,53.889408,-42.588402,-59.628838,0.056995
2.922952,3.151635,11.316413,51.360039,22.782429,-63.288261,0.135877
3.407283,2.651000,11.117203,46.268749,-46.690559,-3.050219,-0.087846
2.892848,2.909177,12.375463,91.876419,-52.492188,-78.045898,-0.182982
3.267188,2.864401,12.445312,114.764221,45.854774,186.645752,-1.010341
3.074215,2.945205,12.094995,42.133156,14.004993,-55.904457,-0.621615
3.820695,3.210650,11.423744,-107.514122,64.614090,-16.116667,0.480257
3.111073,3.246833,13.354918,3.948277,-12.479015,-33.199005,-0.089064
3.248381,3.643646,13.452635,89.582085,124.047768,-46.670441,0.264986
3.998501,3.409808,12.544833,18.598370,-81.523628,-76.497093,0.086200
4.026022,3.543841,12.093574,49.176769,104.664787,-7.340796,-0.591262
3.284375,3.575345,12.187190,106.396233,-30.626345,-121.940788,0.737273
3.258533,3.054801,12.482367,43.587337,32.013119,-128.999252,0.053671
2.972124,2.814284,12.715471,-15.501881,-115.725494,217.466522,0.306959
3.681919,3.048879,11.643463,118.922020,40.305176,15.974209,0.947808
2.650535,3.134614,11.933270,84.269859,73.970268,63.283829,0.515701
3.161143,3.115005,10.604729,6.047966,40.718498,-72.157120,0.580409
3.466141,3.283799,10.800936,-8.304028,176.938965,17.792057,0.512358
2.745655,3.447160,12.411446,21.973232,4.869781,-62.267120,0.118974
3.354037,3.223740,11.632201,-3.974018,-48.971436,-78.888634,-0.039676
3.167228,3.486577,11.276274,41.289734,-119.184021,90.775650,-0.073951
2.683510,2.984974,12.940054,16.014383,86.507584,74.053993,-0.314085
2.844911,2.750933,12.794538,15.800371,38.593903,101.461746,-0.231317
3.092029,3.347449,13.842426,64.343697,88.512268,79.768318,-1.171170
2.781704,2.690967,11.647161,10.989817,179.002716,175.193710,0.011608
3.625059,3.770033,10.618955,-2.553970,-68.646507,129.860489,-0.632185
3.011087,3.372582,12.675226,-43.674286,98.937614,77.299828,0.207612
2.876580,3.294363,12.057070,134.147125,167.600586,-4.368216,1.117304
2.746402,3.490878,14.107780,-13.932335,56.042908,244.899139,0.150000
3.783041,2.895830,14.565746,58.801041,8.045626,-80.512001,0.023647
2.744330,2.596581,13.345393,15.485245,0.625611,164.348877,-0.041214
3.038884,3.040898,10.458161,99.044350,65.974174,-118.703529,0.844633
3.444364,3.473685,12.621577,13.105459,-74.108688,80.618179,-0.075074
2.844746,3.072341,11.301704,146.770523,62.536339,42.294174,-0.082604
3.087242,3.154189,13.907267,74.617264,-57.925102,-204.450104,1.125981
3.643140,3.464535,12.800454,138.326172,9.326340,-115.498863,-0.986153
3.194341,2.490143,12.711323,112.017159,21.340519,27.077328,0.348986
2.931030,3.528071,12.462021,4.861923,2.359136,40.087326,0.136293
2.917739,3.082197,12.976331,-33.055031,5.910278,-150.977692,-0.138601
2.819184,2.856891,11.664987,105.743904,43.471191,16.349209,0.140406
3.283684,2.907931,8.992885,36.175339,218.195465,-25.692015,-0.013554
3.071079,3.409836,10.840693,57.293755,-16.184710,188.487106,-0.736257
3.569795,3.805531,11.277233,104.355446,-52.735832,-25.303164,0.869113
3.058678,2.968391,11.039444,57.438538,83.813690,-30.347860,-0.272295
3.183131,3.000742,13.050382,12.817425,205.267593,214.484650,0.322677
2.926772,2.903240,14.160346,-32.552643,-123.685486,-67.995056,-0.412023
3.494414,3.034461,10.847987,66.191154,186.605148,-133.748306,0.384193
2.925655,2.952986,15.104648,30.478718,31.226410,-73.599892,-0.437282
2.582366,3.420834,12.331552,-5.318264,-77.188210,227.271927,-0.173880
3.313467,3.334477,11.709855,41.889790,112.548500,-112.534569,0.071073
3.317961,2.874059,10.996225,116.171753,-68.197105,-65.059006,0.144336
