2.515993,2.366744,10.234421,34.359142,26.753162,68.667419,-0.006269
3.076364,3.059211,11.122490,32.279278,49.981060,55.737026,0.017327
3.151577,3.173324,11.857841,51.629673,60.534000,76.885040,0.049843
3.182095,3.128084,11.917172,38.928791,42.040844,51.452744,0.039138
2.953118,2.948714,11.839259,77.974327,57.899139,81.362511,0.080443
2.726429,2.545172,10.051965,6.783081,11.124898,17.358265,0.006763
2.881904,2.943227,11.747376,89.099876,88.871758,95.048782,0.007541
3.148308,2.944625,11.477783,14.302893,21.777761,17.292170,0.024084
3.085926,2.994469,11.861726,41.421730,47.629272,42.743931,0.028123
3.033337,3.020060,11.867977,55.206383,64.219551,60.174034,0.010832
2.831882,2.957255,10.255141,29.777225,57.946739,69.913025,0.044107
2.961254,2.951627,11.019683,50.633472,76.114883,76.287331,0.013784
3.112039,3.117114,12.051958,71.165863,61.366245,92.733833,0.068994
2.903068,2.783314,11.221854,35.691761,27.344982,54.701172,0.023670
3.120991,3.119020,11.490420,42.357906,46.571552,71.864372,0.050126
3.023037,3.002664,10.957770,31.076330,50.238132,52.022297,-0.001809
2.798305,2.698401,11.007256,41.331085,29.368725,63.597061,0.038919
2.965320,2.795404,10.659713,27.167990,48.908833,39.287323,0.050729
3.083142,3.076987,11.852634,70.814255,58.649124,95.987106,0.073145
2.981365,2.917999,11.922046,56.690216,60.294518,53.114609,0.055753
3.168353,3.144474,11.911953,44.969749,46.558247,59.588070,0.046437
2.905027,2.786479,11.408572,63.816669,30.771730,51.666592,0.176896
3.142972,3.168749,11.847042,54.581848,63.861485,81.072098,0.048803
2.928779,2.801644,10.631670,15.947501,23.358463,36.084381,-0.011261
3.093133,2.917325,11.810397,33.203808,33.215179,30.381639,0.067635
3.098915,3.081068,11.232667,32.916740,46.842525,61.165634,0.041895
3.070998,3.105100,11.433823,64.085068,67.736900,101.146133,0.046056
3.158242,3.014715,12.028642,41.893745,30.524286,48.796165,0.103628
2.950044,2.744030,11.198194,31.407652,17.828638,37.698734,0.075194
3.210464,3.111884,11.999520,37.047825,35.046303,47.917698,0.064044
3.110431,3.152978,11.832150,70.964195,78.197098,104.129990,0.050686
3.119696,2.981406,11.795823,32.128658,41.860493,33.517326,0.001364
2.514442,1.709683,9.593476,17.265675,6.802439,10.227772,-0.017446
3.242714,3.120890,12.028918,31.618050,30.356590,44.095383,0.070956
3.155355,2.959221,11.618741,21.061243,21.517586,32.788433,0.040041
3.139405,3.063354,11.870803,38.603996,42.616123,46.528282,0.026044
3.000155,2.982670,12.024125,63.995903,59.788666,69.136772,0.040455
2.612766,2.453557,10.273611,28.758537,23.374290,56.031174,-0.000669
3.101908,3.031583,11.737638,38.370892,49.766872,44.607319,0.006077
3.031445,3.023879,10.994769,36.243740,47.962845,76.450394,0.070964
3.207687,3.059940,11.918147,26.446316,31.645065,31.694653,0.022173
2.895689,2.398025,10.553473,14.147248,9.200418,6.628797,-0.134004
3.157780,3.146488,11.618634,39.623558,44.645992,65.112671,0.049027
3.039108,2.753091,11.475361,30.115303,26.161495,20.018856,0.071173
2.697646,2.618134,10.203401,28.918839,31.735060,63.350483,-0.012968
3.090106,3.005169,12.222636,56.401722,41.761372,61.132450,0.094980
3.102052,3.056609,11.742702,41.511848,51.182510,51.576302,0.010715
3.123117,3.101028,11.705037,40.325478,51.773651,56.005535,0.020795
3.021175,3.003275,12.066744,61.890541,58.490345,67.428246,0.039144
2.769252,2.714459,11.345756,80.899284,72.495811,64.869904,0.078799
3.085112,3.081400,11.644790,61.765911,54.132286,89.327271,0.067884
2.949608,2.727585,11.249326,47.424366,26.484331,32.737507,0.173588
3.132206,3.151443,12.131009,66.396423,62.432076,84.426033,0.057377
2.362062,1.897718,8.606319,3.293734,3.404643,3.924070,-0.073101
3.121041,3.124571,11.754448,55.070782,52.197529,79.183617,0.062576
2.699141,2.517251,10.695015,31.960077,20.464392,50.877480,0.037716
3.007249,2.972511,12.056780,62.166080,53.741531,66.345383,0.056639
3.051769,2.990044,12.140404,57.581024,48.023285,61.489460,0.067991
2.938375,2.639524,10.621093,14.486956,11.244917,10.729224,0.010183
3.126477,3.023067,12.165996,52.546291,35.665836,61.388714,0.109394
2.844623,2.484935,10.187126,5.658088,9.008751,5.842017,-0.022731
2.913148,2.650122,10.680401,11.656840,11.525065,20.703783,0.014236
3.161574,3.167655,11.751486,45.065617,51.973461,70.049911,0.048188
2.818070,2.657354,11.004192,34.712494,22.472015,50.740585,0.042434
2.948455,2.979406,10.634028,25.682026,43.450466,57.381145,0.015995
3.081466,3.119174,11.701436,61.470970,78.548370,90.747253,0.039818
2.827241,2.748005,10.425134,16.348331,25.548855,40.934338,-0.016623
3.202645,3.173533,11.875109,36.806595,44.933102,54.933830,0.042581
3.140522,3.129351,11.790318,41.832546,51.851997,58.551582,0.025445
3.067999,3.091358,11.506986,64.512115,61.223759,99.158630,0.049358
3.219428,3.169133,11.989840,39.633808,39.509754,55.014946,0.060725
3.096163,3.146296,11.918453,71.131721,85.348923,101.414192,0.043191
3.134521,2.975464,11.415673,20.175251,24.124477,35.547123,0.026465
2.879040,2.911427,11.562118,90.077354,72.385277,92.655121,0.036487
3.142075,2.939996,11.531246,14.639753,20.061968,16.276266,0.026699
3.028949,3.050583,11.290795,58.988586,81.880257,93.256989,0.041328
3.177559,2.977749,11.691396,20.829233,21.299025,31.669184,0.042796
3.009840,3.046833,11.235040,71.369843,70.072578,117.206009,0.043163
2.986563,3.031388,11.785580,62.518082,75.394966,76.696587,0.005850
2.714674,2.570318,10.732904,33.357479,22.940502,54.008873,0.027393
3.034737,2.798553,10.962472,10.942275,13.876017,18.841295,0.016647
2.970720,2.763645,11.259400,27.039787,20.024899,39.322243,0.039947
2.883789,2.862305,11.079810,50.860634,44.151356,85.363899,0.043337
3.195283,3.102777,11.560349,24.977575,31.165064,43.963249,0.041688
3.095837,2.951046,11.865190,41.864109,26.439627,48.584789,0.096664
3.071092,3.057291,11.114440,29.741453,42.258656,60.985897,0.048793
3.090350,2.968065,11.931046,40.163509,43.701412,40.467762,0.041248
3.181781,3.090019,11.903048,33.569397,38.293541,42.497963,0.026408
3.007800,2.963263,11.922283,55.615742,61.130806,53.925701,0.037878
3.114123,2.979214,11.925398,39.381248,37.480793,40.785690,0.055007
3.107360,2.910337,12.054345,37.901119,45.816044,32.642086,0.038477
3.081484,2.858975,11.162386,12.665869,16.121540,21.614870,0.012969
3.084941,3.074571,11.994282,74.944397,59.893051,97.710312,0.079371
3.078645,3.098569,12.187959,72.210777,65.512337,86.204712,0.048757
3.037143,2.906879,12.006368,46.407925,39.106159,43.407337,0.072316
3.177968,3.003610,11.854931,24.815697,31.232660,27.105074,0.028359
2.992294,3.010957,11.117850,63.460621,90.414871,100.911217,0.037731
3.118298,3.130936,11.654396,49.627796,59.900337,79.528534,0.052562
2.820824,2.710411,10.889448,32.365391,29.089182,58.322666,-0.005759
2.967172,2.679634,11.157630,32.107777,22.113039,19.189268,0.098422
3.035661,2.801958,11.617411,39.377754,24.419817,30.225409,0.149207
2.981400,2.794115,11.688010,47.881535,30.704866,38.720352,0.134416
3.129623,3.114141,12.125819,59.479515,50.541931,73.103790,0.077978
3.186371,3.143413,11.949395,43.435524,42.729652,57.503784,0.057329
3.172924,2.933906,11.763758,18.767565,27.292679,18.664705,0.017281
2.692676,2.483334,10.378039,19.446199,9.918789,27.692719,0.011557
2.964353,2.736955,11.102582,29.918518,15.149087,30.539635,0.071119
2.808943,2.806352,10.330165,36.913425,47.003021,84.364464,0.037750
3.129420,3.073225,12.183452,55.718079,42.774635,65.261337,0.092309
2.997713,2.809010,11.512660,39.966129,20.206678,36.996361,0.088726
3.167992,3.071358,11.694403,28.968649,30.812847,47.638432,0.039621
2.857110,2.840640,10.570772,15.926200,34.492035,24.293570,0.182528
2.921152,2.699857,10.780299,14.014625,15.354275,27.361294,0.006005
3.095714,3.089364,11.697165,53.177723,46.976028,77.609711,0.077001
2.986027,2.675610,10.799095,8.160972,13.550350,8.211524,0.006493
3.209650,3.159409,11.834814,32.699722,35.625698,52.690548,0.050753
3.150027,2.951444,11.786951,22.886332,28.292801,21.518299,0.038564
3.169833,2.967312,11.971386,25.342432,36.276863,24.710274,-0.000985
3.158814,3.021571,11.890335,32.028667,37.486393,35.561722,0.024340
2.989750,3.005201,10.988938,49.937340,75.358459,84.445724,0.036696
2.946422,2.943544,10.735806,25.062181,38.543583,56.852459,0.021814
3.239460,3.096017,11.936004,24.820505,26.541477,37.022041,0.051669
2.988497,3.025635,11.803101,61.134701,75.081772,71.835312,0.009490
3.151815,3.020168,11.950061,38.837681,35.120468,42.991238,0.067677
3.130510,3.002978,11.921480,39.170269,37.376709,42.268456,0.053403
3.088038,2.982893,12.160394,52.200924,39.610657,54.889900,0.089757
2.670484,2.463603,10.059539,11.968287,13.172213,29.336039,-0.027594
2.790843,2.698226,11.468478,67.404343,49.867805,54.532818,0.095737
3.162611,3.138519,11.584994,36.569469,44.186176,61.750126,0.052989
3.035102,2.808300,11.068864,15.239716,27.387022,19.477055,0.044930
3.113833,2.910287,11.676708,32.517948,22.310825,32.675533,0.090264
2.980422,3.015393,11.414385,58.445175,80.965927,77.468140,0.010957
2.885080,2.561400,10.375040,8.359758,8.861756,8.028447,-0.016162
3.088329,3.063634,11.191741,34.752670,52.454060,58.262161,0.021650
3.087035,3.057618,11.228327,36.315857,54.169720,58.905529,0.020018
3.073943,3.052644,12.014941,66.804771,49.600418,84.976204,0.101341
3.057642,2.960681,11.977601,53.381584,34.331352,64.314316,0.096585
3.135387,2.964386,11.553906,22.781656,23.654625,36.970924,0.036799
3.188150,3.036829,12.002345,36.901653,30.360649,42.878529,0.093812
3.076352,3.073868,11.616651,46.246582,60.313358,63.117062,0.013048
3.162869,3.188498,11.910756,55.856380,62.661568,79.224930,0.053377
2.849887,2.733806,11.578158,57.078465,48.109787,45.467411,0.075462
3.090950,3.129774,12.176824,88.704201,73.888596,109.154755,0.067491
2.948664,2.749230,11.993136,54.886581,55.192783,41.792061,0.069457
3.186376,3.170865,11.801940,39.182922,42.803780,61.375908,0.049290
3.440127,3.075009,13.677225,32.082855,43.187965,22.318539,0.038565
2.948027,2.662969,10.787182,12.173898,10.465120,15.545904,0.031289
3.099000,2.989206,11.814587,43.837566,58.606918,46.374222,0.013408
3.099900,3.134849,11.717953,65.862045,74.546120,100.746208,0.050511
3.087738,3.132192,11.738548,71.266151,80.604858,107.906166,0.047733
2.940461,2.779652,11.360106,47.041435,20.679192,37.950344,0.149491
3.052403,3.042553,11.055280,35.768681,54.974808,62.582901,0.022215
3.083292,2.914854,11.338084,21.957047,23.608498,38.077744,0.027860
3.110972,3.087646,12.251132,68.834160,51.064327,82.450821,0.104054
3.129589,3.086920,11.327905,28.934355,37.751808,55.449806,0.053774
3.046057,3.041362,11.166921,44.031918,64.345650,73.572014,0.038034
3.139931,3.024055,11.370269,19.550476,31.447834,30.751125,-0.017236
3.134820,3.179852,12.120722,73.076973,78.740601,98.003830,0.053670
2.789917,2.416969,10.118896,17.025604,8.149039,15.095992,0.008631
3.215551,3.180276,11.843640,34.764542,43.350605,54.212269,0.050605
2.460174,2.427724,9.192917,6.699613,15.298225,21.143562,0.082794
3.052583,2.904231,12.024188,50.549454,30.747055,49.160542,0.111476
2.756653,2.556186,10.605583,25.107098,11.538288,30.423391,0.023672
3.160343,2.981092,11.715347,22.071617,31.367964,23.791630,0.009943
2.801978,2.724464,10.884456,36.885803,33.259453,66.577011,0.000261
3.169334,3.135219,11.575919,34.036461,42.401997,58.687717,0.055288
3.176117,3.019360,11.980753,36.586151,28.260452,43.355198,0.096721
2.914446,2.878024,10.690969,20.482706,32.296444,48.147797,0.005790
3.017052,3.024821,10.961465,37.400715,57.906281,67.455040,0.025292
3.161766,3.075786,11.982858,45.556015,35.975594,58.614033,0.087220
3.009460,2.893063,11.926627,56.855049,35.835880,53.846504,0.099680
3.149734,3.123508,11.842934,42.765038,48.801559,55.986225,0.030347
3.139708,3.111405,11.400143,29.022924,41.882500,51.593189,0.035675
3.172804,2.960644,11.691122,19.517994,19.359755,25.668888,0.039289
3.029541,2.986024,12.094028,67.350914,48.911114,71.905334,0.096496
3.079508,2.792685,11.542317,24.779247,21.226679,13.837301,0.062555
2.847073,2.607052,10.481545,10.778269,12.200086,22.724077,0.003760
2.986744,2.872738,11.864396,56.760868,36.555485,52.402054,0.091544
3.091352,3.139245,11.813375,71.519798,83.222961,106.146919,0.045777
3.201309,3.182917,11.864269,38.180428,46.758575,57.946163,0.045232
2.973058,2.977557,11.052998,61.622936,90.213264,94.904488,0.024742
3.210138,3.185457,11.935299,39.975533,42.415462,58.031757,0.054207
2.518441,2.326511,9.837362,13.498194,8.722033,28.442514,0.011005
3.089401,3.073187,11.185686,25.314335,38.052715,49.620407,0.029191
2.682780,2.514125,10.043002,8.454815,11.281936,22.158617,-0.026247
3.029491,2.920691,11.811810,48.390526,30.418318,59.455627,0.086280
3.089159,2.976496,11.862392,39.620014,45.996536,38.869930,0.036802
3.088183,3.021826,11.231771,26.207565,41.236458,41.897980,-0.003646
3.188643,3.107210,11.922039,35.147861,38.789558,45.562473,0.032201
3.128371,3.071892,12.039517,53.055714,40.145725,66.743347,0.092877
3.184131,2.994624,11.856476,21.981850,25.596251,23.571365,0.048563
2.897779,2.796980,11.423841,63.851246,30.687229,52.950264,0.172179
2.869685,2.750790,11.633173,58.245743,44.814899,48.562527,0.084605
3.081218,2.885832,11.818469,37.585064,27.910215,33.144855,0.108146
2.900752,2.870372,11.311002,56.717407,42.518734,84.230194,0.078487
3.034424,3.056709,12.015589,79.826683,67.690941,91.430725,0.045958
3.093763,3.081833,11.979584,70.547508,56.999767,92.280548,0.080852
2.995981,2.898295,10.762368,15.901094,29.689425,27.427065,0.000952
3.054944,3.030810,11.964781,54.336700,57.653191,61.100830,0.027530
3.103527,3.082439,12.130301,70.529121,54.605019,88.084511,0.092226
2.998634,3.021162,11.875461,60.769112,72.363533,67.927963,0.010504
3.123443,3.134610,12.121804,65.079910,60.147133,81.444756,0.057407
3.103385,3.084833,12.140286,59.874020,50.140900,70.786583,0.073059
2.874381,2.819117,10.571914,18.419308,29.585659,45.042843,-0.007240
3.148536,3.178841,12.134046,68.424034,66.221985,90.085213,0.057655
3.122757,3.067436,11.814661,39.832745,46.454884,48.569782,0.022871
3.158000,3.031913,11.642738,24.395613,34.593193,33.286430,-0.002290
3.047053,2.817292,11.259847,17.681452,16.982620,28.415577,0.031138
3.087321,3.024178,11.666325,39.615913,53.084190,46.198505,0.003582
2.939050,2.759759,11.363585,50.749859,25.672581,39.188427,0.179402
2.828884,2.738376,11.601350,64.468582,53.360207,55.215233,0.067310
3.205749,2.962610,12.186913,24.216686,33.650406,20.830521,0.006414
3.080529,3.095941,11.492097,50.715908,65.165375,82.759140,0.044875
3.122380,3.051663,12.252138,57.496681,41.501556,66.012405,0.106640
3.061844,3.094960,11.618596,73.251450,68.662079,108.849915,0.049611
2.636414,2.531911,11.109389,53.246235,32.403057,78.862251,0.062913
3.065789,2.964091,11.905667,45.516579,55.035648,44.186508,0.017627
2.709822,2.509765,10.444016,22.203365,17.825897,42.297665,0.016252
3.097868,3.028805,11.898917,50.463650,37.447647,65.225418,0.085821
3.056768,2.951285,12.136120,53.217529,42.657166,53.840958,0.075722
2.980776,3.020221,11.863118,85.970963,73.369247,95.860931,0.033231
3.137915,3.127907,12.074440,59.528000,51.434166,76.135460,0.080269
2.937282,2.861499,10.716870,21.249319,28.972868,46.427555,-0.000697
3.039518,3.054335,11.088612,40.744717,57.835621,78.238213,0.056384
3.016317,2.760517,11.233747,20.456356,37.482616,23.857151,0.074624
3.182714,3.089602,12.024795,44.441792,35.605305,56.716454,0.089388
2.910496,2.903931,11.752495,75.809250,60.648064,76.940903,0.057172
3.168400,3.056192,12.067273,44.370945,35.708809,52.177998,0.090091
3.136150,3.103454,11.932463,52.364422,43.435440,69.358620,0.086862
2.990114,2.987518,11.992451,66.192535,64.615669,72.103699,0.032283
3.053009,3.075996,11.618550,73.104378,65.349220,106.915962,0.056028
3.149177,3.163708,11.706864,48.297367,53.780380,73.625389,0.048561
3.155967,3.147649,11.613279,40.412792,46.581932,65.965164,0.048939
3.145018,3.024460,11.802603,34.306843,29.092936,48.645222,0.059308
3.117558,3.167233,11.947728,75.185013,77.493103,105.392067,0.049234
2.609292,2.483598,9.870115,17.749542,21.045227,45.156303,-0.027419
3.067705,3.112167,12.199040,73.936623,76.806793,90.125214,0.036924
2.917345,2.816113,11.822292,58.497940,47.263676,52.643406,0.063540
3.082931,2.871065,11.751752,34.989109,26.997272,29.852135,0.105330
3.058689,2.932013,12.080333,54.689171,32.092293,58.509174,0.117579
3.098138,2.961948,11.801045,39.433403,27.829445,50.549969,0.074712
2.968502,2.757401,11.278812,49.529541,20.077814,35.867615,0.155121
3.227925,3.132670,11.983055,32.791012,34.573730,44.499054,0.051417
3.208559,3.109784,11.743253,25.387495,34.333939,39.049599,0.030967
2.858822,2.458327,10.300727,26.085421,10.918432,18.004288,0.038533
3.196623,3.066670,11.907731,28.066179,34.710842,34.247845,0.013958
3.062144,3.074413,12.148555,67.591385,61.517548,78.609566,0.043147
3.154074,2.983813,11.829933,28.233330,34.569630,28.619942,0.035310
3.124742,3.114410,12.278544,72.104553,56.959774,86.242706,0.087134
2.964483,2.753668,11.177167,22.072817,18.871008,35.926121,0.031299
3.186448,3.120234,11.782234,31.628187,40.822033,45.866234,0.029635
2.889449,2.986185,10.568610,49.131863,79.823296,101.623901,0.019785
3.162264,3.169695,11.805325,46.469513,56.056461,70.953690,0.047271
3.110596,3.007888,11.934573,42.235935,40.981293,46.232693,0.042899
3.127342,3.066378,11.948251,45.898338,44.239536,54.504692,0.043276
2.788808,2.714239,10.338621,25.898155,30.836187,57.272720,-0.006375
2.948667,2.799626,11.659937,46.043182,20.143341,45.198429,0.102721
3.118950,3.151579,11.782290,63.300587,71.427010,94.787010,0.051372
3.182791,3.061930,12.072179,43.442127,34.053490,52.154186,0.098267
2.936153,2.796542,11.701539,51.728416,36.011791,42.729393,0.100304
3.144157,3.150335,12.008831,59.487701,55.589710,78.848564,0.064782
2.814355,2.695972,11.477150,52.198975,29.233749,67.487869,0.081518
3.157959,3.117024,11.479726,31.771198,40.839710,57.817802,0.059242
3.114225,3.160791,11.857571,72.685249,75.771362,103.309792,0.048818
2.801950,2.762683,10.367887,27.213717,34.966145,62.602890,0.008915
3.056859,2.995166,11.940791,48.177856,49.811295,52.124561,0.033341
3.126211,3.160697,12.295660,81.243965,72.308273,101.279335,0.064568
3.087268,3.106011,11.564673,57.351017,66.756760,94.381760,0.054543
3.057952,2.996937,11.198901,35.679581,53.614689,52.995884,0.004471
3.200747,3.103119,11.817098,27.911581,36.088005,39.432106,0.022684
3.140571,3.118130,11.858040,50.076038,44.055748,68.663620,0.079339
3.019530,3.023825,11.923863,83.661903,63.579533,92.775131,0.067277
2.692808,2.530610,10.058887,8.613436,11.836235,22.713291,-0.025030
3.206537,3.192928,11.904899,40.050407,44.486572,59.340477,0.047409
3.149260,2.940146,11.788353,21.995338,28.942617,20.462111,0.024023
2.846715,2.876399,11.619187,81.760422,80.926605,79.212288,0.035746
2.998194,3.029261,10.843522,27.561922,45.973125,55.216648,0.012350
3.118982,2.966383,11.860413,35.269161,35.788151,35.744865,0.057094
3.087519,3.013401,11.520634,32.280067,32.783649,54.435856,0.027320
3.036670,3.058939,11.964240,60.939831,66.030518,71.275475,0.025495
3.232541,3.072557,12.008662,29.536602,28.551971,36.803112,0.074036
3.331094,3.060079,13.385244,36.029366,51.479633,30.251696,0.013680
3.145935,2.964615,11.824800,31.550720,24.066181,33.878571,0.085643
3.204799,3.182321,11.927722,40.766285,42.777676,58.984238,0.054784
3.098811,3.080231,11.329149,40.124470,57.428535,66.313797,0.037987
2.998166,2.909592,12.113193,62.585789,31.343458,65.470940,0.152584
3.050020,2.840497,11.429393,25.698235,19.568853,35.493660,0.051563
2.931739,2.911197,12.133360,76.271355,89.687195,77.780716,-0.014752
3.036329,2.978508,11.998318,51.645386,56.477966,50.901752,0.039412
3.080402,2.985304,11.417234,32.644764,47.978397,41.666767,0.003479
3.069084,3.001729,11.735130,49.225864,37.229153,66.860840,0.081100
3.061432,3.069236,12.026792,60.318897,61.129318,70.507988,0.033717
3.131005,3.156514,11.805757,53.290192,65.079544,80.271606,0.046130
3.016035,2.773304,11.365985,36.110611,20.257723,26.567160,0.146948
2.811570,2.922449,10.224984,29.712591,54.761559,67.043671,-0.003243
3.057916,2.949159,12.095519,51.200066,42.780506,51.545670,0.068899
3.052290,2.997741,11.308995,40.021065,57.972778,53.849693,0.002333
3.060727,3.059507,12.167149,67.283295,57.054260,77.263840,0.058063
2.945627,2.560969,10.873649,37.975975,14.085212,25.697081,0.090270
3.140579,3.075967,12.149362,52.941711,41.407528,62.573059,0.087946
2.909781,2.646385,10.831061,15.859842,13.460235,26.866251,0.015844
2.478653,2.441963,9.454896,8.845906,16.991777,29.905502,-0.001633
3.061198,3.034847,11.779965,49.527382,57.178791,57.657261,0.011939
2.647636,2.604821,10.438328,43.462925,39.618633,83.323456,0.002835
2.971174,2.985289,10.675701,30.995649,51.147781,81.827354,0.007275
3.073332,3.070599,11.499658,43.868282,43.863728,74.986580,0.053382
3.031590,2.854257,10.930967,13.036015,20.067150,26.973896,-0.009982
3.091553,3.092511,11.727911,47.906635,57.984177,62.971016,0.018852
3.172478,2.936416,11.742795,18.147655,24.826857,16.756567,0.022863
3.132113,3.094112,11.817846,41.702766,48.529510,52.955761,0.025764
2.935458,2.906765,11.860252,67.739594,58.364254,68.683975,0.053808
3.164264,3.099664,11.929972,42.798183,41.696560,53.578049,0.049369
3.017578,2.942113,11.996662,50.955162,50.793938,51.387196,0.041240
3.059816,2.931312,11.332010,39.949898,60.611504,49.220757,0.029617
3.035823,2.999220,12.111986,66.455376,50.022499,71.864075,0.091808
3.053963,3.084489,12.151238,69.262329,68.175377,81.533493,0.036512
3.008472,3.009781,11.998211,102.458641,71.620453,131.324234,0.086607
3.183374,3.036138,11.978132,36.228909,31.522566,41.710106,0.083293
3.170877,2.983394,11.651981,16.089485,22.439892,19.846128,0.024218
3.190548,3.190482,11.880601,43.656002,50.062256,63.324074,0.043327
3.128489,2.884719,11.479749,17.417143,18.638987,16.243782,0.054145
3.096587,3.035973,11.853241,42.981091,48.411430,49.450359,0.024990
3.009622,2.970968,12.033951,57.725643,57.810593,60.498768,0.035617
3.157186,3.139959,11.827895,45.858139,43.925980,66.534286,0.065722
3.147207,3.167860,11.810951,52.504284,60.018253,78.834229,0.052350
3.067366,3.045759,11.095363,33.006390,51.299923,55.943707,0.013478
3.110739,3.178792,12.404832,91.158974,87.349174,114.469498,0.050175
2.929832,2.852086,11.744463,63.891911,41.561504,58.867432,0.081744
2.631969,2.053311,9.537682,12.050623,6.102253,7.625641,-0.066274
3.095189,3.047327,11.956629,48.760307,47.717026,56.325413,0.037599
3.071425,3.024830,12.106663,56.700054,48.648785,63.039165,0.062881
2.985382,2.891984,11.864583,53.656170,58.389339,48.422268,0.048781
3.048580,3.050577,11.883739,56.500641,62.132069,65.578827,0.021067
3.092693,3.117521,12.222078,74.371307,67.252609,90.135078,0.053470
3.019020,2.898865,11.987927,52.436867,35.648048,49.283283,0.090911
3.016444,3.063814,11.841430,90.909592,79.329155,132.065338,0.056735
2.872273,2.922391,10.337221,21.546587,41.504574,45.823093,0.022129
2.919871,2.767672,11.364311,56.537296,27.642120,44.518471,0.179905
3.117377,3.127810,11.702641,55.400589,54.043640,81.974297,0.054610
3.029703,2.841207,11.798211,45.999504,25.291292,41.385674,0.117616
2.894881,2.766861,10.560279,13.294141,21.211653,31.724106,-0.023584
3.142987,3.183837,12.021474,68.990723,76.401619,96.346642,0.054418
3.139831,3.112177,11.402785,29.559418,41.979164,53.444427,0.040468
2.743376,2.620941,10.188517,10.217048,17.524258,27.758755,-0.019633
3.091263,2.950531,12.033715,47.863159,30.941399,50.134575,0.106629
2.968418,2.683297,11.304045,36.638596,27.432556,22.847654,0.102555
3.035281,2.965366,11.507139,39.891567,34.433887,61.738014,0.042509
2.990155,2.904084,10.852697,21.588642,28.589577,44.876778,0.003260
3.128914,3.085302,11.613513,34.894157,36.720379,59.207027,0.046677
3.056866,3.068352,11.368509,51.412766,72.059669,80.399658,0.042129
3.076488,2.825361,11.270899,16.160641,17.137033,13.337242,0.024927
2.845173,2.864859,10.243311,15.488016,31.646261,33.099960,0.027237
3.145489,3.124916,11.801323,45.578918,42.549332,66.775299,0.070626
3.096025,3.118856,11.781415,52.166466,62.735882,71.458069,0.030437
3.000484,2.893166,11.938666,55.893753,37.158951,52.694778,0.090414
3.126556,3.006000,12.119280,49.737385,33.450310,57.114548,0.108040
3.074612,3.078510,11.815125,53.111172,59.953293,65.062653,0.022565
3.018589,2.974428,12.066320,67.096893,49.525433,71.026451,0.092431
2.990607,2.826644,12.001301,48.188499,51.014729,39.707073,0.065200
3.150872,3.026194,11.886099,33.416565,39.098122,37.438374,0.020410
2.860140,2.765095,10.511541,22.911205,27.938820,49.687416,-0.008853
2.880399,2.834658,10.575181,18.954458,30.761671,46.161011,-0.003621
3.182041,3.141451,12.000751,47.606087,42.410500,61.880577,0.074712
3.172077,2.996060,11.479117,15.419525,21.683155,25.454388,0.013854
3.018069,3.035941,10.984074,41.365318,55.581223,87.301994,0.079922
3.107872,2.763614,12.197127,42.388836,39.561745,25.044456,0.110304
3.177371,2.944326,11.988132,23.453253,33.842888,22.224703,0.002948
2.904050,2.680172,11.321010,47.126915,31.929926,32.829418,0.129224
3.070892,3.052280,11.151630,39.059982,49.086338,75.735291,0.065519
2.688525,2.179586,9.647123,8.237559,5.632082,6.155277,-0.087374
2.888982,2.846061,11.719640,67.473106,67.261421,60.152912,0.065971
3.076606,2.912185,11.968953,44.344425,29.317005,41.482426,0.107376
2.609890,2.613183,10.013789,16.320473,25.239361,54.409752,-0.035536
3.102239,2.788363,11.328546,17.792110,15.076258,8.770097,-0.022587
3.064409,2.979049,11.974678,47.184696,45.926529,49.798260,0.040617
3.011080,2.985601,12.049599,61.615551,57.587925,66.267403,0.042318
3.107270,3.157472,12.224307,77.960136,80.780510,99.634010,0.047363
3.112474,3.103779,11.735544,51.656326,46.565933,74.998489,0.073779
2.938556,2.918024,11.841928,65.319397,67.864670,64.212746,0.041170
2.977515,2.889874,11.981311,53.917110,51.338276,51.891525,0.048422
3.013161,3.051038,11.365661,76.210274,70.880386,120.377808,0.046290
3.138355,3.147684,12.035888,58.163322,55.747738,75.184845,0.058314
2.894529,2.879124,11.708921,79.531212,57.120865,79.019791,0.083043
3.052404,2.791761,11.454924,29.819134,24.790411,22.623823,0.067095
2.904792,2.936409,10.837013,59.050102,57.358616,107.439484,0.022966
3.141069,3.120592,12.073859,55.402515,48.067745,68.945282,0.074854
2.759569,2.744170,11.354399,85.250343,51.969326,72.493851,0.096814
3.115384,3.117419,11.983598,67.331009,58.859741,89.143333,0.067526
2.500898,2.139317,9.006975,3.571873,4.362486,4.798800,-0.036415
2.919786,2.870457,10.786837,44.458714,72.193108,63.705379,0.038618
3.120691,2.992898,11.906380,38.761051,38.151276,41.212490,0.048705
2.938688,3.000101,10.687782,37.008274,57.765594,80.572311,0.051098
2.512201,1.825923,9.374242,6.910490,4.408101,4.341300,-0.129170
3.057108,2.795798,11.214975,20.347273,14.775705,22.477867,0.056626
3.014269,2.888728,12.023855,47.859108,47.346714,42.542942,0.070028
3.150002,3.148074,12.071651,58.213333,52.987709,75.184227,0.071416
3.126990,2.848732,11.767735,24.458855,27.904543,18.673834,0.042221
3.165038,3.070016,11.438872,21.609234,29.419373,40.098652,0.030396
3.011508,2.726502,10.948004,21.454657,16.466925,14.717506,0.059587
3.094889,3.038319,11.734521,46.354565,38.149635,66.016571,0.076064
3.039200,3.080147,11.894660,63.627556,72.337837,80.008492,0.021789
3.250008,3.155035,11.820906,25.644369,32.666031,40.727718,0.048656
3.071913,3.076152,11.979309,57.350513,60.476089,67.881409,0.030558
3.093999,3.114455,11.596768,54.508907,66.276398,87.638466,0.047991
3.211462,3.145403,11.653575,24.987570,34.713333,43.484074,0.044752
3.054169,3.110189,12.175691,97.326508,80.488083,127.886131,0.065602
3.116909,3.100771,11.402730,39.506809,54.375923,66.830521,0.042597
2.744639,2.190475,9.815807,15.185273,7.917815,8.219420,-0.067870
3.143829,3.100911,12.066834,52.450649,44.866920,63.869663,0.071912
3.048378,3.082403,11.456513,71.535049,68.776642,110.178398,0.046946
3.154041,2.928719,12.200084,35.902138,45.864109,30.963318,0.028770
3.205440,3.052660,12.016788,35.131889,28.913511,43.819729,0.090553
2.783000,2.665120,10.760816,31.689453,28.618114,58.484570,-0.009308
2.888589,2.862520,11.365958,63.029354,44.555664,90.707642,0.100084
3.030171,3.052859,11.371862,69.913376,63.426300,108.751038,0.050477
3.062999,3.008098,11.143876,29.984255,46.909531,46.953548,-0.001999
2.854115,2.634309,10.915150,24.560257,18.258324,39.825829,0.030065
3.147357,2.977038,11.842870,31.366211,24.002640,35.710903,0.079629
2.997777,2.820113,11.781722,40.078518,33.900188,31.811211,0.086358
3.187341,3.052306,11.702646,24.743292,27.128727,40.383995,0.042806
3.168722,3.089486,11.841793,32.645782,41.111401,43.046116,0.016625
3.087690,2.821591,11.338769,24.461872,19.183199,19.860085,0.085555
3.134267,3.112320,11.454322,36.896542,51.616066,60.917175,0.038503
3.132802,3.138486,12.084256,67.230225,59.923611,87.079620,0.067120
3.032760,3.064739,11.960052,62.777332,68.146805,74.169334,0.024908
3.104656,3.011210,11.926332,42.685802,42.415138,47.115421,0.036834
3.133066,3.112612,11.425388,37.091843,43.776123,65.437714,0.055724
2.891339,2.163496,10.615623,14.028824,7.913957,6.408929,-0.152350
3.077817,3.079640,11.396230,46.985443,59.769409,80.693108,0.054324
2.878440,2.850862,11.336793,67.813248,48.304035,99.162003,0.100888
3.057825,2.955469,11.916890,51.114010,33.135113,62.635628,0.094093
2.877960,2.698604,10.526861,12.192722,16.993616,27.729492,-0.022111
3.088385,3.148324,11.965447,81.741257,88.885910,120.569298,0.051604
3.243727,3.191468,11.947388,33.669270,38.757088,50.319897,0.046483
2.949358,3.015115,11.885036,86.438148,90.980499,100.506973,0.014354
3.137897,3.166494,11.949522,58.024292,61.767799,77.572906,0.045799
3.202337,3.144628,11.623808,26.529753,36.489796,46.463840,0.050250
2.467385,2.437945,9.344734,8.204199,16.566998,29.438005,0.010289
2.890704,2.856803,11.741221,68.796906,62.608215,67.117371,0.046147
2.899065,2.619623,10.736976,30.694704,13.305280,23.055834,0.087691
3.148939,3.152248,11.742485,46.758793,49.011520,71.639496,0.050233
3.098080,2.972261,12.481878,59.694199,76.061844,58.303436,-0.003711
3.109660,2.978087,11.986418,41.834698,35.398094,43.115101,0.073623
3.008150,3.044530,11.817149,60.093594,69.726868,73.333038,0.012170
3.093155,3.003710,11.588453,32.904255,45.551559,40.735458,-0.004478
3.131907,2.953285,11.821028,29.921093,30.663113,29.042252,0.065150
2.941342,2.827425,11.719037,57.412262,37.128181,50.178726,0.091568
2.977755,2.868348,11.981547,53.093906,48.352665,49.807453,0.055975
2.832976,2.455747,10.150102,13.240987,8.291741,10.043859,-0.038675
3.019487,2.780842,10.908342,11.263895,19.737246,14.683897,0.035349
2.788379,2.718112,10.403268,29.408411,33.218315,62.602028,-0.003755
3.252013,2.996689,12.520434,28.442221,37.926304,21.739199,0.024769
3.050426,2.892053,12.063147,46.451248,54.428482,40.403027,0.037852
2.966207,3.030680,11.754349,67.941010,86.906601,83.774071,0.004899
2.952950,2.698555,11.079068,37.269787,17.786215,25.469387,0.118779
2.544742,2.381759,10.908477,48.369755,28.721100,76.168068,0.069424
3.077867,3.130722,11.808405,74.147682,86.524185,111.318245,0.044634
2.980965,2.963796,11.950326,73.108551,54.044136,77.041023,0.090648
3.053725,2.895417,11.950383,44.357811,31.104740,40.287769,0.101178
3.259928,3.031580,13.126695,44.040581,64.415840,41.923866,0.013264
3.093914,3.100230,11.502547,48.683823,60.024399,81.439949,0.054614
2.927382,2.756552,11.068622,24.871786,22.524664,42.979671,0.014691
3.067141,3.074008,11.444351,47.552078,65.702988,71.952209,0.033341
3.171556,3.132647,11.956111,47.367901,41.407234,62.740044,0.076974
2.826899,2.732062,11.566234,65.847656,59.646187,51.627605,0.080773
3.109692,3.080160,11.288472,35.350285,44.524792,66.840652,0.060987
3.083398,2.867764,11.588258,33.054214,20.986980,31.115532,0.094798
3.223184,3.132043,11.945316,31.220716,36.013657,42.737114,0.035690
3.093958,3.124765,12.072203,80.127899,71.490807,106.847900,0.061855
2.529089,2.421036,9.576727,7.132732,10.784610,22.553093,-0.010440
2.998575,2.723119,11.231854,31.089550,21.268984,20.749008,0.102623
3.078491,2.819442,11.278165,18.365368,14.990749,22.565348,0.047617
2.868525,2.640228,11.288342,71.608971,43.130661,45.564095,0.176457
2.376014,2.259249,9.240191,7.606031,6.072905,20.563076,-0.026880
3.190473,3.184010,11.876596,41.965942,47.911217,60.272388,0.040457
2.659923,2.240172,9.625997,6.698009,5.198916,6.689687,-0.050783
2.869421,2.675200,11.043895,31.360054,18.799814,42.116413,0.055616
3.134336,3.099031,11.767129,43.786160,40.094444,65.436691,0.071833
3.141989,3.159561,11.750117,49.963631,57.290043,76.974159,0.051887
2.817856,2.838122,11.485974,84.780899,76.962479,83.001534,0.026152
3.028518,2.959455,12.000417,51.307213,50.435196,52.969757,0.041362
3.180106,3.098076,11.506140,21.321531,30.833761,39.154049,0.028171
3.102076,2.953767,11.808936,39.106667,25.759377,46.847198,0.088141
3.137443,3.080767,11.869992,41.250469,44.573292,50.805862,0.030910
2.905186,2.733911,12.216054,79.855995,79.244011,62.774845,0.042084
2.724216,2.700115,10.124406,52.200447,53.267254,105.975502,0.006879
3.168737,3.021360,11.913320,33.103664,32.011200,36.630962,0.061934
2.936858,2.890770,11.714721,63.045994,68.704819,58.730736,0.032559
2.758130,2.591977,11.030801,40.141975,22.239223,54.729366,0.060754
3.080144,2.877501,11.825143,39.354156,27.297253,34.427303,0.114685
3.072331,3.065215,11.669823,58.861622,49.284416,84.095131,0.080889
2.914924,2.979168,10.649697,39.396225,63.128494,79.067207,0.030050
2.697026,2.830000,9.778487,17.735270,37.640724,41.851971,0.048546
2.430121,2.321805,9.656974,13.274939,8.503568,32.225590,0.015518
3.133082,3.170901,12.070848,66.489151,69.490952,87.595673,0.047853
2.803228,2.592765,10.781792,24.527700,18.237766,41.424374,0.027174
3.101494,3.108389,11.433805,46.074287,52.853828,78.046318,0.053885
2.778816,2.660935,11.254321,47.856560,27.806065,64.718704,0.063531
3.158089,3.168125,11.852663,47.147320,56.747742,68.346954,0.038746
3.119123,2.875439,11.429180,16.293287,17.360935,15.790339,0.054997
2.961029,2.968202,11.146641,53.470997,49.916466,92.589928,0.039724
3.140733,3.017456,11.984210,41.567204,36.603001,45.793053,0.069090
3.081569,2.909629,11.855119,42.240585,25.654650,42.819321,0.107083
2.880767,2.938439,11.687622,92.296860,85.938522,98.155289,0.009684
3.057145,3.046976,11.987018,79.544296,58.347328,102.091537,0.091364
3.079231,3.003881,11.191094,26.601013,32.413914,50.491203,0.026340
2.911681,2.677261,11.295451,45.549400,30.904711,31.145933,0.125844
2.958723,2.801424,10.641686,24.880774,45.529617,36.920105,0.048027
2.994386,3.041132,11.154508,73.769585,76.308548,124.245117,0.044435
3.216614,3.115488,11.962922,32.786827,34.753521,43.101898,0.046950
3.139272,3.128046,11.568295,41.117680,49.857304,69.036613,0.054900
3.213391,2.918597,12.102032,22.362310,24.070328,12.916245,0.053780
2.486494,2.408250,9.472083,7.547781,11.830400,25.467255,-0.012169
2.890948,2.534264,10.397721,9.096626,8.945303,6.728851,-0.062382
3.188058,3.173013,11.936644,44.183659,46.454334,60.944775,0.048974
2.948782,2.855411,11.882312,59.921688,45.110432,55.998585,0.071200
2.989859,2.938058,12.001832,70.256577,46.629566,71.921875,0.101370
2.989383,2.706317,11.275712,41.074863,28.441196,22.999676,0.121008
3.120111,3.106663,12.198770,64.688103,53.204510,78.284264,0.082801
3.117849,3.067974,11.991743,49.319706,45.889881,58.273415,0.049524
3.192941,3.134184,11.915784,36.086456,41.015568,48.718719,0.033189
3.198555,3.067367,11.696582,20.459162,29.214064,30.425661,0.011481
2.932701,2.980765,10.711849,37.273342,61.434586,69.135483,0.012469
2.999657,2.391736,10.835120,10.516666,8.492052,5.018685,-0.107027
3.048479,3.018367,11.971875,65.745590,47.095989,83.373741,0.105328
2.992481,2.846184,11.416277,32.493298,25.289518,47.885933,0.036858
3.060956,2.906349,11.693625,38.823360,24.978348,47.251816,0.080259
2.813075,2.588468,10.810205,25.128559,15.748159,37.376896,0.042465
3.010781,3.027489,11.818212,58.011395,68.726425,67.720108,0.008554
2.982354,2.818493,11.716716,51.765499,31.062695,43.549026,0.132755
3.044116,2.989239,11.094960,32.191833,37.668419,61.170948,0.043471
2.940994,2.753373,10.897046,19.114918,20.110844,36.351383,0.010847
3.216609,3.072269,12.015879,34.085480,30.654448,41.969360,0.080448
3.223671,3.075168,11.848506,21.363192,25.879860,30.049231,0.029345
3.149745,2.976730,11.787488,25.671900,32.066044,25.445662,0.030158
2.942509,2.636645,10.815453,27.756477,15.186616,17.816484,0.071104
3.110508,3.162930,12.078384,75.302658,84.999290,103.148415,0.047460
2.697861,2.619664,10.646368,37.914761,32.616070,69.673447,-0.001074
2.997480,2.909875,11.280947,32.028557,31.348536,55.610603,0.011501
3.185833,3.156378,11.959160,46.122093,44.198185,61.621014,0.065354
2.971384,3.004394,11.766704,97.196877,73.688606,106.544144,0.054104
3.075994,2.875511,12.127299,40.525814,46.779617,33.191959,0.041223
3.069142,2.883671,11.321703,30.578945,49.573425,35.848507,0.021629
3.137430,3.003424,11.952895,39.632408,35.733585,42.631134,0.066335
2.782972,2.583333,10.370478,14.423004,15.990432,32.027260,-0.010464
3.115446,3.134731,11.858870,64.975548,61.096416,90.397240,0.057948
3.085678,3.041569,12.289731,66.326561,43.248615,74.743858,0.117754
3.113872,3.037367,11.533796,31.832190,44.580772,44.362553,0.009377
3.043164,3.063533,12.039669,61.844398,65.557182,71.954063,0.029966
3.113616,3.094267,12.192905,70.105461,54.832237,86.237282,0.091582
2.822654,2.798051,10.715765,45.480804,44.554966,85.676682,0.015126
3.062077,3.072835,12.124003,72.288231,63.370239,84.174248,0.048459
2.815382,2.674655,10.316718,9.401272,17.707987,22.321995,0.009736
3.151587,3.168230,11.950616,58.998917,58.308907,80.560432,0.056975
3.252398,3.171602,11.911275,29.099520,34.778111,44.145996,0.046285
3.173058,2.928621,11.836855,19.298008,25.428688,16.569883,0.021316
2.938725,2.730054,11.433934,45.847908,29.962717,33.463989,0.139838
3.182596,2.997295,11.678050,17.635256,21.803696,25.045504,0.021024
2.854668,2.598654,10.679790,30.784403,12.460312,28.204845,0.031231
3.114761,2.988526,11.974440,47.468761,62.892624,47.867313,0.015649
3.087293,2.823887,11.288014,20.440765,17.063601,17.506908,0.075527
3.060248,3.053880,11.054751,29.957048,47.942860,53.188580,0.012043
3.073037,2.810620,11.262690,22.365402,16.830633,19.074469,0.084462
3.013426,2.805649,11.689319,36.599327,31.111721,28.158268,0.080626
3.180599,3.175143,11.917481,47.375591,48.489552,66.651215,0.054900
3.070243,3.066065,11.199664,40.740547,57.117516,73.636955,0.047795
3.255102,3.173707,11.847998,27.820168,34.433746,43.771343,0.049838
2.989644,2.972511,10.831887,42.269955,50.216690,85.171799,0.063528
3.022160,3.019248,12.070306,68.163292,57.213181,75.596115,0.056519
3.010591,2.780295,11.543891,39.395554,25.210867,29.379467,0.140268
2.752436,1.850015,11.475659,38.206268,11.265120,26.764246,0.215827
3.049037,3.097186,12.075757,73.116112,78.319389,89.524712,0.032162
3.064401,3.056221,12.043349,80.078873,57.957623,101.180595,0.093915
3.067442,3.009868,12.071113,54.176472,47.779995,59.306969,0.055653
3.064109,3.111413,11.682658,69.107864,84.118874,106.765625,0.039542
2.729237,2.437609,9.857463,5.050479,7.965874,8.451354,0.005942
2.897941,2.888973,10.546589,40.799339,49.332939,87.028160,0.049102
3.121616,3.105474,11.737628,41.586342,52.512661,57.186447,0.020503
3.034915,2.779096,11.076395,13.311648,13.782832,11.829561,0.020323
3.141461,3.213947,12.491796,91.296677,96.073051,122.670998,0.063705
3.071957,2.993961,11.882800,43.803074,51.520855,43.777138,0.034716
3.044632,3.010935,12.133765,66.816330,49.856915,72.904549,0.094858
3.065505,2.840374,11.634300,30.639614,28.057312,24.360128,0.067400
3.045983,2.830446,11.194164,35.352612,58.799118,42.570721,0.034816
3.092348,2.945363,11.548046,34.658924,51.165733,39.536518,0.019825
3.175554,3.172525,11.793889,43.046635,47.421406,65.650032,0.046886
3.077558,3.091187,11.726893,50.643696,61.027325,66.632904,0.019768
3.101910,2.872645,11.805139,29.834333,32.093704,24.108545,0.051321
2.761261,2.715549,10.889894,47.979488,38.149071,79.220993,0.041368
3.064401,3.063276,11.090856,31.341345,46.915455,60.081726,0.033818
3.112121,3.023915,11.690041,33.376831,44.415489,41.547298,-0.001705
3.228261,3.067834,11.957357,23.160921,24.959080,30.752939,0.041908
2.707788,2.652961,10.110558,26.204309,32.218643,61.364548,-0.001836
3.085925,3.071530,12.076418,58.368771,52.486702,68.302193,0.052236
3.084603,3.020832,11.190289,27.406420,34.333611,52.799126,0.036738
3.029249,2.741127,11.090063,10.578232,19.155783,10.795101,0.030339
3.084415,3.117131,11.888981,59.161083,66.834435,77.084213,0.033039
3.027455,3.031892,11.128497,48.526115,70.431984,81.839714,0.042294
3.165277,3.173155,11.860886,47.012253,53.566826,65.948410,0.039127
2.873993,2.728264,11.089983,31.477385,24.587633,50.159782,0.016975
3.010435,2.797831,10.860136,10.453114,17.701393,21.533083,0.008629
3.202860,3.027858,11.781159,19.851213,26.729794,24.700722,0.022267
2.959116,2.930612,11.226155,43.060616,40.498501,74.216682,0.037431
3.113454,3.012375,11.836501,37.768608,43.567554,41.742832,0.017059
3.114136,3.035676,12.172295,53.840881,41.346230,60.538906,0.089349
3.100999,2.877628,11.530379,27.689098,19.341888,27.434895,0.075872
3.154039,3.117504,11.516086,34.049351,43.915745,60.512455,0.057449
3.032204,2.988524,11.967837,53.429142,59.102734,53.291824,0.033035
3.140888,3.161353,11.792994,52.988853,60.908009,80.670624,0.052519
3.191682,3.019457,11.876294,22.978682,28.218079,25.857418,0.033319
3.108307,3.006029,11.700226,32.061031,43.386993,37.390701,-0.011742
3.013861,2.874321,11.485825,33.503395,26.002140,48.589157,0.040315
2.987613,2.816148,11.452744,36.165462,23.005554,46.040794,0.063267
3.029682,3.091904,12.163606,85.933861,91.507027,106.514572,0.033981
3.148577,3.112656,11.816883,44.511814,40.403385,64.810783,0.073938
3.052187,3.068268,11.269036,51.329742,52.340843,89.860275,0.045835
3.106879,3.085174,12.183822,71.664337,54.351246,87.978920,0.095750
3.129398,3.012072,12.104890,47.215740,37.006882,51.758972,0.090714
2.761656,2.572664,10.841251,31.811258,16.444422,42.150696,0.062164
3.027671,2.897110,12.017219,46.523689,45.124355,42.766960,0.068058
2.468551,2.452947,9.460354,9.319352,17.544096,32.156574,-0.010315
3.183002,2.979163,11.811686,20.128569,23.477846,21.537151,0.054361
3.098156,2.954344,11.991289,42.277622,32.181347,42.104160,0.091074
2.489409,2.375482,9.935004,18.003838,13.806819,45.707554,0.059931
3.175224,3.016452,11.945050,33.196926,26.354837,40.412800,0.083579
2.439806,2.417652,9.380324,8.066154,14.320924,30.061001,-0.004746
2.909535,2.748814,11.313500,39.800690,20.540522,45.710915,0.092881
3.180434,3.156386,11.702066,36.299183,46.583939,58.490990,0.047204
3.096505,2.835532,11.371201,23.615089,19.081055,19.656403,0.084107
3.198405,3.030165,11.883203,20.662127,22.952221,26.095509,0.034838
2.833422,2.698664,11.391333,59.553852,40.795841,44.830814,0.120473
3.123942,3.009690,11.315918,19.716150,32.072273,30.699730,-0.019840
2.890254,2.762748,11.694407,55.891762,44.284363,46.844051,0.085775
3.185266,3.063427,12.058874,42.540325,34.023384,50.944736,0.095219
2.922966,2.805399,11.633482,59.137657,35.241512,50.092571,0.125852
3.168599,3.178493,11.796354,46.919441,53.282696,70.317749,0.048205
3.000715,2.902200,12.028415,51.601139,51.652901,47.938366,0.064593
2.670393,2.637664,9.971725,34.478489,39.654720,79.517303,0.001410
2.773799,2.720770,10.314708,19.270157,29.745880,49.599995,-0.005398
3.089073,3.154261,12.290232,96.881096,84.364456,121.885406,0.059507
2.883124,2.801120,11.737651,63.856949,50.617634,57.699635,0.060391
3.007061,2.964505,11.851412,64.561722,44.520668,82.820580,0.100913
3.140104,3.162604,11.891275,54.349773,58.664253,73.023735,0.043233
3.110487,2.934308,11.682878,30.012247,45.510437,32.322674,0.003789
2.894066,2.759762,11.486911,59.961823,35.116978,47.948708,0.152273
3.165128,3.063584,11.472457,20.825100,32.182575,33.992424,0.001646
2.985250,2.771378,10.783220,11.721741,21.427338,16.281338,0.047209
3.140296,3.110430,11.430886,34.667625,42.355007,62.348736,0.057971
3.212171,2.809394,11.794726,13.045615,14.293042,6.021594,-0.007850
3.125395,3.090314,12.169604,58.266033,46.268456,69.169441,0.085262
3.182401,2.978413,11.814655,20.048538,24.406788,21.117411,0.051238
3.003615,2.821975,10.879358,18.382080,33.744789,25.919426,0.040328
2.983816,2.992407,11.998054,66.887848,68.675743,73.326813,0.027083
3.083454,3.034952,11.704459,42.850243,53.538616,51.261196,0.005992
3.040518,3.042041,10.984407,26.379566,41.030506,54.755241,0.027879
2.748530,2.698504,11.377542,77.718529,62.365543,67.204941,0.062858
2.553116,2.321364,9.533653,6.214315,5.127855,12.380121,-0.025742
3.097783,3.008893,12.140254,53.087311,42.190498,57.796757,0.079966
3.017009,2.677612,11.042190,48.221786,22.654352,29.311436,0.090486
2.925397,2.703707,11.149053,43.314140,16.358177,33.039822,0.118837
3.092384,3.005873,11.335397,27.643349,42.049877,40.755669,-0.005639
2.998878,3.028977,10.959110,42.909588,63.013439,81.820312,0.046985
2.588000,2.513198,9.785731,16.268612,22.487474,45.408375,-0.026715
2.813457,2.746902,11.155644,51.304096,34.536522,74.151802,0.071704
2.945499,2.696538,10.878349,28.941509,14.285066,23.105892,0.082535
3.096778,3.077686,12.225968,72.461121,52.066944,83.384300,0.109677
3.073972,2.995105,11.165722,23.176432,37.814011,37.306061,-0.020197
3.115465,3.144010,11.772092,55.528915,69.967773,82.818054,0.044966
2.526862,2.450815,9.638484,12.136700,16.386845,36.151360,-0.045369
3.154196,3.094865,12.166571,53.935062,40.928024,65.703308,0.097144
3.097553,3.085254,11.958132,68.097183,55.516537,89.597893,0.080975
3.117939,3.085669,11.381562,34.008392,49.213459,55.033424,0.027427
2.990302,2.891269,10.768474,15.079071,26.596588,32.582268,-0.017797
3.150393,3.069504,12.056596,49.156910,37.195293,61.290722,0.091482
3.073945,3.103212,11.912509,79.119194,70.270653,109.128769,0.059922
3.047878,2.780127,11.278825,29.646294,50.315186,34.166424,0.035725
3.064748,3.064047,11.171964,43.705601,50.092106,79.837555,0.056806
3.152323,3.006142,11.957527,37.445068,31.830805,40.796024,0.082308
3.117147,3.127230,11.593396,47.781712,50.315060,76.725479,0.049503
3.067192,3.114236,12.117508,92.485954,76.855484,109.825790,0.059995
3.054017,3.045523,12.046911,77.212051,54.468994,96.612114,0.100267
2.995591,3.033356,10.941209,49.903900,66.732544,103.579742,0.081507
2.804188,2.725996,10.480222,29.738096,32.951370,61.850891,-0.006296
3.140296,2.915960,11.813053,24.118660,30.011055,21.126106,0.030244
2.984870,2.769071,11.564908,43.668877,27.412031,33.305935,0.150429
3.030424,2.902024,12.015073,49.892094,34.674843,46.583324,0.090103
2.470755,2.365659,10.078959,18.651867,12.636999,45.451569,0.071619
3.137083,3.137902,11.852820,48.692802,53.594288,63.864384,0.033954
2.803343,2.784747,11.469144,81.280891,63.767548,75.918953,0.061831
3.172035,3.130837,11.885779,38.623341,44.133373,51.531349,0.031051
3.017982,2.839734,11.858806,46.584015,30.847294,39.994057,0.112090
3.098810,3.011794,11.586985,31.810694,31.094322,51.762768,0.029782
3.053952,3.043815,11.726073,50.771111,60.669788,61.666569,0.007910
3.169461,2.985900,11.536526,14.362453,21.026678,19.983301,0.010963
3.004003,3.020221,10.959677,40.290268,61.441536,72.699890,0.031342
2.921462,2.657055,11.205665,53.592155,34.181374,32.893303,0.141886
3.191878,3.030722,11.862648,27.807079,25.329308,39.642387,0.057143
2.804033,2.754367,11.249825,67.115974,46.130760,99.245468,0.110715
3.120726,3.079275,12.163628,57.692059,45.967068,67.767235,0.083605
2.970197,2.943083,11.953645,65.879478,56.304302,68.731438,0.054932
2.608675,2.552773,9.703887,9.780828,19.511726,27.821159,-0.003535
3.112231,2.778996,11.315780,11.398117,14.523762,7.956282,0.015594
3.072855,3.070154,12.174102,65.011566,55.341900,75.442566,0.062030
3.061264,2.890523,11.478835,26.431637,23.364880,40.842987,0.035733
3.133039,2.907287,11.346821,12.570643,18.438293,16.317238,0.028212
3.205253,3.121541,11.598775,25.684410,32.174606,44.843327,0.043855
3.211378,3.159762,11.705291,30.503120,38.640560,51.037243,0.055077
3.039606,3.044164,10.994258,33.996029,51.905983,64.223869,0.028040
3.094280,2.839708,11.249878,13.888525,15.690085,19.745243,0.040201
3.112069,3.143314,12.051999,62.422638,64.345337,79.483368,0.041246
3.141908,2.958862,11.769218,24.113596,30.689264,23.259146,0.027299
2.954393,2.679643,11.095344,37.436516,21.821985,23.776514,0.114577
3.153201,3.034508,11.897313,37.997997,29.957138,50.511425,0.074229
2.969723,2.786208,10.741035,11.951897,22.146576,17.655111,0.050893
3.126850,3.062875,11.879451,47.650066,37.815620,63.275005,0.082814
2.766906,2.717928,11.095353,63.286877,44.288910,95.901138,0.098406
3.115066,3.080486,11.776074,42.406986,50.372322,53.605370,0.019574
3.092101,2.897467,11.524949,30.186378,47.870205,33.865070,0.017212
3.049991,2.846334,11.826882,43.932957,26.957703,37.540699,0.126898
3.163942,3.164609,11.764188,44.214771,54.025021,68.472412,0.047357
3.077003,2.885077,11.804151,36.332367,28.328655,31.876072,0.102843
2.866791,2.553668,10.295499,7.080467,8.874741,7.402981,-0.015122
3.029122,3.060103,11.705693,55.144028,67.843246,71.687798,0.014095
3.108698,2.980061,12.089095,48.382256,32.778416,52.037914,0.104489
3.021713,3.021830,11.876950,57.978386,65.275681,64.302788,0.014010
3.139116,2.982751,11.899559,35.055195,30.419508,36.438278,0.080173
2.896613,2.787032,11.778317,57.992516,50.105679,51.044094,0.066520
3.103392,3.035158,12.024877,49.637482,44.635681,56.166660,0.053277
2.826225,2.747202,11.310040,53.495224,33.716484,73.617065,0.077396
2.823139,2.764470,11.576493,71.345413,54.525417,63.788784,0.062410
3.029294,3.025909,10.929351,22.241693,38.664124,43.404110,-0.009803
3.085956,3.094834,12.015368,58.568253,58.089531,70.663963,0.037760
3.006664,3.013609,12.000021,71.058121,61.202984,78.480698,0.042146
3.143050,3.198470,12.405055,82.425964,81.197975,106.425949,0.053146
2.953050,2.831574,11.795354,54.096394,38.351963,47.428082,0.084649
2.767328,2.354829,9.948760,12.686744,6.890096,10.894463,-0.013713
3.173410,3.010852,11.775396,23.417770,31.526951,27.553696,0.007065
2.961380,2.657893,11.054278,43.626160,25.551765,25.144831,0.091499
3.052041,2.903048,11.962923,39.794357,41.109184,33.960678,0.068079
3.149578,2.888401,11.455481,14.065606,20.436247,14.455442,0.031726
3.199909,3.036021,11.941970,28.556877,25.113565,37.132809,0.067863
3.144548,3.055465,11.384545,24.887697,30.913586,45.636147,0.032596
2.865236,2.469140,10.251856,8.133792,8.232719,6.055560,-0.074623
3.012839,2.794212,10.860494,10.490394,18.246508,17.465279,0.027218
2.879099,2.695267,10.365139,8.895463,17.721462,14.287395,0.095772
3.150628,3.123366,11.971575,52.074650,44.637131,68.271454,0.082045
3.125913,3.154041,12.216680,72.516640,67.361404,91.369789,0.057938
3.124698,3.101101,11.361320,33.742310,46.592327,61.212875,0.047934
2.966679,2.924469,10.824075,27.426256,36.247532,58.689983,0.030995
3.074338,2.935248,11.994107,41.680386,44.136929,38.433136,0.063647
3.121601,2.900378,11.856845,28.614361,33.117783,24.175507,0.041950
2.984846,3.025658,11.498247,58.911064,80.044006,77.475967,0.009634
3.204516,3.066472,11.589929,18.772346,25.412706,32.076725,0.026150
2.398694,1.857394,9.124077,7.838605,3.632136,10.766046,-0.054136
3.095312,3.076762,11.336120,41.114391,51.386703,74.676819,0.062726
3.091014,3.077087,11.320604,41.455715,58.762989,69.175606,0.040734
3.151822,3.113370,11.444324,31.472631,40.943451,58.293282,0.059634
2.943298,2.787004,11.743470,45.339451,37.897114,36.122910,0.088359
3.094017,3.062482,11.214212,28.266876,38.757893,56.717869,0.050741
3.051550,2.989028,11.163896,31.002501,35.861401,58.135605,0.037316
2.908481,2.777864,11.021201,28.355011,26.634350,50.511242,0.003589
3.146870,3.211534,12.380520,85.865417,89.322411,114.456047,0.061219
2.930718,2.771312,11.491544,55.376568,30.895653,44.172974,0.165009
3.074430,2.867698,11.811881,40.882908,26.057184,35.988129,0.118765
3.158235,3.024382,11.500757,19.839756,30.822300,28.721674,-0.015188
2.970071,2.801998,10.711253,29.506924,51.751492,41.231354,0.046028
3.131753,3.157680,11.850880,61.773907,61.469997,87.378426,0.052784
3.053993,2.978188,11.164240,28.574026,33.469486,53.870571,0.026658
3.113792,3.165554,12.307584,89.293365,79.255608,110.825073,0.060919
2.985559,2.720814,10.985508,21.214314,13.058384,21.761396,0.054123
3.071172,3.081544,11.365727,52.501057,60.704266,90.367363,0.055419
3.056320,2.904115,11.930317,40.744431,39.812622,37.173088,0.075042
3.106013,2.955361,11.892911,37.169857,39.017658,37.076672,0.053158
3.091546,3.104939,12.088926,63.253155,59.437653,76.732361,0.046638
2.669947,2.529698,10.549271,32.754543,24.749878,58.004219,0.011136
2.844509,2.785666,10.492998,19.479286,29.624783,47.710773,-0.003782
3.032634,2.762998,11.045093,12.768236,13.122681,15.367700,0.051281
3.048427,2.765782,11.484643,29.199665,26.630915,20.168589,0.059897
3.212626,3.109388,11.991412,35.654728,34.558113,46.087109,0.060572
2.964620,2.812392,10.690904,30.639454,53.134121,43.055836,0.041964
3.082998,2.960781,11.536511,28.944689,27.562082,46.682602,0.026918
2.965352,2.983563,10.712367,26.219723,42.120132,58.587227,0.020855
2.750059,2.534239,10.637259,23.086861,13.164264,34.129482,0.041355
3.179971,3.124224,11.975647,45.600624,39.208725,60.375195,0.079329
2.922620,2.823800,11.211121,35.636261,30.300734,58.157692,0.015289
3.180246,2.898662,11.666840,15.862623,23.623466,15.733643,0.028953
3.093085,3.131539,11.744479,71.394112,70.693352,103.871841,0.048920
2.818028,2.779347,11.508248,76.885521,51.549026,69.753593,0.074122
2.622033,2.552615,9.869327,26.109495,30.652765,63.533787,-0.012589
3.191462,3.082685,11.624505,21.283926,31.105043,33.695950,0.013881
2.887875,2.730310,10.967715,25.977425,23.521641,45.934082,0.007090
3.199994,3.128557,11.597810,22.640854,32.998631,39.651123,0.028791
3.204644,3.167441,11.966285,42.573994,42.335991,58.322571,0.060651
2.866134,2.801646,11.698586,65.215744,59.270481,58.569645,0.065423
2.951477,2.847247,11.553563,47.651424,29.100313,60.439812,0.084178
3.191945,3.112350,11.678109,27.075558,37.265068,42.799244,0.033351
3.035894,2.918219,12.065288,52.408737,36.787502,50.671642,0.092785
3.087075,3.054146,11.630582,42.343395,55.394089,54.862881,0.005851
3.149392,2.970476,11.847909,29.304737,27.492462,29.910389,0.078016
3.082390,2.936688,11.962919,39.881859,42.377243,36.889076,0.062520
3.189541,3.158873,11.943721,44.714199,42.634003,61.314251,0.066171
2.992612,3.024288,10.867299,36.664173,55.752522,74.548431,0.044369
3.110894,3.135016,11.883219,55.530792,61.369598,72.467438,0.039447
3.196754,3.017267,11.875107,23.532379,22.733505,31.213602,0.049700
2.907191,2.773062,11.399056,59.094547,29.407125,48.051888,0.171086
2.967927,2.923254,11.585288,58.511814,41.578159,80.372787,0.091440
2.965697,2.845221,11.927210,51.647854,50.383347,44.908718,0.071962
3.119993,3.081432,11.814524,50.089535,41.734402,69.056564,0.084887
3.055382,2.980020,12.186877,61.164276,44.057625,64.685318,0.095729
3.150801,3.141079,12.067175,56.803730,50.940041,72.742470,0.073199
3.072052,2.929891,11.992095,44.472248,32.024971,42.495987,0.091725
3.080895,2.800889,11.284405,21.148022,19.870813,15.389196,0.052200
3.147643,3.172203,11.782281,54.613861,59.397125,79.295586,0.051342
2.954890,3.006247,11.882830,78.549583,84.183609,91.064484,0.013066
3.046838,3.062649,11.365006,58.580761,70.447594,100.155510,0.053675
2.990027,2.835261,11.909853,42.234219,40.443546,33.296570,0.080984
2.936015,2.937073,11.805474,74.635460,64.065880,77.755074,0.043452
3.070393,2.868949,11.513057,27.160799,20.468510,36.607769,0.056759
2.991112,2.707916,10.965551,23.780033,17.277792,15.130491,0.073353
3.141596,2.930399,11.608829,22.201202,34.429016,24.608820,0.009147
3.136503,3.189601,12.405828,84.729179,80.509262,109.738266,0.056454
2.942864,2.839794,11.766768,57.578098,39.093136,51.260891,0.079114
3.096850,2.865511,11.481000,26.528278,18.520004,27.052933,0.071080
3.098662,3.167151,12.180932,84.689156,95.796989,120.020996,0.051263
3.097492,2.979355,12.097280,47.748478,36.842373,49.833542,0.087686
3.100760,3.082119,11.231778,28.320374,41.685444,53.406960,0.033481
2.855699,2.645455,10.691092,17.658068,17.223112,34.365063,0.010432
2.961951,2.811168,11.889598,45.439945,43.899105,36.010826,0.079178
3.123921,3.094696,12.252549,62.696209,47.258945,74.644905,0.102700
2.912262,2.785274,11.351443,55.389278,25.118708,44.416576,0.172670
3.141408,3.019686,12.157454,48.372677,35.105434,54.024673,0.106359
3.118508,3.138783,11.639248,54.223389,56.634525,82.814880,0.049462
3.216981,3.067654,11.953850,27.852207,30.099380,34.187260,0.046648
3.176259,3.116838,12.002895,46.945961,39.241516,61.009094,0.083207
3.196517,3.187838,11.941890,43.409916,46.864044,61.276043,0.046326
3.140844,2.931318,11.782428,32.509838,24.179218,31.886414,0.104269
3.153843,3.145385,11.773538,45.869106,46.013477,69.193314,0.057087
2.866857,2.729784,11.274371,42.667965,23.587130,53.001171,0.076374
3.084865,2.806949,11.930198,33.056644,34.399830,24.044012,0.050342
3.151145,3.176807,11.915019,59.069584,60.413921,82.251678,0.053025
2.910931,2.646768,11.319273,49.905121,35.800995,31.490244,0.127942
2.695920,2.655805,10.768935,51.854599,39.056126,84.917839,0.062469
2.995274,2.940934,10.796914,24.695034,42.905762,40.847530,0.001089
2.995921,3.024489,11.209027,66.046776,59.694035,108.211754,0.044185
3.018374,2.932668,12.042141,52.030632,48.766182,51.795498,0.048525
2.892930,2.938211,10.398887,30.316511,55.351524,59.566021,0.031137
2.948684,2.848241,11.778968,57.682884,38.567162,51.702480,0.079746
3.038331,2.754821,11.250799,25.439215,21.966290,17.076803,0.066752
3.109678,2.927928,11.694768,32.349899,22.107500,38.073303,0.077829
3.043195,3.091659,12.128683,76.131004,80.542427,92.365524,0.033169
3.046465,3.063252,11.262121,51.979107,52.465389,90.781799,0.045577
3.058258,3.092698,11.859168,59.123615,67.514946,75.417107,0.025599
2.443383,2.055243,10.067224,14.342236,5.352683,28.753065,-0.075240
2.560217,2.389010,10.296912,24.474785,10.488916,33.956699,0.008001
3.102550,3.057627,11.750865,47.787777,40.016838,67.919327,0.079054
3.093298,3.045502,11.949304,48.501125,47.965313,55.957050,0.036489
3.066594,2.902707,12.308272,54.238602,65.740433,48.527351,0.024699
2.864327,2.587988,10.675511,31.086117,12.533977,26.652588,0.046496
3.098661,3.124381,11.730577,65.986900,63.154449,95.588989,0.052867
2.997941,3.009226,11.926641,61.475555,71.009392,65.581612,0.012843
2.891567,2.834966,10.625996,21.251469,30.752413,49.263226,0.002773
2.995633,2.865676,11.957421,50.052525,52.947247,43.277504,0.063919
3.199121,3.168732,11.942409,41.367912,43.519382,57.218407,0.051932
2.942165,2.896133,11.379786,50.280426,38.946678,75.159355,0.065496
3.130985,2.974452,11.898358,38.900021,26.946613,44.114235,0.096043
3.166967,2.987875,11.661937,19.818232,29.272537,22.417219,0.008952
2.814834,2.822830,10.225263,16.036171,31.170738,37.587677,-0.015666
3.074776,3.127031,12.245086,84.210785,81.541908,103.081459,0.042756
3.001794,3.007668,10.861922,27.593761,42.038559,59.794151,0.031439
3.115857,3.116940,12.045762,57.954502,54.057243,71.945427,0.053578
2.983200,2.791649,10.959173,14.067398,26.881262,18.733234,0.069925
2.975926,2.698656,10.806796,18.611580,12.147877,16.109356,0.070619
2.967552,2.992467,11.935469,73.703743,71.581657,80.947784,0.024973
3.211137,3.096522,12.012403,36.915028,33.576385,46.743092,0.071486
2.986931,3.040639,11.413383,75.286766,96.110390,122.105545,0.037513
3.114461,3.075307,11.771693,41.601559,50.090488,52.524876,0.016826
3.041041,2.975424,11.714141,52.002300,37.905148,70.039429,0.084013
3.035707,2.936363,12.073839,57.711742,38.410831,57.664597,0.099538
3.102375,2.882904,11.633597,28.147488,25.708040,24.007782,0.074754
3.169456,3.071335,11.540842,23.025740,34.171951,36.396576,0.007657
3.140165,3.020231,11.825830,30.802055,39.783901,35.265194,-0.007477
2.782179,2.546317,10.523107,24.628519,10.538156,26.969498,0.005686
3.167493,2.988778,11.756607,22.309727,30.061768,24.779821,0.018161
3.123247,3.130999,11.769423,56.970856,54.483192,81.201614,0.058937
3.003605,2.790150,11.638382,44.558338,26.878891,35.105957,0.155504
3.181916,3.121375,11.759809,31.717663,34.035809,52.011162,0.043036
3.055080,2.984148,11.608377,42.012451,34.463379,61.876381,0.053174
3.188794,3.135288,11.569914,26.399628,37.493324,45.977928,0.043966
2.539058,2.556910,9.729877,12.485833,22.663902,41.221207,-0.025370
2.914954,2.909564,11.690293,84.874214,50.719822,85.039200,0.095858
2.986253,2.777123,11.554123,45.523941,25.626129,35.806915,0.162262
3.155409,3.143183,11.679583,38.852291,50.889004,59.505821,0.035522
3.130736,3.145507,11.815507,48.683182,59.212048,69.225250,0.033919
2.837545,2.696672,11.482012,55.534042,42.899906,40.659462,0.117695
2.935850,2.717437,11.124831,29.455139,16.872675,36.145836,0.071189
2.988843,2.888922,10.753712,14.950998,26.611397,32.098198,-0.017461
3.000745,2.972724,10.926860,21.615686,33.612888,46.837219,0.013075
3.099873,3.039926,12.077381,52.977497,45.593723,60.042698,0.063027
3.087552,3.001834,11.669066,38.080711,31.908554,55.727470,0.050489
2.552006,1.989934,9.247334,4.228891,4.691931,3.035457,-0.126164
2.940095,2.805348,11.499892,43.384243,23.306551,50.019455,0.092740
2.961101,2.957774,11.896236,71.492317,60.636703,75.602745,0.049078
3.172307,3.123083,11.933469,43.448143,42.894241,56.070290,0.052454
3.136401,3.126884,12.139995,61.178139,52.336781,76.386742,0.080637
3.213992,3.176029,11.802888,33.783405,41.782459,53.526260,0.051969
2.907645,2.783508,11.250083,35.849293,26.799595,53.830044,0.027437
3.176631,3.120296,12.063127,48.482864,40.508556,61.239513,0.082029
2.906103,2.736876,11.222839,36.659317,21.817408,47.377808,0.064699
3.100883,3.134552,11.785830,69.240044,67.237427,99.861275,0.050167
3.037777,3.051768,11.305954,56.984684,70.424561,98.200668,0.051409
2.881641,2.444909,10.367930,25.649473,11.679469,15.380543,0.008485
3.096526,3.001921,11.575842,31.690365,44.140568,39.932819,-0.007293
3.045239,3.161347,12.593075,114.237320,125.259850,163.718094,0.054781
2.777918,2.686607,11.384055,68.118584,47.563351,52.850670,0.111052
3.111379,3.088563,12.145265,66.637886,51.621643,82.550735,0.095819
3.040658,3.035028,11.692039,51.661152,66.465858,61.096016,0.006830
2.828148,2.695313,10.363752,13.887929,20.335657,33.816402,-0.022303
3.098536,3.078821,12.093617,71.217598,55.348969,89.917824,0.090258
3.123866,3.093566,11.315858,32.494179,43.093979,62.778069,0.060463
3.057406,2.819871,11.611780,37.690258,22.979961,30.993237,0.131784
3.088672,2.941573,11.918653,39.483658,33.729939,38.159431,0.079038
3.163174,3.010464,11.436122,15.115849,23.980370,24.787033,-0.012609
3.140699,3.121265,11.873134,46.670460,49.395023,59.828373,0.035111
2.922894,2.917729,11.842525,68.385521,69.472534,68.903023,0.037535
3.155607,3.015953,12.057278,42.952099,31.523546,49.300289,0.104051
2.627821,2.394647,10.066180,13.278096,7.817321,22.949419,-0.000035
3.162947,2.976103,11.524049,16.846626,26.237309,20.871305,0.017183
2.955746,2.916858,11.903257,70.158905,52.496254,71.178772,0.083079
3.169726,3.160287,11.872716,47.312611,47.223690,67.490044,0.058593
2.999045,3.065642,11.963494,102.855095,83.873878,117.525887,0.045242
2.939696,2.730655,11.172917,26.115118,19.757372,39.638870,0.035386
3.153380,3.165661,11.801900,50.314430,53.083267,73.883286,0.050993
3.073700,2.778531,11.361662,16.149832,28.968941,17.487804,0.058861
3.048139,2.974916,11.566501,40.626980,34.051662,61.037720,0.046958
3.155356,3.145550,11.781882,45.627342,45.610214,68.576759,0.057949
3.074689,3.081729,11.268514,45.445473,49.825207,80.300331,0.051984
3.101429,3.015447,11.821894,39.024502,47.191154,41.891617,0.011852
2.966808,2.769118,11.274869,33.657726,18.335712,38.498882,0.084407
3.062264,3.067873,11.811634,75.220451,62.592415,103.327774,0.068280
3.061025,2.975518,12.070110,51.727619,45.070362,54.196259,0.056969
3.072646,2.939740,12.070391,51.622578,32.114761,53.672989,0.110062
3.196403,3.144369,11.663962,29.912977,40.462601,49.951897,0.050062
3.270209,2.910469,12.192861,13.991283,21.589748,7.979746,0.030294
3.123557,3.121665,11.530456,42.083576,45.636154,71.153168,0.050710
2.861224,2.689161,10.709982,20.977938,21.167183,41.012543,0.001673
3.131469,2.951933,11.472281,20.862040,22.955378,35.103268,0.032864
2.833535,2.864479,10.206926,15.728974,33.219040,31.821398,0.070493
3.047427,3.054639,11.145596,42.787678,60.894238,77.041176,0.046147
2.942197,2.706642,11.102327,24.506720,16.424128,33.669296,0.042603
3.026804,3.022530,11.958936,59.044838,63.518406,65.699280,0.021691
2.954893,2.557702,10.730647,26.058031,14.765811,14.724555,0.031019
2.867694,2.735881,11.590350,54.162544,43.775349,43.155170,0.083276
3.048992,3.054296,11.032189,34.566170,50.783634,68.610565,0.045473
3.117175,3.118407,12.005781,55.758305,53.579155,69.530090,0.047177
3.154351,3.145406,11.663426,40.162247,43.747639,65.895851,0.050224
3.232241,3.129943,11.985830,31.776827,33.749908,43.174759,0.052268
3.152775,3.111943,12.025565,50.442978,44.652237,62.647514,0.068419
3.040634,2.996182,11.952186,61.913883,43.273838,78.005280,0.101979
2.794834,2.784477,10.325721,25.613468,39.934326,68.357132,-0.002512
3.234821,3.174803,11.981481,35.101627,36.693737,51.474968,0.056486
3.067489,2.850544,11.442199,24.607058,18.520493,32.850319,0.054743
3.046940,3.030962,12.025792,58.188686,58.246922,65.138763,0.032722
3.048208,2.991438,11.917139,49.392685,56.102993,49.028191,0.032930
3.065906,2.923344,11.492730,28.131744,25.739929,44.569435,0.029328
2.839195,2.831782,11.540156,79.983070,68.450478,77.428825,0.043705
3.161510,3.157235,11.850810,44.467300,50.921059,61.163322,0.034247
2.869911,2.915064,10.772238,20.398115,31.669907,73.425430,-0.017372
3.032618,3.055900,11.534326,52.326725,69.672462,73.500954,0.020029
2.805540,2.718888,11.030956,43.173359,31.785980,67.192505,0.035226
3.216336,3.040632,11.773893,21.304749,23.759987,33.078724,0.044350
3.160312,3.188771,11.908496,57.827473,62.174702,80.485535,0.052721
3.098131,3.136073,12.013685,65.919083,71.557861,85.013557,0.041940
2.623520,2.593661,9.956102,12.680849,21.908054,37.420223,-0.033151
2.865854,2.801367,11.684626,68.506378,55.275173,63.074730,0.064727
3.173931,3.105951,11.988614,44.568951,39.907253,55.819126,0.064782
3.165386,3.122472,11.507370,30.131664,37.201965,53.892273,0.053927
2.908976,2.847263,10.942874,34.840427,35.760235,65.366821,0.013706
2.884905,2.747007,11.050121,29.395535,25.402647,50.178741,0.006703
2.620516,2.483199,10.025203,23.232521,23.221460,52.194382,-0.019257
2.690710,2.391703,9.990314,9.828210,6.180874,15.065043,-0.004271
3.130399,2.922248,11.802725,26.155756,32.322670,23.431940,0.028453
3.034252,2.975713,12.015528,52.029285,56.481647,51.229675,0.041079
3.135726,2.937456,11.780063,24.961657,31.665241,23.182430,0.025229
3.179631,3.123621,11.941371,42.229084,41.750538,54.687431,0.052052
2.871776,2.619884,10.841880,21.957258,13.532425,30.807926,0.045690
2.317485,2.228605,8.918883,2.998795,5.780215,16.772087,0.030350
3.296426,3.045621,13.355037,43.501472,64.376579,40.862232,0.010028
3.006583,3.019254,11.044751,46.362267,69.012123,79.277969,0.038602
2.997272,2.674980,10.996443,26.143559,17.216354,15.202667,0.067346
2.889926,2.937483,10.593577,42.163105,71.811684,70.006798,0.049751
3.179974,3.155934,11.966666,48.561852,45.363976,64.444267,0.070104
3.061021,3.058140,11.279480,44.439087,59.333546,78.386009,0.052589
2.959773,2.750044,11.194704,32.671375,16.269009,34.417423,0.080594
3.083597,2.993767,12.185067,55.377121,42.552292,59.193150,0.086179
3.061882,3.111387,12.225992,81.306313,82.034485,99.190720,0.038096
3.011462,2.820611,12.052148,45.451962,49.646576,36.515034,0.051829
3.042831,2.783549,11.200540,22.678528,14.976250,24.048532,0.059257
3.263609,3.155408,12.021242,28.607576,30.949537,42.218430,0.059038
3.185735,3.103213,11.952863,40.207150,34.997837,55.346806,0.075858
3.180725,3.035493,12.026137,40.018620,30.954565,47.445133,0.100478
