2.971025,3.036666,11.590014,77.613228,103.157677,110.977737,0.019589
3.025800,3.048692,11.041617,43.030827,60.841003,84.086571,0.060536
3.137188,3.131688,11.697300,43.520927,43.897400,69.310829,0.057290
3.214988,3.068353,11.814729,22.180965,28.969242,29.435102,0.017761
3.073380,3.105319,11.696719,72.751984,68.156532,106.176048,0.051416
2.661313,2.197103,9.652910,8.136465,4.944100,7.593426,-0.047784
2.903020,2.831265,10.523376,15.246817,30.611691,26.471376,0.043344
2.959834,2.910916,10.785474,28.266857,35.997627,59.487144,0.027823
3.098918,3.148733,12.243163,78.053673,80.393127,98.528511,0.045043
2.854899,2.804274,10.521270,21.911991,31.429600,51.785049,0.002847
3.089076,3.137807,12.262797,77.673584,79.330002,96.508530,0.041948
2.693095,2.180476,9.682769,10.529817,6.408370,6.565017,-0.097436
3.071023,3.060084,11.628427,52.412472,45.597225,78.044998,0.077306
2.802393,2.449177,10.118937,5.543992,9.715482,5.790786,-0.007368
3.157080,3.045518,11.942952,40.097607,37.114315,46.317852,0.058438
2.744468,2.702244,10.847817,48.488155,38.435394,80.435547,0.043536
3.158859,2.903227,11.926101,25.268448,31.517061,20.425549,0.028712
2.915397,2.865059,10.434392,23.149101,44.170494,40.670349,0.054651
3.147370,3.174140,11.826897,57.806454,61.356224,82.168571,0.052205
3.035231,3.037643,11.184291,48.358212,64.741173,86.208694,0.050913
3.073080,2.946999,12.107841,52.129604,33.548882,53.145454,0.106503
3.111453,3.122030,12.027167,58.449223,56.572296,72.999313,0.047139
3.019993,3.013478,11.878911,90.303375,61.401608,98.867638,0.103540
3.092089,2.967266,12.072785,51.180622,31.846878,57.009712,0.111283
3.014717,3.028867,11.135566,53.793987,73.844955,92.903976,0.043732
2.973768,3.011992,12.025783,68.880348,85.173294,77.569260,0.002224
3.214080,3.141614,11.943085,35.502064,34.789051,52.436455,0.062968
2.903143,2.967426,10.432698,16.755056,37.712643,32.514908,0.183325
3.038182,3.045066,11.149621,46.799427,66.163040,82.092209,0.045290
2.847205,2.404351,10.181037,16.130241,9.559846,8.367937,-0.080058
3.166222,2.931218,11.649808,17.529373,26.340836,18.609192,0.023666
3.057703,3.059357,11.706427,50.672535,61.519703,64.068100,0.011667
3.083175,3.068398,11.169835,32.148170,47.956596,56.976772,0.024376
3.078454,3.030568,11.727065,43.908123,54.104668,51.277260,0.006967
3.068290,3.089274,11.717390,51.089245,63.129013,68.645294,0.019200
3.078294,3.061148,11.530373,41.890896,41.472389,70.725670,0.054624
3.095805,3.040141,11.671203,39.885513,52.617321,48.999687,0.004685
3.141034,3.111620,11.728156,40.149529,39.552681,63.928413,0.063874
3.149551,3.097184,12.021642,50.980885,40.353935,65.282867,0.089813
3.111030,3.100694,11.986744,54.009525,52.225941,66.103004,0.043248
3.019018,2.971818,11.109301,40.504246,61.421761,58.845295,0.007142
3.121769,3.095594,11.307089,27.867147,39.892971,53.100586,0.042695
3.074996,3.032193,11.430790,39.674557,55.394348,54.798378,0.006684
3.023764,3.036723,10.927644,32.864361,51.350449,63.473114,0.025185
3.072878,2.982238,11.351541,31.449974,46.508224,42.922115,-0.006630
3.073030,3.067818,11.205050,40.257557,56.119576,73.409676,0.049767
3.059352,2.896328,11.632419,33.954208,23.942314,44.278561,0.062224
3.085204,3.042182,11.378449,37.416485,53.369583,54.825684,0.013262
2.934538,2.532762,10.482864,7.728700,8.817691,5.456480,-0.060705
3.162471,3.136713,11.992084,50.065441,45.867668,64.428558,0.068908
3.110724,3.135663,11.700636,54.297298,66.318909,84.369171,0.044899
3.096067,3.134776,12.168004,70.034485,71.044128,87.163422,0.040826
3.044846,2.890141,11.897577,39.530376,38.325695,34.233799,0.072594
3.080491,2.991747,11.459532,32.499538,46.575397,42.188885,-0.005494
3.189214,3.089198,11.948081,36.793568,36.532417,45.726341,0.048528
3.083824,2.980326,11.883695,46.326694,59.161652,46.866829,0.008014
3.068594,3.097824,11.544389,59.179943,73.724640,94.511612,0.041981
2.963003,2.972529,11.946868,69.383400,70.468353,75.188179,0.024753
3.209901,3.088554,11.865356,26.579855,33.489990,34.985157,0.018159
3.012804,2.785513,11.620848,42.321621,25.606764,32.728195,0.158874
3.124933,3.004836,11.303724,17.595652,26.569862,34.093513,0.013151
2.970264,2.952382,11.497049,66.897697,50.386528,95.129944,0.081814
3.180838,3.189211,11.892667,46.440540,55.147198,68.886383,0.046369
3.207654,2.898924,11.783544,16.596605,22.132885,12.736547,0.040480
2.864534,2.636881,10.927200,27.579090,14.666715,34.477890,0.061520
2.821421,2.810654,11.553823,75.957420,70.816055,69.819748,0.055182
3.101002,3.011342,12.268876,57.332531,40.475861,62.901066,0.107271
3.160914,3.035749,11.904354,36.368946,29.021015,48.494770,0.071816
3.148763,2.980317,11.867362,31.110840,28.874199,32.261269,0.075265
2.782167,2.634615,11.552313,51.278740,24.184490,61.757477,0.109862
3.069034,2.848016,11.278719,17.342354,18.156561,28.945858,0.024637
2.640759,2.301382,9.627731,4.449912,8.347029,5.906710,0.007038
3.125662,3.117611,11.991609,53.780605,51.461216,67.235786,0.049449
2.537435,2.379859,10.698543,34.060421,19.814804,58.861603,0.071710
2.854005,2.657140,11.689616,77.183235,56.981388,48.221397,0.175340
2.941278,2.934648,11.880149,66.772041,69.055832,68.162941,0.034001
2.960734,2.889362,11.561067,51.509174,35.241726,69.790344,0.073743
3.181515,3.110709,11.980904,44.128822,37.263130,58.630634,0.080912
3.075679,2.765596,12.101489,39.333385,39.316357,26.533875,0.078647
3.081827,2.816530,12.234216,41.914158,45.538895,30.527874,0.053399
3.131656,3.045980,11.869018,38.746494,42.045815,45.388348,0.025485
3.143546,3.165034,11.785583,52.983932,60.158989,79.711372,0.051919
3.125831,3.119345,11.724602,48.548660,46.122215,72.911392,0.065206
3.084887,3.060210,11.782080,47.588623,54.561218,57.251785,0.019693
2.972572,2.954986,11.948716,64.654793,64.300812,68.493988,0.030409
3.142226,3.021939,11.831893,32.747524,40.134247,36.779808,0.005175
3.184924,3.163960,11.705968,36.924152,43.784416,59.425652,0.049557
3.085545,3.007788,12.151612,55.260139,44.231838,60.104153,0.077969
3.070537,3.090532,11.485174,55.251972,68.747292,90.628052,0.046063
2.952971,3.001617,11.150556,72.866997,93.738144,133.202103,0.060249
3.023783,2.992724,12.013039,56.956333,58.847363,61.044823,0.028598
2.806739,2.828672,10.277010,26.104067,42.048576,66.123993,0.008446
3.108250,2.969110,11.734094,34.741993,47.988224,37.275276,0.007967
3.039194,3.072264,12.137065,69.292450,70.141495,80.814880,0.032037
3.201761,3.153649,11.881920,34.798374,41.927048,49.785866,0.035729
3.238241,3.088738,11.955810,24.173155,27.995701,31.935217,0.039171
3.212296,3.196620,11.934745,40.182430,44.464050,58.734936,0.048164
3.189116,3.145082,11.911166,37.955627,42.797791,51.684288,0.036190
3.088603,3.094603,11.665490,46.328903,59.437187,64.337135,0.018329
3.060772,3.020089,11.465722,37.041622,37.365719,63.565750,0.040186
3.104256,3.035843,12.182424,56.248348,43.547089,63.126595,0.087739
2.999443,2.989731,10.920773,36.856922,58.683563,60.830219,0.003110
3.022182,2.933267,12.078868,53.882763,47.368729,53.829147,0.057505
2.908436,2.524010,10.452205,19.461239,12.033227,10.833425,-0.031952
2.696434,2.140376,9.655649,16.352470,6.613863,12.033197,0.030902
3.104278,3.078599,11.922773,49.712589,51.447285,59.803574,0.033702
3.099541,2.837090,11.496951,22.930632,23.858633,17.645374,0.049041
3.119516,3.101531,11.830556,53.012852,45.422264,72.855858,0.083042
3.099803,3.108364,11.526963,46.539845,60.708355,75.435951,0.046077
2.949646,2.833446,11.074378,28.295124,28.287884,51.275227,0.003959
3.077576,3.092207,11.332480,49.413898,53.203125,84.901352,0.046502
2.542861,2.366440,10.133557,26.599085,20.808750,53.888268,0.008129
3.086891,3.129343,11.849172,64.725281,78.138809,91.141975,0.037805
3.049729,2.970141,12.075292,52.964130,46.457558,55.192745,0.055868
3.113082,3.120221,11.664427,46.220119,59.884598,68.207794,0.033313
3.090718,2.990861,12.034934,52.241173,34.781853,62.717133,0.100030
3.068472,2.913965,11.890542,39.055492,35.322319,36.225460,0.079005
2.893557,2.732434,11.832898,59.733860,57.015076,45.561302,0.078919
2.984789,2.925087,11.713007,58.300632,39.600090,76.729660,0.092824
3.091995,3.078978,11.213627,35.897083,50.385406,67.125237,0.048138
3.090162,3.080656,11.782384,62.673786,52.730637,86.810776,0.077551
2.977810,2.763168,11.496273,45.172127,25.654436,34.368923,0.171977
3.158679,2.945107,11.552118,16.379206,24.974632,18.445032,0.027784
2.771596,2.761313,11.406304,80.602127,72.502892,71.384796,0.061690
2.695785,2.119217,9.702900,21.237583,7.755437,14.621192,0.059513
3.126377,3.102148,11.778867,48.196163,42.802505,69.640732,0.078901
3.125120,3.158073,11.961225,61.498295,66.587845,81.615616,0.046154
3.029716,3.025489,11.684452,75.628494,59.021427,104.974770,0.077109
3.058227,2.798851,12.560127,55.433102,57.152317,38.858189,0.082950
2.802932,2.433518,10.143041,5.581663,9.505657,5.100680,0.006610
2.950719,2.644796,10.795546,24.752102,15.413960,15.529423,0.063195
2.533211,2.368425,10.332291,23.866665,15.122972,46.513355,0.057535
2.967334,2.877133,11.186730,31.680712,31.180441,56.110149,0.007177
3.036539,3.007114,11.910315,53.985806,60.217823,56.500458,0.020619
2.958295,2.906907,11.801842,68.593979,44.324150,88.691086,0.121891
2.974478,2.823221,11.475349,40.185200,24.464916,50.175045,0.075783
2.862508,2.703302,11.068416,31.049801,23.108154,48.422977,0.027830
3.176543,3.132349,11.882354,36.780148,44.006332,50.281487,0.029507
3.062984,3.056231,11.063619,24.793676,40.724804,47.206638,0.009521
2.966431,3.024614,11.909828,72.085381,83.365105,87.047447,0.005451
3.099756,2.880078,11.538614,28.148930,19.443489,28.408844,0.075695
3.059354,2.940022,11.986058,52.184818,31.354794,60.038414,0.110875
2.991861,2.985298,11.331536,49.449863,45.171642,82.353516,0.056169
3.086433,3.129651,12.145379,72.036682,75.676102,90.193344,0.040990
3.054348,3.010861,11.780176,55.713169,42.101562,74.753586,0.091773
3.165218,3.138549,12.014595,51.756336,45.479584,67.048744,0.078670
3.005907,2.903323,11.389793,33.122536,29.153605,52.923065,0.022403
3.150632,3.132484,11.999075,51.867893,48.012596,66.158447,0.063431
3.146846,3.089884,12.110141,51.897930,42.137215,62.336990,0.079470
2.965033,2.912122,11.949450,60.156330,62.047920,58.189377,0.051003
3.120416,3.141052,11.832873,52.978554,60.694550,71.751587,0.037960
3.082929,3.035895,11.966651,49.751652,48.714272,56.582565,0.036775
3.003309,2.952751,11.399081,41.425007,37.020294,66.999725,0.043703
2.751386,2.446823,10.185541,11.707277,6.855896,15.809134,0.005631
3.129593,3.023634,12.215115,52.834557,37.036995,59.474213,0.110613
3.019145,2.923007,12.330700,65.055885,79.653389,63.373459,-0.023030
2.550093,2.546951,9.546943,11.065222,22.192162,32.459332,-0.018671
3.130767,3.107910,12.153897,59.417988,48.506428,72.270264,0.086623
3.097776,2.795259,11.360497,13.734588,23.933092,14.488896,0.051960
3.070813,3.071177,11.285831,42.206898,45.813858,75.979607,0.054389
2.846593,2.641884,11.318843,63.234127,40.672249,42.893166,0.156510
2.908656,2.852370,11.805870,63.973679,57.875542,61.542820,0.052181
3.170719,2.950228,11.710162,20.431046,20.588945,21.447779,0.065321
3.036875,2.832534,11.448300,33.258385,19.485809,36.803127,0.080100
3.184562,3.155328,11.832988,37.087246,45.875587,54.329697,0.035271
2.606249,2.367393,9.638326,5.566586,6.801397,12.333285,-0.030538
2.973728,3.025587,11.945040,76.608437,83.381500,90.455032,0.013999
3.096396,3.081656,11.362376,41.702915,59.535881,67.190804,0.037875
3.034491,2.763363,11.064548,19.613453,14.306752,17.287119,0.080970
3.158483,2.971978,11.856072,30.194767,24.722076,31.656054,0.089448
2.959830,2.929773,11.539567,63.661640,46.185944,88.689804,0.089550
3.067939,3.088611,11.741837,52.428448,62.727371,68.545647,0.020027
3.095559,3.156498,12.326579,92.947166,82.833923,122.010506,0.059489
3.111231,3.012492,11.623826,30.594561,42.106594,39.081631,-0.008138
3.138861,3.119458,11.977421,55.738613,47.856884,73.062187,0.081648
3.080690,3.064774,12.187092,63.202675,51.802727,72.815674,0.074431
3.047873,2.831988,10.970995,11.435918,19.680899,17.111500,0.034661
3.068672,3.107444,12.144094,81.519875,73.201401,97.695862,0.046929
3.156409,3.093807,11.424552,24.948977,33.315643,46.740509,0.039499
3.178807,2.983424,11.739589,18.724361,20.663794,24.880072,0.032629
2.993198,2.780310,10.958711,36.267509,62.341198,46.822338,0.065593
3.186443,3.123230,11.991502,43.714954,39.439041,56.180817,0.067609
3.122061,3.116787,11.932142,60.230034,52.919807,80.636963,0.074087
2.463440,2.248852,9.227171,5.465495,4.926446,12.865874,-0.030833
3.084725,3.114475,12.037505,61.658676,64.252998,76.019020,0.035982
2.982280,2.923191,10.699933,24.188705,43.087555,40.860207,0.015533
3.058741,2.963906,11.248097,26.761126,30.392963,49.350426,0.014401
2.982765,2.972975,10.850913,24.041016,37.034054,52.944595,0.021755
3.077126,2.813655,11.226917,12.510517,15.653007,10.854077,0.009152
3.234756,3.012265,12.699145,35.881195,47.430809,29.575871,0.017838
3.145966,3.150200,11.711522,45.364639,57.920753,69.874100,0.044303
3.080396,3.045836,11.994700,52.546314,50.376194,60.284058,0.038914
3.118334,2.975879,12.041035,44.061008,31.508963,45.826767,0.101049
3.144427,2.975618,11.875737,33.472248,28.473850,34.536228,0.089385
3.161553,3.154392,11.645352,40.594746,46.550011,65.467026,0.047966
2.989730,2.981137,11.993156,68.536980,57.162189,73.757057,0.057395
2.793438,2.746609,11.441960,72.972221,49.358227,62.645798,0.077154
3.204906,2.818565,12.338305,26.223408,44.762878,25.358288,0.073236
2.469089,2.052618,9.206568,7.025748,3.677490,11.650846,-0.027612
2.907721,2.908810,10.442920,17.953720,35.019157,37.528046,0.014125
2.858958,2.441312,10.286764,26.232338,11.016431,17.355747,0.033072
3.304835,3.043824,13.310630,42.691383,54.891808,34.052391,0.026333
3.015392,3.050289,11.583032,57.603065,75.143219,79.046799,0.015041
3.093801,2.771435,11.194375,10.650888,14.688607,9.133299,0.017431
2.530465,2.374304,9.944097,26.763332,22.839632,58.088379,-0.013696
2.842406,2.944004,10.647772,60.353657,101.767738,101.112587,0.080133
3.109961,3.079955,11.730876,46.892143,41.431557,69.052055,0.076741
3.169177,3.023383,11.940070,35.380291,27.261028,45.503952,0.079472
2.874953,2.823489,10.964189,38.132130,36.977600,69.756363,0.016409
2.898283,2.850695,11.228850,47.676132,38.449203,74.878952,0.050716
3.158963,3.051783,12.148594,48.620281,36.344963,56.641663,0.103494
3.125428,3.130032,11.787158,45.836105,55.514469,63.119648,0.025928
2.973608,2.962082,11.129443,50.029049,74.874985,69.360657,0.024082
3.087542,3.098550,11.962567,56.418316,60.008793,68.733795,0.031497
2.653580,2.617616,10.538371,46.648788,39.491127,84.552849,0.023333
2.848029,2.848617,11.577966,79.023666,70.980843,77.541962,0.035099
3.074505,2.787776,11.347686,21.872581,21.588367,15.037621,0.039928
3.157820,3.114067,11.835395,42.870308,39.125355,62.493408,0.071580
3.122278,3.102619,11.968694,51.505066,49.813011,63.446213,0.046625
3.120899,3.127751,11.866552,62.112526,57.234100,85.543823,0.061725
2.895975,2.576543,10.569037,25.665455,12.942575,17.090546,0.043363
2.871006,2.459577,10.279060,19.303684,10.917106,10.785213,-0.046358
3.138013,2.846848,11.793642,23.665632,25.867983,16.114946,0.042123
3.108998,2.964221,11.880776,41.151760,26.830608,48.115788,0.095579
3.052908,3.079707,12.074468,64.272690,64.963959,75.642296,0.033662
2.968100,2.886169,11.628909,50.644230,32.541626,65.651665,0.077946
3.149705,3.026156,11.565244,25.212423,27.972412,42.840233,0.033852
3.088953,3.108681,11.763003,51.929718,61.625763,69.242264,0.026095
3.115254,2.900072,11.556069,24.219223,19.024288,30.938440,0.056698
3.041173,2.957417,11.500450,36.667725,32.143078,57.162594,0.033995
2.775598,2.537571,10.584471,20.132744,15.794655,36.822056,0.025031
2.838492,2.898235,11.562971,95.124794,86.915771,98.304184,0.006271
3.062621,3.086552,11.481447,58.805271,71.727829,96.633598,0.046565
3.029954,2.948237,12.026888,51.262257,48.456570,52.057392,0.046428
3.132113,3.122288,11.531526,41.243610,54.809578,67.338776,0.042783
3.058754,3.081117,12.023966,60.840904,64.002922,72.241058,0.031797
2.993645,2.779665,11.544960,43.434048,23.134144,34.822681,0.155920
3.016883,3.026466,12.043653,68.804115,64.320244,77.322273,0.035570
3.136434,2.968232,11.905417,37.547802,26.710661,40.575417,0.100205
3.130249,3.150875,11.697219,52.446644,59.314552,81.185699,0.051129
3.063765,2.931984,12.079106,47.511341,56.799877,43.126701,0.026107
2.906700,2.909983,11.687012,82.750183,61.598568,84.240341,0.069722
2.901981,2.747598,10.574569,11.478768,18.698875,26.945154,-0.022643
3.130829,3.013935,11.706397,31.473682,28.880878,47.725052,0.044551
2.846083,2.752058,11.559781,62.847183,45.299046,52.856148,0.082808
3.043137,3.048024,11.168723,45.447556,63.540779,80.405121,0.046203
2.924492,2.943499,11.781243,76.744347,71.223785,80.762047,0.025281
3.021465,2.800246,10.958783,20.081669,35.939552,26.169846,0.034854
3.084018,2.845557,11.169765,12.515991,15.580348,19.026470,0.026944
2.732013,2.632828,11.503810,59.140018,33.902046,80.006592,0.085090
3.122237,2.945638,11.876328,37.555275,26.002687,38.508018,0.100847
2.962433,2.995529,10.795226,37.029346,60.178745,67.612015,0.014816
3.118786,3.014193,11.713218,34.476887,30.179207,50.995888,0.049528
3.002612,2.753898,11.870675,40.726757,38.514420,29.303185,0.073284
2.998732,3.012078,11.466149,76.901482,62.318130,112.656593,0.064749
3.014222,2.516222,10.788918,37.673367,17.080971,20.777189,0.035155
3.081786,3.078188,11.170020,36.213177,49.697105,71.937485,0.062431
3.052378,3.040751,11.836324,68.895363,52.559532,92.087440,0.090303
2.867506,2.818968,11.675611,73.524422,51.915977,68.926361,0.076241
3.003546,3.038788,11.129297,67.981606,68.787422,115.371216,0.040895
2.798100,2.862322,10.193840,23.236568,41.014244,58.209862,-0.007605
2.930536,2.827296,10.433959,29.279963,53.579517,47.525887,0.061896
3.139490,2.951021,11.781248,24.539268,30.687523,23.178768,0.031537
3.166160,3.166189,11.861986,44.557438,51.255737,62.184792,0.035090
3.195436,3.000451,11.783134,20.306911,21.274288,28.622639,0.039487
2.754580,2.634780,10.760758,33.476974,27.749754,59.338776,0.001412
3.111582,2.910141,11.658561,31.643177,21.722675,32.290939,0.084470
3.026077,3.015676,12.079250,69.341156,54.240562,76.251076,0.079736
3.011776,3.039322,11.528157,54.590828,72.527275,74.784096,0.013070
3.088589,2.972968,11.340371,24.840221,39.201691,33.169022,-0.011131
3.161571,2.931879,11.705891,22.565136,22.653702,20.948055,0.076373
3.134836,3.160218,11.975790,65.224808,63.005867,88.812927,0.056754
3.200469,3.147318,11.884024,34.319759,41.460083,48.692146,0.033551
2.765296,2.517629,10.399364,14.473028,12.046685,28.601261,0.008991
3.110406,2.998272,11.703149,34.686539,29.479237,50.491997,0.050715
3.016534,2.918284,11.603941,42.881096,30.669935,58.328323,0.061294
2.803197,2.697408,10.971200,38.320900,29.171713,61.733208,0.020530
3.088102,3.075500,11.991050,54.994312,54.106838,65.102173,0.037398
3.091940,3.124827,11.662559,65.417488,73.734848,101.936859,0.051601
3.097476,3.109501,11.989158,57.106838,57.854507,70.312538,0.036903
3.188575,3.127427,12.020134,45.891777,39.273590,59.422791,0.080471
2.970839,2.742394,10.711274,9.304577,16.379141,14.796217,0.043861
3.098777,3.103270,11.612989,52.285107,49.812412,80.871506,0.060501
3.136743,3.052178,12.147268,52.661419,37.637123,63.099743,0.104034
3.025107,2.953034,11.048415,28.706257,33.841873,55.285320,0.024694
3.019839,3.061241,11.769244,61.120594,73.998558,79.537895,0.016623
2.659586,2.706275,9.875766,16.053247,30.557981,42.725883,-0.031888
2.457160,1.958172,8.938635,5.535169,3.390145,7.434576,-0.028853
3.057979,2.906411,12.010219,40.672775,43.254417,34.979103,0.063427
3.110317,3.132888,11.574586,54.350178,58.206085,84.815384,0.048024
3.035861,2.796705,11.125868,14.158957,15.329383,11.170826,-0.001263
3.082962,3.093586,11.485436,55.336643,53.506943,88.807655,0.049708
3.077165,3.069557,11.135539,27.086002,41.777008,51.595791,0.024793
3.054733,2.948231,11.952140,44.357655,45.819519,44.456463,0.035770
2.757195,2.380870,9.815591,4.970014,6.924660,5.014765,-0.032736
2.810615,2.654264,11.183095,42.345974,22.329819,53.369438,0.078862
3.076134,3.092830,12.153812,75.130959,65.447449,88.903717,0.053636
2.598357,2.483138,9.833410,9.122422,12.596440,26.433857,-0.044248
3.118073,3.122263,11.957831,53.858604,54.434189,67.784149,0.038523
2.824362,2.782010,11.569498,75.255264,57.805305,69.241699,0.068041
3.073975,2.928656,11.042489,16.011419,27.946049,25.695072,-0.016944
3.014563,2.745404,10.951935,19.642014,14.361653,15.608229,0.066522
3.035927,3.032318,12.040311,75.741570,58.077805,84.398788,0.076707
3.106343,2.913096,11.324759,20.416054,33.198597,25.226845,0.011023
3.079689,3.065671,11.856833,64.114693,51.037720,86.273140,0.088502
3.087349,3.049541,11.390628,38.122204,54.107330,56.170551,0.015003
3.161395,3.080838,11.924047,40.764164,40.202038,49.888641,0.042987
3.064435,2.979191,11.923440,44.743305,47.208435,47.208485,0.030636
3.079568,3.144304,11.996720,83.759956,92.690735,123.781067,0.050272
2.537774,2.206676,9.247165,4.630765,4.382475,7.643672,-0.030037
3.142806,3.069415,11.823020,38.923283,33.988609,56.268505,0.062668
2.815983,2.687670,11.431486,50.251041,27.671394,64.430374,0.081117
3.071116,2.922308,11.934371,39.151497,40.924225,34.883408,0.063668
3.016996,2.839587,11.773788,39.298038,32.557381,31.998489,0.088559
3.160208,3.169940,11.756019,47.130466,52.199451,71.080528,0.047983
2.739416,2.695676,10.272174,23.939926,34.350395,70.033058,-0.017470
3.100410,3.102430,11.648705,57.167088,52.908501,84.435699,0.062041
3.116775,3.143809,11.858682,55.580364,63.676949,75.782906,0.041349
3.131002,3.085716,11.917386,51.246704,41.294109,67.867401,0.088396
2.817089,2.716287,10.992135,37.460545,30.377432,62.323273,0.005889
2.965669,2.889460,11.964918,57.777973,52.214203,56.828339,0.054077
3.082363,3.073864,11.475873,43.293175,59.586403,63.099251,0.019404
2.962223,2.948979,11.410424,67.279396,51.598991,97.833313,0.076057
3.101694,3.081751,12.207419,72.666237,53.220345,88.213890,0.101943
3.147783,3.028050,11.971441,40.952114,36.562553,45.914444,0.066518
3.103775,2.927447,11.862934,40.061901,25.754505,41.042648,0.103986
3.123563,2.911313,11.315654,13.246094,21.246168,17.390886,0.025910
3.225645,3.095829,11.977265,30.313509,31.661226,38.921169,0.054253
3.202019,3.178726,11.810135,36.507389,44.348396,57.093796,0.048322
2.988383,2.996961,11.006686,57.785130,86.895813,94.095352,0.037223
3.104632,3.088645,12.185924,76.138847,56.200760,90.324554,0.095731
3.166531,3.059716,12.089388,45.797691,36.261421,54.027618,0.092542
2.677874,2.674434,9.669835,9.459581,21.123940,22.326721,0.109249
2.649706,2.735404,9.836680,18.321415,34.867409,49.661621,-0.032464
2.888255,2.878986,11.694240,76.660286,61.783001,76.447838,0.056578
3.155951,3.012161,11.883679,33.419895,34.617783,36.516556,0.045293
2.945710,2.721736,10.656949,8.559258,14.493395,17.335556,0.010909
2.872516,2.611256,10.562860,11.276024,11.296103,21.381433,0.008354
2.929087,2.652142,10.937053,36.501629,16.263002,24.478390,0.104290
3.133246,3.086777,11.862280,42.222256,46.011139,52.423416,0.031531
3.058319,2.793518,11.513377,29.197601,27.018965,21.225300,0.058902
3.232126,2.908309,12.460144,29.757128,31.504423,18.246317,0.085647
3.182411,3.161129,11.689208,36.596233,41.924850,59.415237,0.049539
3.192935,2.862556,11.644011,14.666836,22.902008,14.246813,0.039509
3.082632,3.145948,12.224635,91.422501,85.253906,126.350311,0.052809
2.771070,2.184959,10.082540,6.926259,6.126348,3.982013,-0.114789
3.154466,3.012056,11.951372,39.030018,28.176010,48.064339,0.090924
3.038177,3.051389,11.300084,56.037895,69.907990,96.596329,0.050650
3.124661,3.127390,12.267160,73.507065,61.976112,89.481674,0.071527
2.782550,2.605000,10.690065,24.628513,20.952974,45.132210,0.005715
3.125691,3.108880,12.214187,64.982834,52.550472,78.753845,0.088147
3.103387,3.029811,12.298283,59.857998,41.640163,67.053024,0.110691
3.001161,2.777587,11.730481,38.037350,33.836838,27.697342,0.079391
2.944966,2.808101,10.776099,14.043191,27.582678,20.470243,0.080334
3.107499,3.019854,11.248986,21.071522,29.575184,41.259022,0.020716
3.162939,3.058517,11.887702,34.330463,38.357178,41.013718,0.026931
3.044174,2.770227,11.253500,29.020908,19.140263,21.463100,0.105177
3.013895,2.857916,11.939906,40.754993,39.033386,32.727127,0.079319
3.099856,3.102431,11.637161,50.672703,47.914474,78.171310,0.064528
3.056071,3.040063,11.551803,46.748180,62.868965,60.310333,0.005653
3.100691,3.158285,12.341395,83.767693,86.325531,106.305550,0.049272
2.915245,2.951008,10.519391,26.490944,44.512142,61.519310,0.016168
3.175354,3.026929,11.590364,18.708641,28.408539,26.018841,-0.010421
3.059736,3.023553,11.763932,48.646030,60.758278,53.625893,0.007447
2.621945,2.435922,9.966151,15.962477,15.513095,37.601311,-0.010717
3.206590,3.045463,11.965575,29.059189,25.762077,37.566582,0.070124
3.164424,3.161818,11.912160,47.454906,50.017506,63.963997,0.042534
3.003515,2.938037,11.988105,66.242531,41.536560,67.091171,0.101089
2.687347,2.489464,10.393992,22.190434,17.609941,42.627853,0.016315
3.174797,3.137822,11.602992,32.302094,43.496132,54.526649,0.046709
3.095320,2.787256,11.280644,13.119943,14.569205,8.070292,-0.001475
3.104245,3.027071,11.879452,42.028820,44.806152,47.714931,0.026764
3.117570,3.033815,11.871932,40.549309,43.099083,46.532867,0.027177
3.151998,3.000558,11.994774,40.225994,29.573189,45.299500,0.101663
3.012022,2.859578,12.024796,46.550114,48.913658,39.127632,0.067384
3.116388,3.171764,12.176208,82.296799,80.084930,112.333389,0.050831
2.912574,2.673700,10.873437,17.149824,15.744685,30.650440,0.022207
3.026670,2.957212,11.709516,52.470722,37.201870,70.132408,0.084777
2.801601,2.527885,10.362112,10.582113,8.786357,18.182421,-0.017430
3.093028,3.112082,12.129267,85.326103,68.269157,102.759750,0.072496
3.039192,3.095150,12.027244,75.965279,85.365082,97.209328,0.026601
2.615060,2.418537,10.223411,17.872398,9.648540,29.182688,0.010429
3.147060,3.002028,11.828309,30.659908,38.151070,32.768822,0.020016
3.185187,3.180404,11.874748,42.771061,48.569916,60.859447,0.039753
2.993793,2.735404,10.972766,25.655941,14.600896,21.688366,0.084235
3.044358,2.965645,11.602493,42.018078,33.242126,60.598461,0.053792
3.082777,2.929288,11.902482,39.003704,32.394421,36.889519,0.088211
2.828346,2.560950,10.493434,12.392256,11.102374,23.479527,-0.000277
3.074702,2.865773,11.502312,30.565529,19.490379,34.075630,0.075831
2.896383,2.753767,11.779282,56.774296,54.137562,44.532715,0.074601
2.944571,2.909010,11.541243,62.922710,44.463264,86.878029,0.092964
3.194966,3.142048,11.659406,29.688978,40.577995,49.297424,0.048246
3.186913,3.162169,11.741937,36.537960,45.695221,58.750004,0.049926
2.950155,2.891654,11.766573,71.638710,40.775871,70.604233,0.104406
3.187929,3.154019,11.968367,46.402126,43.527550,61.667290,0.068352
3.100383,3.105962,11.648152,58.912476,54.916714,86.600006,0.058743
3.045690,2.987836,12.067631,54.826221,49.261406,58.539124,0.052062
2.864442,2.526552,10.379895,20.111536,10.260777,15.940676,0.023546
3.087728,3.089830,11.711757,47.166794,58.760788,63.151352,0.016179
3.180963,3.050509,11.992349,39.411381,30.474020,50.195229,0.091445
3.133149,2.990117,11.502835,22.260773,33.908096,29.530796,-0.014461
3.115236,3.114611,11.876817,61.849468,55.047081,84.348053,0.068585
3.045907,2.925114,11.011396,18.623676,25.617157,37.662941,0.007545
3.120163,3.135925,11.606502,49.568714,53.149284,78.134888,0.049011
2.831569,2.676185,11.446568,56.364258,43.800072,39.839966,0.128176
3.150430,3.119545,11.503341,34.316311,46.485878,59.248978,0.048161
2.996284,2.901319,10.744936,18.647129,34.450779,31.812010,0.011587
3.123096,3.120687,11.684075,42.755360,55.038284,61.835636,0.026189
3.110252,3.029041,11.943997,49.359932,36.049820,62.630039,0.088293
3.154137,3.192933,12.026403,66.337303,69.937553,90.550064,0.052960
3.121445,3.108111,11.848138,47.917236,53.456600,60.496075,0.030514
2.979526,2.930320,11.981640,62.918278,52.443031,64.491470,0.063470
2.796296,2.249699,10.039806,16.408440,8.762710,8.335125,-0.081848
3.022806,2.989431,11.529839,48.179302,40.226856,73.273361,0.072262
3.109048,3.128695,11.657501,52.737366,64.028946,83.572815,0.048148
3.060059,2.834507,11.491236,33.074486,20.038755,29.849899,0.097640
3.229316,3.161334,11.843497,29.935234,33.932274,48.326439,0.047708
2.993786,2.989854,11.195105,49.847748,72.345566,73.562469,0.014908
3.029845,3.001871,12.102153,73.631523,46.347198,79.401321,0.113637
2.899981,2.710828,10.580042,8.892594,16.081133,19.229612,0.015958
2.937786,2.949640,11.794712,76.619438,67.613495,80.732018,0.034057
2.969583,2.821546,11.507147,41.289062,22.261793,46.774796,0.095368
2.818203,2.684660,11.263152,45.456333,25.172928,58.486137,0.072219
3.158666,3.175448,11.951794,56.791607,57.196449,77.715988,0.056420
2.767629,2.752079,10.240207,33.507450,42.383911,77.438042,0.022473
3.088242,3.081536,11.301715,40.149078,44.544083,72.486130,0.056414
2.704295,2.485147,10.505165,29.631403,11.257245,32.036251,0.000468
2.907067,2.826139,11.128211,35.303116,32.475330,61.485165,0.008603
3.085260,2.862802,11.080153,11.341268,16.968769,19.931892,0.004260
3.155639,3.007928,11.933604,37.153557,27.232750,45.536461,0.087324
3.154473,3.139631,11.733069,40.192188,41.449135,64.756981,0.057003
3.080259,3.093007,11.621255,64.656960,59.063278,94.784805,0.056969
3.086636,2.779009,11.372066,22.191664,17.718208,11.670034,0.031847
3.050235,3.044918,11.178435,43.689888,63.561195,73.307281,0.038489
3.114840,3.060608,11.664503,37.830551,49.870125,49.720665,0.010555
3.153596,3.122058,11.461013,28.900764,40.631107,51.919140,0.043702
3.126004,3.098626,11.747231,40.183575,50.810753,54.455212,0.018710
3.032384,2.903862,12.036906,48.956112,38.017456,45.624756,0.081416
2.983356,2.736946,11.055004,30.407795,16.377598,22.808664,0.106051
3.117278,3.088276,11.430988,35.833710,40.002861,63.652248,0.053999
2.917017,2.256488,10.548346,32.365887,11.830943,19.025700,0.032951
3.081211,3.073561,12.128263,76.986794,58.553188,88.542603,0.081598
2.741100,2.218874,9.811853,6.204041,6.041533,4.190289,-0.114964
2.733680,2.540364,10.781736,32.164238,18.943743,47.512299,0.045374
2.861832,2.905777,11.625890,81.906860,83.317566,81.571358,0.021335
3.223714,3.081234,12.006266,32.187687,30.538086,40.316280,0.071663
2.677090,2.541248,9.756788,6.076911,12.903562,14.342182,0.081360
3.029789,2.909153,12.036062,51.828789,36.182091,49.386818,0.091371
3.107433,2.948372,11.550330,28.046616,41.813057,32.575272,0.007714
3.098907,3.092518,11.799412,49.404224,56.275589,61.901215,0.025289
3.007106,3.037662,10.998617,48.484528,66.543594,96.118599,0.068106
3.187331,3.134634,11.659629,30.238163,41.309944,48.964592,0.042983
3.038255,3.015305,11.828089,64.813240,48.201916,85.868042,0.096889
3.167706,3.033583,12.088091,43.714863,33.077187,50.516418,0.102894
3.012263,3.015199,12.039479,64.953651,64.243034,71.952591,0.032562
3.150974,2.786434,11.738460,31.258190,23.421759,14.850419,0.050572
2.417483,1.707585,9.023104,6.090192,3.857439,4.438171,-0.141718
3.092275,2.935510,11.919977,39.210682,30.699112,37.616875,0.093489
3.209532,3.137429,11.877311,31.728519,38.998207,45.140778,0.032045
2.875516,2.893459,10.488551,30.411028,45.534126,72.180344,0.033213
3.024338,3.031726,11.859409,58.254913,64.486259,66.635139,0.016657
2.611233,2.419456,9.859242,8.799314,8.755525,21.425781,-0.022283
3.112025,3.162575,11.886921,74.830482,78.154846,106.231148,0.048706
2.953161,2.866307,10.966218,29.809090,32.439964,57.022739,0.006552
3.011939,3.005219,12.051817,65.829651,59.041786,72.437668,0.044274
3.071960,2.869636,11.194150,21.652225,36.255581,27.095480,0.013413
2.740771,2.502321,10.291381,13.028935,12.869987,28.728691,-0.010816
3.099480,3.089119,12.125682,60.492405,52.009270,71.957619,0.066239
3.137541,3.089824,11.870582,42.410656,45.403419,52.779373,0.033233
3.096275,3.029055,12.219719,58.172844,43.838856,64.700241,0.094409
2.923914,2.734600,10.871026,19.481434,20.012383,36.938198,0.011117
2.676393,2.699662,10.000592,16.200840,29.086147,44.784477,-0.038410
2.992365,3.018116,11.927123,62.989986,71.205963,69.896194,0.014219
2.671612,2.533317,10.745894,37.739201,24.398605,59.341614,0.037444
3.158471,2.997778,11.907561,32.878197,29.331240,35.140762,0.077743
3.066140,3.065808,11.822436,74.371948,61.178467,101.595123,0.071415
3.065237,3.001626,12.129479,56.375175,47.058388,60.989044,0.068261
3.179489,3.151525,11.662284,34.591938,46.291775,55.935066,0.043337
3.048784,2.959219,11.980360,53.185204,64.907341,51.685871,-0.000909
3.124268,2.948266,11.784816,30.459072,37.212021,28.710211,0.030981
3.064161,2.967371,11.303826,27.292370,30.099911,49.214180,0.015427
2.761548,2.633380,10.731708,31.503597,27.281475,57.461678,-0.006535
3.128504,3.128952,12.084824,66.367477,57.909397,85.455170,0.070740
3.088108,3.121326,12.021111,63.006020,67.319107,79.046440,0.037913
2.917802,2.675343,10.933663,33.625904,14.361136,27.488445,0.087327
3.096148,3.117936,12.082536,64.142731,62.161514,78.876450,0.043205
3.186372,3.109098,11.985729,41.609512,38.061192,52.749191,0.062432
2.997030,2.892159,12.018601,51.055645,49.785446,47.553616,0.059961
3.066035,3.010974,12.104264,55.995548,48.036427,61.299355,0.062216
2.807190,2.624452,10.808519,24.967207,20.426533,43.969250,0.013728
3.147897,3.111261,12.082484,54.080318,43.391159,67.993172,0.089663
3.015805,2.970275,12.076149,61.823681,51.302727,65.570679,0.067576
3.110705,3.084130,11.355924,37.563969,48.180099,68.914467,0.060925
3.240552,3.176929,11.834718,30.476789,38.474106,48.255043,0.052520
2.720035,2.732174,9.999034,14.863650,28.902981,37.523865,-0.028434
2.847538,2.476114,10.525547,32.170753,11.915323,23.678205,0.080326
2.982505,3.026859,11.886959,87.085930,76.261497,97.957504,0.032055
3.099748,3.106825,11.520053,45.019459,46.480186,76.133698,0.053427
3.108310,3.148856,11.805532,70.474586,71.765060,101.205315,0.049280
2.939312,2.653297,11.055734,36.529617,22.680527,21.996458,0.098111
3.141783,3.006363,11.953035,42.037590,29.776657,51.762138,0.094933
3.181058,3.145232,11.842624,39.002274,38.758781,59.326797,0.061342
3.138664,3.138137,11.891095,55.233585,51.715794,75.632156,0.066832
3.103869,2.974609,11.639000,31.887983,45.005226,36.378277,0.002378
3.179028,2.953687,12.035258,24.040720,32.474747,21.130112,0.004704
3.038058,3.047682,11.123871,45.606525,49.338722,83.524857,0.051236
2.968180,2.978181,11.080505,64.400047,93.421753,97.798019,0.022515
3.100027,2.956123,11.606540,36.160282,52.275742,40.640709,0.019024
2.926216,2.811630,11.234285,34.062054,27.872442,54.078560,0.018198
2.807641,2.722263,10.346767,22.471796,28.077774,50.789520,-0.010592
3.109299,3.124780,11.960029,69.665810,62.562927,93.751541,0.063177
3.133427,3.095995,12.070547,53.545727,46.074627,64.730103,0.070166
3.119510,3.151110,11.960591,60.959347,67.040718,80.909241,0.045197
3.052821,2.803141,11.662882,31.784904,30.151049,23.418005,0.061687
3.005719,2.838108,10.802668,12.049673,21.526585,24.718704,-0.003851
2.681909,2.524925,9.928199,6.436487,12.546426,16.924023,0.040825
2.999358,2.869445,11.987826,48.053947,45.956043,42.400452,0.074413
3.113796,3.089466,11.344523,37.581974,54.295403,61.841663,0.033928
3.131203,2.918252,11.941796,31.664188,40.155357,27.934465,0.028864
3.121213,3.092453,11.369513,36.246609,45.321159,66.371758,0.059004
2.536110,2.064304,9.131368,4.839631,4.119732,5.103407,-0.052195
3.151884,3.155025,11.958407,55.263630,52.919937,74.466309,0.063114
3.155170,3.147721,11.682648,42.239887,51.326420,68.323502,0.053366
3.011839,2.743888,11.070703,15.246336,12.502624,21.038097,0.035703
3.020735,3.014708,11.924787,58.177525,66.001663,61.935158,0.015047
2.769559,2.603819,10.762902,28.301575,21.486210,48.296356,0.021439
3.126267,3.084074,11.315047,29.249001,38.078716,56.164829,0.054078
3.034541,2.744293,10.869544,9.298831,12.960118,10.813498,0.028282
2.969819,2.913797,11.071074,34.492725,36.361023,63.885269,0.023307
3.050154,2.809736,10.981079,10.508308,14.464612,16.980364,0.019125
2.832148,2.779905,10.970509,41.629478,37.115612,72.825577,0.021092
3.135458,3.014113,12.152068,48.384434,35.495338,53.545769,0.103794
3.180287,3.094556,12.006053,43.226009,37.571754,53.574829,0.070752
3.164914,3.186298,11.892920,54.076221,57.571049,75.524727,0.053488
2.982160,3.021270,10.940995,55.390896,76.064743,107.115387,0.063553
2.949910,2.851748,11.709984,65.169746,35.786518,61.405876,0.116579
3.187461,3.151552,11.906384,41.621819,39.903572,59.446510,0.064144
3.103767,2.922888,11.893977,39.127651,27.474144,37.008411,0.106680
3.131099,3.086370,11.665910,35.543598,36.425697,59.158211,0.046805
3.101480,3.075605,11.381656,37.956188,54.142052,59.305027,0.024645
3.149664,3.148950,12.028337,56.015163,52.694252,72.773468,0.063186
3.058453,3.029914,12.186592,71.664459,46.405991,79.144424,0.119376
3.139858,3.014784,12.137002,47.639370,34.215469,53.366947,0.106817
2.918738,2.811316,11.076960,30.587667,29.121126,54.482391,0.001825
3.138582,3.168784,11.771525,58.766399,64.373344,85.415741,0.050495
3.129780,3.147511,11.648615,50.017124,54.361565,77.351715,0.049378
3.039751,3.080680,12.033735,85.498123,74.009666,99.964783,0.044908
3.013104,2.736060,11.018447,25.141802,16.995150,17.912273,0.084797
3.084418,3.085974,11.983193,56.561546,57.990250,67.771500,0.034061
3.022764,2.915823,10.832301,16.031265,29.388027,28.212627,-0.008819
3.071856,3.077919,11.627607,66.531525,58.608040,96.519302,0.061447
2.966120,3.006133,11.902575,67.662621,75.927795,75.651070,0.011197
3.013573,3.030447,11.320347,68.235367,59.118889,105.749550,0.056516
3.049010,2.815405,11.327862,29.083113,17.450283,28.452751,0.076525
2.959474,2.894149,11.021042,33.168591,35.229164,62.127327,0.017451
3.086129,3.026394,11.087897,18.860327,32.379696,35.726933,-0.023600
3.026295,3.050897,11.033871,42.146389,58.450920,85.748177,0.069995
2.958633,3.011331,11.070868,78.909859,79.333275,135.240524,0.042024
3.071035,2.944244,11.978189,43.926594,40.964668,43.454918,0.056268
3.064889,2.935083,11.793426,43.271076,27.810932,52.681694,0.085583
3.151834,3.067338,11.896440,38.694366,40.487041,46.697174,0.031047
2.974310,2.858222,10.778085,14.339064,24.218758,32.473736,-0.018145
3.027693,3.019876,10.980054,43.774471,51.285622,84.381493,0.058985
2.993821,2.987908,11.972009,73.023254,56.453999,78.532166,0.075725
3.039639,3.075747,12.047260,91.996544,73.363556,123.181419,0.071184
2.877628,2.951710,10.421024,31.524212,56.388840,75.691147,0.020372
3.121565,3.016410,11.813393,39.124504,30.711952,53.292107,0.067475
3.162497,2.933593,11.856840,21.844456,28.623514,19.165077,0.020194
2.929576,2.890135,11.836710,69.878639,53.979443,69.479080,0.074262
2.679810,2.505585,10.626317,31.177307,20.879030,51.691429,0.033076
3.087556,3.070371,12.181348,73.906609,52.348137,88.799774,0.105893
2.960254,2.756926,11.966718,48.143780,47.135670,36.156689,0.066117
3.141931,3.063023,12.119420,50.268620,39.946201,58.792435,0.083804
3.006232,2.982846,11.352818,43.079216,41.046406,73.250908,0.045854
2.534943,2.475149,9.647963,14.522098,19.977402,43.073589,-0.031831
3.052319,3.093413,11.484368,73.104149,72.995285,112.403076,0.046620
2.937639,2.786013,11.373917,40.346767,22.646355,48.389931,0.083128
3.106042,3.124698,11.826818,66.109375,61.364113,92.498894,0.058348
3.045348,2.924780,12.073038,49.665596,36.789589,47.635666,0.087659
3.057992,3.086844,12.104642,78.429161,69.004333,92.338631,0.047581
3.133150,3.137401,11.822208,48.756702,54.894985,64.479408,0.034176
3.201674,3.194170,11.899863,41.788219,46.721581,61.265373,0.046035
3.142717,3.169529,11.951787,62.707745,62.299770,86.375168,0.054297
2.768552,2.856441,10.094613,21.492470,40.472084,51.480953,-0.022980
3.062402,2.785328,11.178495,15.211805,14.288016,8.394610,-0.018022
2.897529,2.969350,11.796723,81.478249,92.835854,93.448822,0.000529
3.099543,2.979265,11.917418,40.499393,40.372437,42.314064,0.044701
3.068071,2.948706,11.507012,29.675072,27.720638,47.681629,0.025994
3.117157,3.153880,12.243690,81.462318,74.145973,105.659607,0.061603
3.121101,3.087341,11.897141,53.341740,43.377361,71.246719,0.090441
3.141060,3.148287,12.123796,64.173828,58.615170,81.754669,0.064953
2.382867,2.160068,9.036017,5.882097,4.194860,14.093917,-0.051785
3.143604,3.207822,12.484403,87.306816,87.846924,113.614441,0.057909
3.058163,2.834582,11.375495,20.961658,17.562878,30.474209,0.039581
3.085023,3.032097,11.802417,44.304482,50.770767,50.753651,0.017724
3.167235,3.127782,12.043276,50.306911,43.404930,63.658703,0.076987
3.171760,2.909351,11.816903,18.859100,24.022049,15.245045,0.022479
2.976149,2.839194,11.892550,50.280445,38.767414,44.329498,0.086819
3.158900,2.852797,11.731878,21.071384,33.996414,21.610327,0.029930
3.126790,2.928032,11.835431,30.417519,46.144699,31.477703,0.003755
3.022725,2.799670,11.325319,30.784513,17.631630,32.837105,0.072731
2.801826,2.818957,10.207666,16.384329,31.631104,38.810303,-0.022005
2.869825,2.733575,11.248185,41.013561,24.926430,54.819809,0.058408
3.124693,2.878704,11.331617,13.516239,16.787807,18.328876,0.040502
3.150475,3.147216,11.613269,41.755680,47.260292,67.844246,0.047814
3.208905,3.075210,11.992531,34.230850,32.017754,42.091591,0.069831
3.136880,3.152002,11.843321,50.848652,58.424828,69.753387,0.038210
3.140528,3.187485,12.180120,76.081871,75.152191,101.705414,0.051367
2.932617,2.887965,11.566505,59.760765,40.265038,81.159515,0.104276
3.020049,3.007123,12.077045,66.114380,55.515217,72.607109,0.060292
2.823321,2.821823,10.395120,33.334545,45.739784,79.966141,0.038034
3.051990,2.771155,11.333979,23.651377,19.283459,13.336096,0.062742
3.117598,3.126479,11.961694,54.503857,55.217545,68.851006,0.038388
3.029205,3.024366,11.846130,55.995983,64.603424,62.724895,0.010632
3.003334,2.763805,12.584588,63.703453,62.193222,44.003471,0.111487
3.127437,3.161765,11.907222,61.490223,71.071075,86.299393,0.047180
3.126782,2.897192,11.983346,31.315153,38.024105,25.861435,0.029669
3.177826,3.169058,11.794625,41.650513,45.245041,64.286224,0.048742
3.095863,3.106364,11.479220,47.419056,49.694893,79.481155,0.049741
3.017306,3.005924,10.877676,24.874092,43.171822,44.591938,-0.003899
2.982769,2.935132,11.866409,67.381386,44.125420,84.866051,0.105712
2.873713,2.889675,11.653777,79.138870,74.183640,80.201782,0.023894
3.073602,3.037271,12.094337,57.022774,49.695038,64.303947,0.059663
3.069640,2.862761,11.506638,29.015923,19.484356,35.544189,0.070474
3.035239,2.745640,11.022771,10.077043,17.515247,10.687950,0.025359
2.950363,2.835636,11.826410,55.636333,40.835712,49.658810,0.079099
3.166246,2.991990,11.506285,16.484619,25.942535,22.044218,0.000971
2.642521,2.403848,10.014097,11.626029,7.757442,21.743546,-0.003717
3.126285,3.103617,11.379582,33.871593,48.392990,57.693970,0.034427
3.104720,2.815421,11.658062,24.418190,21.384888,13.263088,0.057494
2.995878,2.699890,10.750187,8.847821,11.891587,10.041877,0.021207
3.058632,3.053030,11.272053,47.992077,59.352570,86.585800,0.062335
3.084054,2.969290,11.431541,27.291752,28.417896,46.726753,0.021892
3.092242,3.106399,11.552104,56.725090,55.227821,88.459305,0.049040
3.004002,2.983312,11.587606,61.998211,47.623898,87.343140,0.086325
3.212836,2.919230,11.918790,19.335241,25.698885,15.091814,0.040138
3.121028,3.022329,11.276968,18.466484,28.482002,35.948151,0.009136
3.036596,3.117210,11.918005,94.407890,100.189575,143.248901,0.051471
3.125310,2.889687,11.483691,18.786446,17.068771,24.845066,0.037481
3.118002,3.108496,11.699251,47.566193,44.630386,72.544662,0.068224
2.920661,2.548292,10.735897,33.235703,13.757030,21.666294,0.068758
3.002020,2.740565,10.997618,24.504145,14.272981,21.879213,0.077914
3.188918,3.178894,11.834971,41.059605,45.184219,62.416348,0.047818
2.428038,2.238763,9.578439,12.098339,6.433171,25.065369,-0.018486
3.089207,2.997809,11.589339,33.106892,30.799648,52.254539,0.034021
3.052376,3.089480,12.020967,65.307625,70.250153,79.040939,0.030525
2.782293,2.611654,10.224334,9.162300,13.987452,23.102129,-0.017636
2.941974,2.950665,11.808599,66.504814,75.393974,67.541260,0.015308
3.129587,3.145072,12.108253,69.862083,63.023972,90.676743,0.065270
3.058648,2.761935,11.489370,28.326704,24.155203,17.268698,0.082349
3.091342,3.148468,11.897804,80.126045,81.759720,115.178490,0.048575
3.136483,2.967909,11.806144,31.739185,23.428413,38.500175,0.074876
2.965851,2.870155,11.960734,54.961040,50.479111,52.292614,0.052583
2.948192,2.909698,11.708936,85.914558,59.847496,119.103333,0.106380
2.859225,2.794365,11.666387,68.641640,51.112667,62.317009,0.063304
3.114074,3.147279,11.864528,59.631027,69.888695,83.343918,0.042803
3.183125,3.152315,11.866092,38.554340,45.068542,53.599819,0.033017
3.156608,2.927366,11.615923,17.793610,18.850128,20.106106,0.057153
2.919962,2.849354,11.147194,36.246494,33.915302,63.448914,0.013766
3.154039,3.104201,11.979584,49.661686,40.478226,64.807655,0.086796
2.761966,2.765947,11.288757,96.077148,64.218262,89.824493,0.076779
2.970176,2.714244,10.877981,13.176988,13.445879,22.958576,0.022636
3.072184,3.042942,11.939452,51.689533,54.886795,59.227097,0.028801
3.084153,2.974020,11.950370,47.999409,60.731621,47.130005,0.011370
2.813858,2.784727,11.516474,74.289551,70.005356,64.451256,0.070611
3.010641,3.005991,11.926216,59.754581,66.186897,62.879341,0.018361
2.876637,2.956293,11.674579,83.417686,91.391556,91.395157,-0.001044
3.085526,3.077067,11.726722,47.780167,56.671303,60.469929,0.017497
2.796125,2.915734,10.297035,41.638515,73.804688,86.782166,0.012919
3.020470,2.765745,11.284765,33.337475,19.407078,24.139841,0.128727
3.036189,3.089039,11.496467,78.787285,79.786903,122.130920,0.046061
3.076792,3.023703,11.642107,44.564304,59.708839,52.118271,0.002932
3.061195,3.083751,12.039135,85.191200,69.231300,112.318802,0.071325
3.064660,3.062388,11.969872,56.716908,60.621735,66.059875,0.028287
3.084683,3.135928,12.204543,93.760498,78.748840,115.354576,0.064482
3.070999,3.113803,12.000992,67.937149,74.675491,86.451202,0.033637
3.012481,3.041227,11.789277,58.176777,68.305252,71.129395,0.011048
3.033313,3.090687,12.180551,85.547142,88.669327,103.856659,0.036781
3.101498,2.869185,11.457183,23.141520,17.592211,27.835815,0.052299
3.057802,3.077036,11.457237,64.091690,59.573856,99.282791,0.050768
3.170044,2.956521,11.680662,17.300903,20.810612,19.361496,0.053388
2.876924,2.753595,11.289750,42.410885,26.130512,56.868683,0.059013
3.078894,2.957022,11.605305,46.585003,67.616074,53.968330,0.039611
3.224303,3.145003,11.897717,30.821211,37.123184,44.002396,0.033575
3.103778,2.946873,11.906566,37.717384,31.162045,36.837944,0.088948
3.140071,3.163032,11.859879,51.225410,61.760910,74.409531,0.044131
2.942447,2.911755,11.878718,64.542213,63.729370,65.630814,0.035978
3.175716,3.191360,11.855447,49.962074,55.617691,71.458984,0.049900
3.072658,2.814645,11.454923,30.291157,22.550791,23.520496,0.091680
3.189833,2.992309,11.749364,20.385841,21.185547,29.487076,0.039084
3.112848,3.109047,11.730299,54.522060,49.939308,78.542282,0.069279
3.040172,3.125999,12.328258,97.403496,104.079605,123.831573,0.037726
3.114473,3.108765,11.659884,42.607697,55.186287,60.916885,0.023518
3.078443,2.842769,11.626209,33.612534,24.911629,27.361570,0.107774
3.076675,3.089282,11.453717,49.652702,64.295746,81.973907,0.045706
3.432813,3.089323,13.854768,34.661037,48.083694,25.940681,0.030465
2.880552,2.928974,10.357024,30.736078,56.330902,60.684372,0.035169
3.166272,3.172455,11.890405,50.584450,51.942455,71.472687,0.053492
2.900636,2.439806,10.509512,30.256325,11.929881,19.190172,0.035803
2.894107,2.608520,10.605021,21.953354,11.306704,19.153578,0.046809
3.049418,3.049239,12.072158,62.010807,59.703773,70.611908,0.037384
3.135815,3.145512,11.855858,57.273479,55.289555,79.818527,0.059329
2.746965,2.742787,10.223025,25.599895,38.573940,65.873856,0.007247
3.052509,2.764284,11.206826,23.772694,20.454487,16.585789,0.061474
3.226239,3.175572,11.947783,35.554184,37.373501,52.936806,0.055136
3.193577,3.164579,11.939805,42.358723,44.050888,58.045570,0.052523
3.065720,2.772898,12.219493,44.173138,45.178696,30.312881,0.081078
3.116548,3.086663,11.274678,25.534050,38.353767,47.707207,0.032104
3.087680,3.114112,11.836156,55.241238,63.240982,72.259155,0.030741
2.970505,2.980895,10.720555,22.841629,38.749355,50.377430,0.007549
3.020311,2.845172,11.858974,47.614590,30.724258,41.289200,0.112799
2.947068,2.946127,11.870337,69.919144,66.928589,73.641296,0.030736
3.054930,2.776392,11.333671,27.061283,22.293236,20.085329,0.066665
3.195384,3.102251,11.599975,20.315327,29.777201,35.093983,0.020572
3.075494,3.062926,12.128956,76.055199,53.959023,93.186798,0.102363
3.057505,3.100246,11.802863,63.445053,77.290649,87.200470,0.028867
3.007147,2.842000,12.036807,45.008545,46.669949,36.689743,0.070406
2.753812,2.706236,10.234630,28.201557,34.279148,63.943695,0.003246
3.023033,2.991384,10.962335,35.813988,43.721466,71.280220,0.054641
3.072846,2.827675,11.399866,27.286552,45.299824,31.017879,0.023403
3.147961,3.006539,11.964398,38.406334,32.840366,41.739513,0.080074
3.067199,2.777432,11.253591,13.969428,25.139774,15.467915,0.054377
2.844100,2.702466,10.480586,18.069317,21.766949,39.635643,-0.015490
2.975437,3.027169,11.858872,67.948341,79.710732,82.792068,0.005694
2.846213,2.823092,10.351115,15.638985,29.401505,36.526962,-0.028498
2.933700,2.779060,11.749482,47.301403,39.275681,38.381920,0.087928
2.956988,2.752001,11.275358,51.221867,25.929028,36.480083,0.187101
2.920287,2.795434,10.638154,18.925055,24.042839,40.385567,-0.006463
3.177032,3.118336,11.882211,39.655273,36.562897,57.698288,0.067417
3.105196,3.131001,11.972889,72.811043,66.558472,98.735893,0.059896
3.184530,2.992586,11.799895,20.944923,20.966106,27.527176,0.043125
3.123878,3.002599,11.924468,39.992443,38.351273,43.207275,0.050270
3.075126,2.947935,11.938773,41.474823,43.301216,41.024734,0.046706
2.873654,2.696671,11.109616,34.591228,21.149166,46.879845,0.052940
3.050530,2.992604,11.499184,38.155544,35.522240,61.942856,0.040404
2.940923,2.967287,10.549258,27.560629,49.972198,53.420910,0.018690
3.150749,3.050200,11.821776,31.485439,40.433853,39.099998,-0.000088
3.040111,3.014905,11.550897,48.849148,41.905556,74.789032,0.074083
3.237199,3.156467,11.790656,27.280346,36.081329,44.297832,0.049827
2.703655,2.688425,9.982709,13.604635,25.777063,36.049171,-0.029036
2.532858,2.391671,9.923424,28.196999,24.767204,61.819122,-0.019441
3.042551,3.022461,11.809216,52.814362,64.571899,57.781826,0.008269
3.054938,3.003681,11.618062,45.624580,37.712357,67.681183,0.068123
3.121163,2.943146,11.820638,31.383896,33.475567,30.058199,0.059596
3.072622,3.154279,12.135420,93.822197,99.312294,136.505051,0.050674
2.873874,2.932648,11.619637,96.658134,84.054939,101.904129,0.015845
3.209603,3.186286,11.901690,38.083344,41.372162,57.299622,0.050765
3.051665,2.908202,11.988566,52.246029,28.995918,54.903404,0.127054
3.020773,2.874400,11.902245,52.572117,28.103317,51.380402,0.120430
2.672944,2.519000,10.059279,10.449221,13.441319,27.536789,-0.040110
3.067889,3.102631,11.826913,58.887154,69.176910,78.116127,0.028990
3.135189,2.952603,11.710017,25.790298,38.205330,27.527214,0.003479
2.939724,2.846364,11.480830,47.255157,30.596521,62.596924,0.069597
3.094954,3.146504,11.792468,75.665489,78.836548,109.882324,0.048018
3.099395,3.063006,12.140372,61.987507,45.020355,75.803131,0.106099
2.867216,2.818875,11.213120,51.039356,38.845043,77.723038,0.058175
2.862898,2.718997,11.045924,31.124897,24.808239,50.699215,0.013001
3.093771,2.960644,12.000844,43.030369,34.623764,43.180145,0.081023
2.637720,2.703160,9.893879,17.310385,31.744324,50.873390,-0.035130
3.137332,2.893602,11.581412,23.378963,20.508907,21.054607,0.085235
3.201975,3.022525,11.697521,18.931416,23.115555,28.937336,0.030927
3.047402,3.077579,11.830529,57.303509,65.601845,71.573090,0.020087
3.088745,3.017934,11.470532,31.723131,33.377838,54.774624,0.028637
2.905252,2.883947,10.590192,39.997234,46.454941,81.893578,0.044035
3.177322,3.012556,11.951386,33.792843,28.070091,37.598412,0.092133
3.175519,3.055743,11.770879,28.188591,28.653170,44.520203,0.043401
3.017993,3.068305,12.113710,82.183540,84.970947,97.928711,0.031637
3.088286,3.070852,11.946579,65.104362,51.171646,85.392342,0.091691
3.149751,3.122726,11.637118,35.830273,38.792202,60.867435,0.055006
2.802030,2.846983,10.284665,18.794823,34.198635,46.174408,-0.027794
3.189862,3.065670,11.950881,34.701595,33.825607,41.583542,0.057205
2.927674,2.637561,10.647420,21.450573,11.803095,17.393265,0.055423
3.077864,2.937293,11.930482,40.882744,37.890289,39.687359,0.066553
2.889849,2.540854,10.381236,14.362407,10.167565,9.460315,-0.036985
3.055964,2.948344,12.155266,53.321732,40.228989,53.594234,0.085902
2.997475,3.013984,11.815735,91.843903,68.980103,101.336502,0.061428
3.189611,3.017062,11.939450,29.411663,25.558620,34.378265,0.079867
3.137972,3.188824,12.203946,78.253838,77.590576,104.676643,0.051138
3.049312,2.879516,11.676251,39.393116,22.416613,41.085815,0.090142
3.066991,3.042464,12.198797,65.446175,50.427719,73.436493,0.090427
2.982875,2.863214,11.977986,52.217884,43.270134,48.192917,0.068427
2.970206,2.920479,10.807323,32.708012,39.001366,65.552536,0.034758
3.149179,2.941181,11.662412,16.692654,22.145218,16.376236,0.026706
2.938633,2.952233,11.817928,75.111214,69.137711,79.460136,0.028683
2.951401,2.707719,11.034140,33.499062,16.866861,23.380285,0.108196
2.942060,2.721475,11.613690,43.284985,35.888542,30.715290,0.100880
3.154205,3.052162,12.147643,49.637600,36.177589,58.719009,0.105209
3.179509,3.148620,11.672744,35.043015,44.363014,58.311451,0.052414
3.120583,3.143516,11.659116,55.763546,58.637199,84.214661,0.049657
3.080503,3.062682,11.212752,39.109650,50.995338,74.609268,0.063676
3.180001,3.106575,11.551214,27.426510,33.168900,48.175041,0.041011
3.031661,3.033825,12.013058,76.978233,60.758018,86.094666,0.063335
2.923648,2.644751,10.579745,8.136465,15.579500,10.154596,0.027441
3.187396,3.159746,11.948332,44.748981,44.455231,60.378315,0.059450
3.106328,2.891346,11.467088,19.131464,18.322453,29.149696,0.034139
2.978246,3.028548,11.835371,66.185280,78.508690,80.577629,0.005652
3.164217,3.017421,11.908456,33.484074,32.157707,36.758854,0.062734
3.132042,3.187521,12.417855,83.189415,81.809525,106.246445,0.051702
2.766959,2.720413,10.318570,36.749142,40.241692,76.540489,0.010431
3.141667,3.157170,11.777723,49.791229,58.273678,77.518318,0.053316
2.880509,2.739272,11.623435,51.249310,42.253613,39.269772,0.093598
3.168379,3.151256,11.666507,37.838375,49.397667,60.485771,0.043913
2.829640,2.868047,11.502236,89.313484,80.899216,89.893227,0.016088
2.754850,2.671800,11.399216,71.359161,54.332737,56.761887,0.092181
3.115177,3.096982,12.071246,64.610458,52.016483,82.064743,0.088724
3.173864,3.072216,11.965158,40.329121,36.519905,48.504078,0.063618
2.981819,2.976321,11.272994,49.126682,45.710938,83.545174,0.050309
2.874122,2.836724,11.693334,73.435387,55.922695,70.296829,0.070828
2.712099,2.451100,9.866175,5.252834,10.221222,8.027081,0.019691
3.181100,3.181973,11.893191,46.525021,49.417984,67.152779,0.048995
3.047570,3.027367,11.091458,39.476051,60.041603,65.035797,0.021042
2.994937,2.832388,10.849912,15.187984,20.622330,31.395592,-0.004983
2.911496,2.810515,10.601807,18.082859,25.490845,40.760300,-0.008113
3.154606,3.081993,11.405761,20.356569,31.692253,36.803661,0.007394
3.154155,3.174567,11.860265,55.525654,57.580952,78.313705,0.053189
3.009056,3.011357,12.023522,68.717865,60.977791,75.927032,0.041054
3.021703,2.946262,11.403161,35.255764,33.064682,58.530022,0.024112
2.961118,2.676388,10.797441,22.756453,15.214587,14.953154,0.064776
3.047728,3.003790,11.072433,34.220650,40.777763,65.923737,0.051538
3.004637,3.019064,11.982233,72.536652,64.943367,80.644539,0.034217
2.904237,2.831384,10.619509,22.663210,29.753166,49.727798,-0.002543
2.961663,2.945397,11.921684,67.252167,61.038635,70.560913,0.043828
2.988644,3.014787,11.915398,62.868053,74.771973,68.100220,0.011869
3.162179,2.949246,11.792405,24.523050,24.649767,23.789482,0.077848
3.054623,3.071467,12.088273,76.021309,65.617546,88.272835,0.048793
3.023126,2.863267,11.882189,41.572018,36.210876,35.772263,0.090365
3.125079,2.899451,11.659390,30.249395,22.041386,28.768791,0.096690
2.974588,2.873206,11.980853,55.255653,48.784935,52.757812,0.058060
2.826523,2.874328,10.210943,20.852848,43.352543,40.993233,0.097363
2.979431,2.823600,11.848507,44.456951,37.929752,36.878105,0.087838
3.153028,3.192302,12.134229,68.287743,69.295456,90.764870,0.050954
3.240034,3.097728,11.907839,23.401859,26.401909,34.614571,0.043926
3.151385,3.129215,11.576838,37.803658,47.897781,63.990494,0.053495
3.049505,2.992377,12.040580,53.493629,49.378304,57.484230,0.047720
3.085990,3.049906,11.704499,48.970242,41.175987,70.588943,0.080062
2.806416,2.637711,11.340411,66.407761,44.935623,46.122505,0.146413
2.997156,3.041369,11.885190,64.757439,73.298775,77.422913,0.010365
3.071277,3.067096,12.165399,70.251961,57.261753,80.909271,0.067242
3.119243,2.920850,11.183024,13.167629,21.992455,22.656445,-0.003229
3.172302,3.176619,11.810584,44.747204,52.156250,68.602585,0.048210
3.204592,3.141825,11.634676,25.490448,34.234970,45.030258,0.045683
3.011297,2.857741,11.059045,21.123880,23.644791,39.782700,0.014208
3.193780,3.147772,11.655762,30.877031,40.425034,52.796139,0.055113
3.134329,3.113495,11.811316,43.421711,51.016041,56.994892,0.025706
3.202263,3.134734,11.607541,24.972038,35.862923,42.889156,0.037882
2.865552,2.734484,11.111664,34.563335,26.119442,53.801437,0.021542
3.126602,3.148129,11.873239,54.087093,60.516243,72.507660,0.042071
3.132840,3.115513,11.765558,46.894360,43.388229,69.301712,0.071473
2.963211,2.995539,10.734830,39.354668,58.248081,89.138702,0.071419
2.974577,2.812319,11.853442,42.585850,39.768761,32.993378,0.082913
3.190970,3.108019,12.016021,42.977089,37.275368,54.479736,0.074747
3.179919,3.153869,11.648197,35.609310,42.574532,58.815758,0.051677
3.114688,3.093359,11.301666,31.627739,45.777416,56.313339,0.034006
3.089423,3.075831,11.186176,28.033688,42.125774,52.862682,0.029176
2.835389,2.912292,10.269641,24.002361,44.242409,55.306732,-0.009664
3.046569,2.885979,11.869452,38.655811,36.804718,33.651207,0.074321
3.067068,2.984280,12.010300,48.983326,45.533112,51.992004,0.046559
3.107193,3.125125,11.661965,59.202389,57.737724,87.970215,0.052096
2.997333,3.030544,10.916897,39.014599,57.618576,79.081879,0.054255
3.032357,2.942344,11.020555,18.842384,28.407726,39.919960,0.006493
3.098704,2.929788,11.652637,29.913309,24.048040,41.978477,0.051886
2.720268,2.520127,10.694828,28.114613,15.982831,41.717262,0.046628
3.201434,3.027719,11.766215,19.214388,26.186443,24.480511,0.018337
3.100199,3.129812,12.045938,62.113117,63.833733,77.881111,0.039553
2.716704,2.694057,10.458982,51.572872,48.295464,98.028229,-0.000577
3.090909,3.013435,11.811274,41.005539,48.120476,44.562065,0.015682
2.949569,2.904626,10.738762,31.263184,38.565392,65.141304,0.032069
3.080623,2.966418,11.705294,38.713696,29.442120,53.047588,0.061642
3.115074,3.142226,11.650860,57.781181,64.055206,88.811050,0.050231
3.015842,2.950505,11.069500,39.658077,61.780342,55.515926,0.024444
3.078162,3.068616,12.157765,73.327644,56.340317,84.110832,0.082975
3.115012,3.025712,11.541610,29.830894,42.160736,41.162434,0.001301
3.025447,3.024371,11.143309,49.941570,72.743355,81.913124,0.040700
2.401221,2.422350,9.425984,8.857372,9.482608,29.878315,0.000204
3.036675,2.951089,12.102954,54.173893,46.507549,55.127693,0.060148
3.244545,3.153149,11.841019,26.901937,33.916046,41.256634,0.044466
2.885856,2.887968,10.712216,47.645596,78.334122,71.795448,0.049250
2.937677,2.834545,11.879110,57.323952,47.661369,52.507977,0.061091
2.894187,2.890371,11.562166,95.476601,57.065987,95.459251,0.100606
2.931674,2.670308,10.662430,9.679585,10.290226,14.969527,0.015811
2.987804,2.881170,11.626867,46.069851,29.599991,58.963684,0.071213
3.165651,3.095549,11.466380,23.831116,35.875759,40.691936,0.017914
3.155765,3.176352,11.785497,51.214722,57.012650,75.152901,0.050503
2.803346,2.422053,10.033241,7.116542,7.280608,6.182593,-0.055938
3.112919,3.124760,11.898011,53.065559,57.753670,67.585411,0.033165
2.718172,2.530425,10.568218,24.659296,18.691864,44.508812,0.018651
2.861212,2.783801,11.244082,48.448444,33.373802,69.648956,0.062418
3.012634,2.808675,11.682925,36.636608,30.773687,28.450586,0.082243
2.938492,2.933420,11.847043,70.034401,66.399857,73.013519,0.033097
2.592791,2.593050,9.652876,12.003714,23.689243,34.062782,-0.024448
3.079566,3.082351,12.191028,69.414886,59.949688,81.514816,0.057303
3.169168,3.127544,11.958774,46.713470,43.743271,59.952400,0.062586
2.689654,2.649293,11.199657,92.817528,73.908958,75.761864,0.095766
3.245964,3.108004,11.968746,24.714111,27.252342,35.229645,0.047055
3.139956,3.136642,11.620497,43.287380,57.461372,67.523010,0.042704
2.862420,2.675023,10.337060,7.700420,15.016846,14.741465,0.080405
3.044326,2.758147,11.090855,21.381426,18.131710,14.804636,0.054095
2.980928,2.900359,10.776935,15.909896,27.430161,35.475060,-0.021073
2.960023,2.799779,11.806774,43.774651,39.174927,34.191833,0.088135
2.987808,2.936878,10.926110,22.805511,32.626774,49.383350,0.019292
3.060281,3.109820,12.125637,88.720345,77.808098,105.837189,0.048090
3.094285,3.087629,11.417417,44.065578,55.006386,76.838127,0.059710
2.876356,2.646168,11.392079,53.598316,39.869934,35.455364,0.135336
2.792496,2.237155,9.915300,20.270630,9.041816,11.431891,-0.027866
3.038043,2.978877,11.164733,32.015095,36.136719,59.595852,0.034688
2.907539,2.926271,11.685683,81.864220,69.257538,84.810471,0.035891
3.031339,2.816673,12.102957,45.138462,50.278965,35.548859,0.045493
3.150618,3.158659,11.697059,45.564594,52.168179,71.746658,0.048579
3.147748,2.906472,11.635675,23.741047,22.299742,21.010571,0.080928
2.963432,2.728492,11.155756,27.367157,16.298100,33.641296,0.062606
3.074091,3.029045,11.275637,37.256344,54.619057,56.433777,0.012837
3.095264,3.041940,12.223208,60.126587,45.809811,67.705429,0.093082
3.238925,3.188612,11.851630,32.640430,38.709122,50.578545,0.049326
2.907658,2.680850,11.028056,25.897318,16.514645,35.499153,0.047472
3.178077,2.867479,11.862636,22.403540,35.771027,22.219891,0.035345
2.837609,2.391140,10.065905,20.510258,9.888035,12.377326,-0.023394
2.855351,2.522758,10.395520,22.018738,10.493798,17.942598,0.025544
3.143398,3.098906,11.583102,33.556011,46.023151,50.827961,0.027850
3.137225,3.092082,11.739739,39.266247,37.408051,61.351017,0.061453
3.065583,2.975622,11.899750,45.832935,55.121239,45.217896,0.019853
2.956034,2.805024,12.023747,63.853672,69.794662,53.561211,0.026015
3.085482,3.014045,11.739962,44.640148,35.189991,62.378929,0.069737
2.887554,2.873628,11.710164,72.734367,66.339325,72.373093,0.040116
2.597192,2.139225,9.614590,8.815426,4.357537,11.545485,-0.009853
2.372329,1.941529,8.632602,3.123003,3.457364,3.905094,-0.058345
3.150248,3.188174,12.015795,67.034462,73.486282,93.408783,0.055274
2.960772,3.005808,10.819005,42.615471,64.770462,82.822021,0.040542
3.074702,3.029300,11.493381,40.443050,55.655373,52.960686,0.004134
3.094082,3.081450,11.227645,36.659710,50.124352,69.780548,0.056305
3.069472,3.019075,11.306273,33.239346,36.850807,60.165955,0.040399
2.989646,2.789774,11.604104,46.870304,27.086620,37.394711,0.157216
3.101044,3.126072,12.173099,80.792877,69.563202,103.846634,0.068081
3.156077,3.087616,12.088289,49.255054,40.316933,59.436291,0.077935
2.469805,2.343993,9.742778,14.579532,10.690681,36.566986,0.046619
2.861091,2.672428,10.976649,25.192307,20.437656,42.458214,0.018190
2.987417,3.013604,11.007425,59.529308,83.886475,104.967468,0.047439
3.185137,3.156145,11.664726,34.858547,42.101761,57.533569,0.051986
3.068748,3.121541,12.097890,76.203468,82.904236,97.216537,0.035693
3.055667,3.017550,11.843546,49.292450,59.019440,52.518196,0.010221
3.056000,3.074727,11.550209,68.935379,62.019272,102.404343,0.055734
3.007700,2.997894,12.025596,63.417435,62.447006,69.025589,0.031960
3.066247,2.989376,11.713038,50.992199,70.597771,58.789894,0.022828
2.422770,1.788861,8.900701,5.522154,3.679945,4.673065,-0.124145
3.052166,3.009898,11.253587,35.082066,38.498592,63.857830,0.041687
3.161273,3.133811,11.714662,36.832317,47.848740,54.980934,0.032307
3.111140,3.127291,11.653857,53.570377,62.729744,86.421227,0.054462
2.719996,2.612597,10.833056,40.721607,27.984995,63.948795,0.033896
3.070377,3.049192,11.692181,47.035809,57.423340,58.005661,0.008408
3.111757,3.129860,11.885289,66.696373,61.649323,91.885208,0.059646
3.147729,3.164603,12.142373,66.717751,62.071289,86.047089,0.063555
2.843349,2.770436,11.638514,66.049782,58.906197,57.452450,0.079100
2.585393,2.451666,9.947305,25.010109,23.864546,56.355942,-0.013471
3.174412,3.093412,11.804105,31.371775,40.314880,42.845543,0.019549
3.123089,3.002223,11.818048,33.280796,42.447609,35.280224,0.008680
2.989794,3.014922,11.088551,60.481770,80.104294,106.593590,0.045086
3.152122,3.121979,11.502889,35.210354,43.362865,61.763062,0.056003
3.211352,3.053599,12.009160,32.911629,28.047405,41.365585,0.084689
3.151978,3.123261,11.871024,42.847473,47.628723,55.712589,0.030947
3.058383,3.079337,11.417356,54.787327,72.976562,87.831459,0.043684
3.160835,3.018658,11.938231,36.569622,27.616920,46.657654,0.081506
2.740450,2.723207,10.172130,14.906998,26.501019,40.031067,-0.038336
3.082752,3.037853,11.974503,50.325825,48.860931,57.321861,0.037867
3.038042,2.867435,11.066804,23.333994,39.287903,30.774612,0.009420
3.178292,3.064894,11.978274,40.705105,32.368286,53.021622,0.087862
3.217093,2.922754,11.952004,19.998325,26.302740,15.158026,0.043171
3.004480,2.970750,11.460460,46.960110,39.884911,73.013863,0.064304
3.077436,3.143236,12.224751,99.361549,84.403183,119.718979,0.058828
3.109339,3.144999,12.169545,70.074158,69.141853,88.019859,0.045263
3.120232,3.094913,11.304911,26.171974,38.257225,49.550941,0.035777
2.784154,2.704005,11.461549,69.510628,58.186523,56.712784,0.073732
2.799255,2.785797,10.228562,44.839039,50.960232,95.378876,0.031986
3.088023,3.096796,11.543839,51.121014,49.469147,82.262871,0.056942
2.798311,2.707120,11.492646,64.498634,54.259689,50.658554,0.074181
3.061244,3.092707,11.866410,57.928604,65.212837,72.775757,0.026655
3.109494,2.967828,11.709634,37.833916,53.258522,40.926575,0.016384
3.240769,2.928609,12.335925,25.765417,38.192215,21.813698,0.043998
2.900002,3.002770,10.587309,37.143456,63.097507,84.422066,0.025540
3.084974,2.846629,11.588862,28.317806,26.419912,22.816299,0.064293
3.174781,2.950627,12.390540,37.472439,47.036079,30.763510,0.034600
3.248492,3.023943,12.781509,35.785130,47.079224,29.039860,0.016243
3.175654,3.146377,11.746606,35.656895,38.361729,58.895035,0.055152
3.226423,3.100557,12.040538,35.641575,31.681087,46.296021,0.080776
3.051697,2.932001,12.074040,55.791962,33.577354,56.994274,0.111390
2.973251,2.952482,11.706964,82.396500,59.130867,112.040131,0.085404
2.970892,2.800594,10.787202,35.708485,60.753845,47.525429,0.053177
2.947676,2.954888,11.171825,60.369308,51.860718,98.096428,0.048944
3.164250,3.069855,11.943775,41.190540,38.451664,49.356438,0.053294
3.239299,3.146741,11.880071,28.354774,34.744835,41.396141,0.039444
3.181585,3.174253,11.814212,42.008274,45.970062,64.060181,0.047929
2.947804,2.463867,10.679688,10.750212,9.020490,5.437772,-0.096685
2.844959,2.773813,10.472579,21.054005,28.799580,48.767273,-0.006853
2.950457,2.948328,10.677333,51.308250,57.728718,101.839722,0.057754
2.788352,2.530104,10.432948,13.551050,11.492621,26.291174,-0.000654
2.843438,2.365741,10.126013,6.249874,7.065643,4.372252,-0.077848
3.156451,2.872058,11.587642,17.601877,28.238125,18.843143,0.029770
2.367100,2.113943,9.114894,7.387738,4.030834,16.748550,-0.076795
3.169184,2.952027,11.654564,17.891333,19.301991,23.112339,0.039467
2.982702,2.808326,10.838260,20.888258,38.537025,29.255249,0.043162
3.057778,2.944314,11.254329,32.495926,50.452450,42.347893,0.012560
3.063753,2.989027,11.193513,29.352600,45.796192,43.525780,-0.005715
