2.667305,2.559367,9.646564,86.254814,86.655846,112.666542,0.097772
2.885263,3.188799,12.812024,93.053917,93.230087,125.401894,0.785435
3.144706,3.362258,12.754073,96.250366,88.045815,122.144173,-0.230855
3.094428,2.901439,11.820450,94.500793,79.518883,113.778374,-0.433934
3.095890,2.654997,10.576612,91.073555,85.392601,114.421814,-0.331901
3.117710,3.397201,12.853706,92.042381,91.343491,119.958878,0.752963
2.629822,2.967624,10.633826,95.557838,83.962944,117.362183,-0.132767
3.238170,3.243706,12.401213,89.722443,89.463615,119.539673,0.423116
3.095521,3.143451,11.723398,90.871071,88.940315,118.689781,0.091953
3.154557,3.260122,12.247286,90.185715,90.507721,119.289978,0.659502
3.023908,3.127644,13.183723,90.686790,93.572403,122.230659,0.800624
3.165229,3.264416,12.437867,90.988152,90.857735,116.993736,1.094351
3.179631,2.717719,11.253524,87.294556,93.038109,112.815620,0.896094
3.137792,3.287358,12.827298,86.967339,89.388039,116.187111,0.163289
2.664321,2.894170,11.046182,75.741859,98.850868,113.210373,-0.239261
3.093479,3.002314,11.704469,94.172363,90.872055,111.997101,0.376191
3.252650,3.047524,11.864814,91.867432,90.591103,120.354561,-0.282050
3.431557,3.004771,12.217739,90.072296,89.801949,119.705719,-0.983128
3.431447,2.962325,12.135266,90.148636,90.367020,119.012047,-0.079231
3.005260,3.228684,12.305117,94.276108,94.528404,115.544571,0.092013
2.980348,3.236004,11.887427,79.272888,102.427284,125.390785,0.307676
2.837452,2.727990,11.833622,91.629013,92.989899,120.059578,-0.473456
3.357283,3.184462,12.982238,90.411316,88.135246,119.609680,-0.335310
3.287269,2.793396,10.623130,91.397903,92.849396,122.343147,0.800515
2.851120,3.051697,12.670518,91.774216,84.993614,118.578964,0.204717
3.081133,3.206506,13.162180,90.458458,93.949181,121.395454,1.067612
2.930643,2.949999,11.913595,89.783195,83.744484,116.236748,-0.348241
3.290644,3.149236,12.560179,91.317482,92.523506,120.299881,0.200895
3.174691,3.245832,12.088405,90.492760,90.100815,120.983078,-0.219820
3.125776,3.255994,12.381831,82.964127,87.381500,120.557571,0.183297
3.250558,3.464335,12.729885,92.432922,89.982498,126.865746,0.318845
3.102327,3.324573,12.965450,89.053329,89.346184,116.146187,0.971227
3.392469,3.244044,13.203806,90.168999,90.782799,120.406471,0.116886
2.993817,2.822261,12.341699,95.272285,92.212906,119.355347,0.776836
3.029032,3.484800,12.688725,90.727188,90.929703,121.127312,0.372158
3.368462,3.163338,12.467454,90.001038,89.784035,119.779930,0.489597
3.167790,3.348716,12.659024,90.975143,90.315598,117.394638,0.895989
3.331778,2.750038,11.867023,90.987541,91.997047,118.506500,0.578820
2.937666,3.283132,11.337880,90.368958,89.634705,119.966354,-0.802843
3.025114,3.463582,12.122778,90.209137,90.298660,120.785004,0.312767
3.186577,2.994590,13.145675,90.495476,91.889328,119.879425,0.816404
2.619726,3.174865,10.529741,89.198158,94.862625,121.047577,-0.933041
3.301356,2.972510,11.922276,80.946449,91.083153,121.094940,-0.173085
3.366396,3.089963,12.425220,89.581940,89.363991,118.857483,0.905760
2.860953,2.858393,12.666648,82.975021,93.614738,123.150497,-0.904368
3.504599,2.789018,11.428313,91.293388,93.459259,122.864525,-0.120618
2.756416,3.211919,11.541505,83.941818,92.178192,121.429436,-0.619435
2.965155,3.127679,13.136281,90.279907,90.097641,119.821136,0.656998
2.953758,2.942389,13.188204,87.091194,91.487930,117.983368,-0.397397
3.115648,2.981992,10.893196,89.741524,91.833603,123.623886,0.187229
3.015499,2.628034,10.098518,85.592415,93.422485,115.788376,0.350078
2.778883,3.324647,11.891363,93.096169,85.945663,118.253136,-0.458972
3.268393,2.718096,11.028690,91.952019,86.462364,116.041008,-0.399531
3.386677,3.041775,11.749853,88.160980,90.991249,122.423729,-0.839163
2.949249,3.346340,12.346066,89.764458,93.529419,120.796059,0.335096
3.289273,3.193116,11.918819,89.659538,91.085426,121.717018,-0.344581
3.376388,3.203092,11.871614,93.021103,93.403694,126.743164,0.642350
3.011928,3.146208,13.116545,89.169876,92.617912,120.889313,0.427686
3.194824,2.980824,12.516796,91.744324,84.480614,121.452919,0.102884
3.177123,3.150021,13.401120,90.036240,89.608086,119.956993,0.374603
3.173184,3.065028,11.352982,90.532875,90.681755,122.175713,-0.411304
3.115403,3.390742,12.259331,84.762886,85.945061,124.416214,-0.561492
3.329340,2.745815,10.863147,89.320030,90.329399,119.300156,-0.756485
3.002932,2.927770,13.023912,89.235062,92.799927,121.183311,0.537728
2.973459,3.496375,12.342108,90.516724,89.109627,120.394432,0.176631
3.323695,2.898907,11.465757,94.527710,83.857796,122.020119,-0.733882
3.108930,3.230480,12.271656,91.665100,90.895317,118.130287,0.966064
2.912264,3.118526,12.819304,91.685287,89.250679,121.592201,0.347642
3.456059,3.046419,12.828498,89.686096,90.142418,119.933929,0.727083
3.210253,3.135690,12.082342,89.497505,88.208839,118.186432,-0.522524
3.286382,3.194139,12.966804,89.357590,90.038857,119.570457,0.281249
3.172438,3.074929,11.497651,90.838150,90.952835,121.966904,0.907996
2.981459,2.689060,10.275094,87.315979,99.686401,121.801666,0.045121
3.119783,3.242073,12.999872,88.982910,93.075500,120.695381,0.898367
3.359560,3.048083,12.035515,90.005478,90.463242,120.182953,0.613326
3.400105,2.910817,11.511002,90.737793,90.278557,121.425011,-0.916298
3.180712,2.911047,10.524516,90.764946,92.342728,125.592186,-0.036480
2.873035,2.914872,12.641019,95.415009,85.185654,122.092888,0.427003
3.384611,3.026691,11.487044,87.244110,95.932770,125.264030,-0.566569
3.090921,3.106968,11.324505,91.114792,90.320198,121.204803,-0.209709
3.453903,3.012102,11.989604,90.108963,89.403275,120.773651,0.541379
2.977289,3.173721,11.825134,93.600182,91.109726,129.425568,-0.517024
3.237439,3.387213,13.060035,89.776283,90.758438,120.236801,-0.015347
3.122115,3.249825,13.332893,89.579063,91.066360,120.168167,0.368708
3.076779,3.261378,12.478389,89.126091,88.649147,117.716812,1.231079
2.987211,2.953649,11.922630,96.680565,80.417557,108.740379,0.296006
3.400992,2.758842,11.107232,89.756073,89.899414,119.478851,0.492684
3.446197,3.225647,13.012795,90.628067,85.025230,124.069588,0.014904
3.457813,3.014736,12.290462,89.971199,90.536034,119.884087,0.399371
3.250849,3.138153,11.897564,91.513496,90.178154,121.415863,-0.916590
2.940778,3.116933,13.175225,91.481613,90.686302,121.656105,0.614039
3.023511,3.217311,12.619382,93.120384,91.155838,120.334908,0.811877
3.508471,2.700961,11.313687,86.994308,99.791138,122.244820,-0.649782
3.281807,3.031703,11.436789,90.756050,91.207329,122.553566,-0.234880
3.339003,3.235327,12.512160,94.157471,91.129112,124.471664,0.256768
3.040265,3.468726,12.635059,93.338364,88.937653,116.341759,0.571482
3.070656,3.353465,12.517619,88.796402,89.528900,117.854874,-0.673576
3.184829,2.980436,11.345479,91.068077,91.940552,122.141136,0.775827
2.791850,2.987249,11.664532,98.072327,85.758957,107.747154,0.064786
3.364653,3.006263,12.033792,94.117996,94.539413,121.983177,0.667358
3.090693,2.804551,10.810770,85.457764,93.225029,116.340797,0.647348
3.376289,3.221999,13.107471,89.093208,90.077782,120.241211,0.767174
3.449244,2.996688,12.137698,90.704521,93.649529,120.736328,-0.324522
3.371909,3.206208,12.323963,89.526642,87.967911,122.811859,0.094302
2.915509,3.397773,11.747808,86.531662,88.882469,119.345505,0.118761
2.791446,2.784760,11.818810,98.794502,83.550606,128.489548,1.020931
3.082482,3.286015,11.412874,90.180275,90.881676,123.926491,-0.314732
2.923626,3.186863,11.471765,86.694588,88.855652,116.309647,0.100678
3.108112,3.317942,13.554388,91.936028,90.823174,123.125954,-1.323504
2.821968,3.451634,11.804624,84.362152,93.903511,125.322525,0.131548
2.853184,2.909226,12.342957,92.089752,84.324989,118.803139,-0.034685
3.004937,3.305774,11.190175,94.267792,87.703346,125.801888,0.541776
3.236545,2.638542,10.621875,89.181602,90.065140,118.105316,-1.091321
2.944610,3.493536,11.813212,86.521866,93.401077,121.250015,-0.286751
3.007501,3.253950,13.183157,89.609741,90.230797,119.762962,0.443929
3.228504,3.005602,11.281043,91.626122,91.037018,122.596733,-0.521183
3.354114,2.950006,12.389838,93.363495,94.148872,118.334137,-0.291275
3.179761,3.088911,10.969544,90.116539,94.171051,127.567879,-0.821824
3.157840,3.257684,12.317584,90.246475,90.158348,120.224983,-0.786043
3.355496,3.088885,13.009562,89.065483,91.117691,120.465607,-0.908774
3.216449,3.346213,13.236170,90.485611,91.615601,121.174873,0.860507
2.916705,3.261196,12.637586,89.826286,90.612305,121.309151,-0.748909
3.220943,3.366445,13.178570,89.781197,89.790970,119.769165,-0.437814
3.263930,2.859342,12.644173,88.876625,90.268227,119.563454,0.229892
3.207877,2.918512,11.184843,89.966927,90.116211,120.085693,0.091806
3.179583,3.082047,13.271704,89.492195,90.104919,119.635025,-0.942133
3.320692,2.887858,12.730354,90.345573,88.138390,119.817513,0.642885
2.624805,3.214205,10.643314,93.091194,81.574646,118.094650,0.225582
2.853108,3.376664,12.267537,88.528496,89.921471,118.346901,0.660418
3.342286,2.767609,12.520275,89.078529,91.463203,121.297905,0.522388
3.025904,3.104000,12.459908,96.009621,83.802437,110.550316,-0.692567
3.246741,3.050914,12.737445,93.813034,86.628433,117.501480,-0.043021
3.346515,2.987886,12.884919,87.372910,91.907753,120.551910,0.223939
3.103454,3.246039,12.447268,97.039169,86.406761,124.760429,-0.435285
3.029079,3.328527,12.519614,90.038231,88.353661,116.705597,1.203021
3.211260,3.172735,13.226722,89.811287,91.217026,120.597191,0.755764
3.170489,3.008074,12.758483,92.489723,94.609749,126.141182,-0.398556
2.738034,2.800826,12.368125,86.047890,88.713173,119.137390,0.526531
3.313201,2.829131,12.524311,90.341927,89.102509,119.524925,0.469506
3.137162,2.818333,11.256567,91.318535,84.118652,116.476028,-0.873026
3.381009,3.063772,12.777946,90.193771,89.587997,119.314949,0.397203
3.198381,3.187179,12.065870,90.743584,90.505768,118.697701,0.858565
2.893150,3.367574,11.971629,93.786476,87.708870,114.047127,0.318601
2.832007,3.012035,11.600198,83.424820,87.551193,110.426994,-0.428250
3.310619,2.938924,12.546500,82.818184,89.474442,124.487579,0.031192
3.352525,2.568731,10.509993,90.380669,94.327080,121.012527,1.152109
3.071889,3.270691,12.181305,89.935928,88.966110,117.301147,0.168085
3.285707,3.287549,12.566274,90.211845,90.571831,120.489189,0.461787
3.284653,3.055604,13.228363,89.792801,89.772049,119.515083,0.506361
3.398100,3.014676,12.022443,83.372826,94.827415,121.828712,0.021595
2.660024,2.712798,11.559178,88.552444,93.043060,123.198799,-0.080984
2.823722,3.165809,11.322012,95.139793,84.650879,113.059685,-0.002585
2.985264,3.454904,12.246298,97.941803,84.971527,124.425468,0.177085
3.036821,3.074607,13.124026,90.237602,87.739182,111.610992,-0.081237
2.884863,2.851557,10.571610,82.736069,87.182106,128.572433,-0.425896
3.309807,3.048377,12.682937,90.640800,88.108955,118.834648,0.612987
2.475373,2.686913,9.983870,105.095627,80.626633,120.612999,-0.123712
3.010741,3.062234,13.196929,92.060211,89.116013,121.621521,-0.050341
2.969251,2.879128,10.511982,83.858093,86.986801,128.422806,0.213825
3.135730,3.000428,13.386726,90.917473,89.801918,121.258278,-0.632947
2.960307,3.022096,11.997187,85.585876,82.321846,112.149063,0.119426
3.240103,3.142194,12.895381,86.709435,93.266075,120.806961,0.599428
3.242634,3.116399,13.008912,88.449768,91.544350,118.754662,0.839268
2.939056,3.089372,12.790602,86.355690,86.828262,116.345444,0.530786
2.771306,2.800011,12.088715,91.410507,90.176796,114.252678,-0.495441
3.096103,3.282562,13.219571,89.981560,89.727715,119.562775,0.056964
3.160677,3.250588,13.291899,89.948906,89.034531,119.623611,-0.006203
3.194605,3.105904,11.739832,82.866188,101.561897,124.002380,-0.899968
2.657794,3.120597,10.396311,89.755234,83.439240,126.849960,0.769018
3.171402,3.163212,12.730267,86.184738,87.690224,123.513992,-0.072664
2.862492,2.953847,12.868511,91.714462,90.220612,121.546700,0.580509
3.180210,3.334004,12.678142,89.372505,89.126091,118.775177,0.845037
2.996959,3.165562,13.176867,89.436020,90.720711,119.588516,0.348220
2.943311,3.286819,12.886140,89.687935,91.412170,121.302231,-0.295905
3.187900,3.211128,13.429667,90.742058,91.332588,119.823128,0.378150
2.991906,3.221542,11.285718,91.808083,91.085434,121.550812,-0.483084
3.387296,3.137611,12.942689,88.625732,90.402443,121.252419,0.533427
3.436325,2.790206,11.650986,89.214043,88.970367,119.003319,0.373498
2.998298,3.195974,10.911752,89.617393,92.227715,124.442535,-0.705545
3.043361,2.929869,11.665426,81.737152,95.205185,114.144325,0.265598
3.308568,2.949766,11.339006,89.786003,91.076355,121.840698,-0.841024
3.249637,3.078645,12.926754,88.234123,89.428070,118.625153,-0.889547
3.252582,3.177434,12.077400,84.241814,90.365128,125.722427,0.015247
3.098447,3.388372,13.081805,92.027161,92.609268,117.082916,0.669140
3.367884,3.038083,12.558696,97.889366,85.455200,124.137917,-0.539766
3.061646,2.926127,10.969640,89.586288,89.546249,119.157585,-0.069801
3.299410,3.274830,13.396228,89.860085,89.841904,119.466255,-0.430094
2.723686,2.922419,11.597034,80.239983,89.547493,115.779518,0.833073
3.183105,2.887512,11.240847,88.503334,93.207764,117.203903,-0.541485
2.736450,3.134727,10.805119,80.354424,99.750015,122.565033,0.389630
3.392677,3.013642,12.449972,88.266434,90.357796,120.742805,-0.212420
2.864703,3.533001,11.615931,96.479294,86.339035,123.059792,-0.323777
3.459340,2.933918,12.417435,88.236656,91.250961,120.385742,-1.030565
3.073761,2.999222,11.357668,92.970116,88.097496,116.065598,-0.409725
3.347997,3.056983,11.844777,88.388016,91.133339,121.103882,-0.379648
3.046600,2.987778,13.432240,90.341995,91.887726,118.801575,0.352031
3.400950,3.153277,12.773570,89.519073,89.971359,119.603226,0.761597
2.912818,2.993910,11.507391,94.123108,86.396782,109.197166,0.344995
3.137515,3.141515,13.146904,89.858429,89.981407,119.726250,-0.112835
3.072597,3.075216,10.729099,87.596161,84.737144,127.772591,-0.074100
3.144386,2.817563,10.702626,89.469963,91.502235,121.015091,-0.276098
3.019441,2.941648,12.189432,80.839531,88.391792,114.740791,-0.055491
3.423721,2.694583,11.206903,89.310875,92.672592,119.619896,-0.801340
2.901345,2.988260,13.065498,90.556221,88.996773,120.042587,0.106497
2.956876,2.756484,12.907845,89.818695,85.940842,118.096169,-0.846516
3.060405,2.958502,13.063236,91.302422,88.794991,112.749496,-0.009333
2.936118,3.255017,13.052030,90.245956,90.754112,120.869911,-0.170958
3.333585,3.267408,11.982397,91.966209,88.952744,126.639061,-0.037008
2.864516,3.055170,12.884295,89.863983,89.155914,119.356026,-0.146347
3.163953,2.996253,11.798987,93.236580,92.656532,115.943962,-0.764176
2.746296,2.722047,11.919778,90.360130,89.569572,120.009659,0.785732
3.120170,2.983999,11.763126,83.987213,84.026390,115.588394,-0.690101
3.230319,3.201742,13.464160,90.392288,90.037941,120.720901,-0.986427
3.362130,2.945976,11.463432,90.562973,91.354050,120.848557,0.364511
3.159337,3.297597,12.012849,90.631844,91.185837,121.594933,-0.971849
2.963513,2.899686,12.928724,90.140236,90.015404,119.719711,0.420641
2.640826,3.070276,10.483540,90.383698,89.198975,111.672318,0.256038
2.744652,2.915698,11.616927,102.716713,80.578224,119.345154,-0.674113
3.178334,3.358526,13.301377,89.919792,91.124825,120.310722,0.307089
3.311614,3.272423,12.065562,93.684669,93.533676,126.768959,0.661488
2.937062,3.328081,11.969328,94.161781,85.484032,126.666763,-0.634425
3.023109,3.156826,13.136050,90.356255,90.838608,120.682487,-0.523657
3.035797,3.107923,13.195461,84.006195,91.263672,117.400513,-0.862370
3.139456,3.008907,11.239386,90.707550,90.176819,120.792244,-0.553885
3.120171,3.255850,12.029799,92.545387,92.793312,121.119438,-0.128111
3.100608,3.083924,11.382081,86.994331,92.632538,121.108688,-0.802418
2.947764,3.327694,12.022587,89.202782,88.580139,118.045990,-0.843433
3.362658,2.929998,12.935429,89.748550,91.889862,118.886147,0.552520
3.341564,3.272423,13.177354,90.283012,90.292702,120.410362,-0.159489
3.392874,3.129622,13.204219,90.279694,88.758980,121.230537,-0.819414
3.087223,3.311389,10.999657,92.254700,86.851456,131.524963,-0.750530
3.419824,3.148250,12.403401,89.939232,91.035141,120.859169,-0.453430
2.978760,3.117147,13.162871,90.041031,92.055603,119.280045,0.019620
3.450695,2.813748,11.685377,88.892685,90.065689,118.696968,0.034180
3.291867,2.757570,11.096757,91.286430,91.060394,118.413979,-0.245178
2.879460,3.254273,12.476979,93.904701,84.394417,119.104790,-0.651438
2.746163,3.212095,11.762434,92.610336,85.719139,117.820992,-0.764163
2.717856,2.991422,11.637330,82.020966,91.049217,112.227264,-0.372218
2.817402,2.854500,11.528067,89.576424,89.232414,119.555611,0.340773
2.985363,3.196888,12.898898,88.131149,88.191856,120.920151,-0.632814
3.173627,2.784164,11.159918,84.049507,98.506561,115.598175,0.938942
3.157758,3.233763,13.058342,90.729477,90.528435,116.295258,-0.154269
3.261308,3.178038,13.108435,90.164627,90.536491,120.552254,0.469010
3.334429,3.111976,12.637712,89.526764,89.199364,119.069290,0.935428
3.082329,3.024876,11.085357,90.641624,91.108139,122.570236,0.057807
2.926446,3.014815,12.495547,95.121086,93.741341,114.023964,0.319137
3.331425,2.887511,13.055716,89.143974,91.172440,119.645149,-0.106453
2.985834,3.290977,12.572254,94.334404,91.325478,118.393227,0.718507
3.210810,2.879714,11.276996,85.470177,95.263084,115.918602,0.010948
2.908091,2.990808,11.827314,91.211914,77.820358,109.266861,0.030904
3.143637,3.381618,12.468351,91.094162,89.553284,121.028542,0.068753
2.599138,2.989209,10.593915,94.241386,86.089188,118.928055,-0.909010
3.293389,2.813276,11.058852,89.986877,90.424637,119.985443,-0.785242
2.926766,2.754047,11.650295,89.612732,96.980812,108.850571,-0.671147
3.353927,3.065982,12.113393,90.978302,89.790474,118.601181,0.821357
3.329507,2.924715,11.616192,89.613998,89.955132,119.235664,-0.087616
3.276521,3.159012,12.844042,93.242752,82.632500,121.039062,-0.471164
3.064595,2.943503,12.901107,89.612183,90.983070,120.183098,0.561351
3.064321,2.894387,12.861792,90.386269,90.679741,120.208977,1.005597
3.397897,3.240463,12.964830,90.228775,90.152672,120.138298,0.718541
3.208152,3.047996,13.411538,90.673546,89.363762,120.056465,-1.038301
3.002932,3.032609,11.034365,90.534103,89.634537,120.468079,-0.391525
3.031998,3.294064,11.952480,88.842560,89.639587,126.287941,-0.035452
3.292080,3.080894,12.943802,89.443192,86.196335,120.925621,-0.100311
3.392915,3.027890,12.946500,89.960159,89.928879,119.684387,0.620245
3.165160,2.973107,11.440104,97.613602,86.872200,120.449776,-0.144361
3.174143,3.363496,12.529550,89.407532,90.066635,121.879959,-1.047902
3.411775,3.102483,12.373379,90.364227,88.836273,120.429474,-0.061783
3.067105,2.930886,12.827639,88.928101,88.264709,118.644394,1.106538
3.444855,3.139898,12.679716,89.578918,90.533707,120.378494,0.222671
2.736026,3.361494,11.591143,91.568871,90.980644,120.122787,-1.014943
2.973062,3.287507,12.914991,89.819084,87.625694,118.578270,1.131256
3.034672,3.301836,12.848635,91.104263,93.423454,121.318932,-0.277425
3.205429,2.957261,12.560573,92.593758,86.690262,119.658348,0.128672
3.163029,3.013525,13.089820,90.482208,95.615105,115.851326,0.268093
3.352484,2.978128,11.579200,90.015984,90.449524,120.783112,-0.291935
3.223448,3.350718,12.657083,91.140587,91.664642,122.685966,-1.197105
2.885881,3.330579,12.469059,91.123688,86.795593,116.529961,0.435996
3.058376,3.393378,12.982813,90.564568,94.177132,121.383911,-0.343513
3.391658,3.197044,12.727986,90.306404,85.799835,124.671051,0.819941
3.133553,3.185949,12.004708,88.928452,88.721237,118.957039,1.002934
2.925127,3.022287,10.632159,88.824577,91.183975,121.714500,-0.752891
3.314775,3.192947,12.516931,92.105156,90.290306,121.196228,0.731888
3.404282,2.824875,11.417404,89.970581,89.212296,118.467720,-0.710580
2.954748,2.903108,13.230914,88.572929,92.318130,119.619400,0.236179
2.798469,3.246339,11.951769,94.731018,82.581474,120.906029,-0.519062
2.994252,3.285935,11.190483,92.243111,91.146843,126.694046,-0.484352
3.267332,3.323747,13.098642,89.632736,90.801842,120.790710,-1.068003
2.923403,2.972958,13.142220,89.596199,88.229004,121.228325,-0.505407
3.041446,3.138855,10.984436,87.286369,95.348602,124.807442,-0.963379
3.356898,3.096438,12.685367,88.573799,91.887924,118.939384,0.693906
3.167364,3.311414,12.899242,89.093391,89.925201,118.904152,1.101903
3.130493,3.046963,12.909253,93.570663,89.607140,120.970963,0.129447
3.447267,2.847772,11.498597,89.812546,90.248352,120.698830,0.047959
2.904692,2.921799,12.575630,90.502464,89.376625,122.463150,-0.029440
3.170452,3.273240,12.942285,90.257843,90.046387,118.720314,1.113031
2.996819,3.361306,12.480332,87.208229,89.367470,119.438034,0.226144
3.155961,3.393121,12.766616,94.224709,90.164261,120.477890,-0.375495
2.979043,3.273277,13.026652,89.451241,91.678802,120.583557,0.418981
3.235207,3.067559,11.705343,91.016594,89.922386,120.766830,-0.313894
3.350442,3.162488,11.975064,88.788765,92.202675,122.142052,-0.376394
2.926992,2.933389,12.730654,92.395622,90.292480,108.881676,0.188367
3.013341,3.170727,13.092973,89.916298,89.277214,119.467186,0.974191
3.222264,3.311833,12.765288,90.994591,91.612030,118.118332,-0.254353
3.145722,3.154716,11.522552,90.262299,91.308807,122.129158,-0.670847
3.104520,3.098040,12.759447,98.067261,89.479721,116.360458,-0.998258
3.436464,3.173250,12.378361,92.254715,92.496178,124.160400,0.618919
3.029637,3.163393,12.005221,95.447319,92.764900,116.265633,-0.973291
3.187886,2.982859,11.381307,90.766609,89.314308,121.170403,0.724842
2.966986,3.210210,13.095695,88.999313,92.043930,118.467880,-0.167524
2.816782,3.145544,11.658115,89.397652,88.861946,114.961632,1.191274
2.938406,3.301379,12.740027,88.835289,91.079399,119.094002,0.716162
3.267677,3.181030,13.266231,89.808640,91.432419,120.927803,0.733106
2.938689,2.859329,12.693102,80.477165,96.143219,120.590569,0.520775
2.956988,3.213289,12.716444,90.826881,88.440102,119.145134,1.067363
2.983468,3.084059,12.670024,94.067413,93.715950,117.806389,-0.486434
3.041609,3.135096,11.070842,95.550682,79.358055,126.248787,0.044414
2.963866,3.468037,11.985106,92.950867,86.315903,123.110359,-0.998819
3.427261,2.793294,12.311850,90.828331,92.433884,123.111824,0.277285
3.012752,3.330015,12.963774,89.252060,91.776955,118.750038,-0.108119
3.042966,2.778777,10.979210,94.558685,84.157722,118.263908,-0.665915
2.871260,3.445628,12.294428,92.546135,90.795403,122.946335,-0.090858
3.019345,2.795019,10.764358,91.588470,93.291809,113.488335,-0.568375
3.307716,3.401195,12.751121,89.822021,91.649315,121.840790,-0.728658
3.451913,3.032210,13.152833,90.502129,89.633354,120.007614,0.390290
3.152575,3.437086,12.751333,89.589493,89.007759,121.093575,0.229465
3.279343,3.301701,12.877132,87.242821,91.641411,121.152519,0.427850
3.059317,3.189484,12.630372,85.404694,90.628365,120.492500,-0.979183
2.665849,2.893543,11.376978,93.477928,84.913780,121.508095,1.145126
3.163244,3.322635,12.617869,89.327850,88.223778,119.736557,0.906708
2.989601,2.910595,13.188112,90.394882,90.937927,121.603241,0.462866
3.393712,3.042789,12.015643,88.511826,91.227844,120.063690,-0.305721
3.181399,3.069262,13.102835,88.187431,86.846512,116.411758,-0.083102
3.173901,3.048045,13.265331,89.654625,90.202957,119.371925,0.059287
3.432332,3.139203,12.577686,90.128090,90.062271,120.438309,0.003661
3.163276,3.443845,13.019055,90.458496,89.215942,120.128380,0.584472
3.258295,3.042841,11.336576,94.909897,90.476700,125.327858,0.164130
2.966498,3.342255,11.698355,98.814659,88.365433,123.000046,-0.037447
2.790762,3.128312,12.034891,92.589325,89.178596,123.690651,0.425328
3.009332,3.274342,11.377374,91.339149,89.628517,122.390823,0.378043
3.029155,3.119093,13.332167,90.363480,91.679428,119.757332,0.703090
3.037401,3.107081,11.431674,89.774849,89.034042,118.431122,-0.209577
3.303282,3.244433,13.340945,90.108582,90.544777,120.240738,0.128331
3.324069,2.828032,10.848232,90.662834,91.638275,121.759857,0.518500
2.809211,3.425710,11.935558,90.486877,86.725838,119.874420,-0.716169
2.928470,2.959524,11.698163,89.617950,81.029518,121.993202,-0.723126
3.231486,3.183213,13.074433,91.153870,91.011024,121.404144,0.307477
3.109567,2.812881,12.582445,89.578186,91.479797,119.696510,0.922833
2.575028,2.920083,10.921412,86.997841,88.277679,114.194138,0.107507
3.369614,2.908725,11.448913,90.446304,91.073196,122.084183,-1.207129
3.257162,3.232742,13.118513,89.889389,89.112038,119.284561,0.723656
2.769097,2.727598,12.052790,88.945740,91.326286,117.508286,-0.112813
3.319453,2.847201,12.446468,89.646835,92.379311,120.523392,0.964989
3.281414,3.249676,12.508668,89.886627,90.018936,119.869652,0.462481
2.944635,3.396640,11.669646,90.711784,90.045540,120.509644,-0.342927
2.782325,2.818270,12.445478,90.627991,93.255951,121.624649,-0.355902
2.838729,2.852767,12.874551,90.089859,90.999207,120.755959,0.591629
3.281748,3.419022,12.643264,90.930801,89.758659,126.327538,0.568126
3.085674,3.055573,12.507720,88.687889,91.163139,119.344368,-0.209245
3.051716,2.992876,12.790084,91.985390,90.324806,116.856041,0.613194
2.709863,3.124825,11.118419,89.354065,84.252937,113.399155,0.204957
3.370862,3.007118,12.157146,90.133362,90.249596,120.862862,-1.073112
2.774219,2.860053,10.326654,89.385345,90.797218,117.941040,-0.504122
2.807392,3.373142,11.513631,92.197815,88.281883,113.624382,0.850018
2.775311,2.714313,12.820007,81.822052,90.090889,118.634285,-0.001401
3.170954,3.303883,13.218077,90.383385,90.072342,120.232376,0.837844
2.992373,3.203459,11.495013,91.229263,88.688576,119.770340,0.091760
3.011102,2.935673,13.234044,89.889572,90.601624,119.425980,0.742672
2.888890,3.052742,12.329305,90.804245,88.337387,109.364052,0.160281
2.888673,3.386212,11.503791,88.125290,89.189705,118.657082,0.650204
3.391454,2.988814,12.621617,89.322365,90.096428,120.118347,0.876699
3.018361,3.197343,13.222047,89.485260,90.551514,119.907600,0.517122
3.094125,3.492315,13.080821,90.069183,90.003120,119.791992,0.068639
2.714449,3.496567,11.123924,89.801697,90.851738,119.997101,-0.904999
3.403347,3.191874,12.534820,97.372353,89.336945,125.370926,-0.331413
2.833314,2.879682,12.478838,87.725464,86.469154,115.378166,0.202146
3.028669,3.027661,12.294869,93.177437,81.278831,111.167847,-0.338279
2.998551,2.602048,10.390569,94.842384,90.120461,107.443672,-0.319963
3.062569,3.093758,11.603897,87.855873,88.940170,117.160362,0.670531
3.429942,2.998420,12.916290,87.317917,89.818932,123.880028,0.661927
3.222141,3.163531,12.130779,91.820862,91.476768,119.759720,0.158464
2.966780,3.156105,11.708839,96.101334,84.275055,115.092110,-0.353643
2.875420,3.345670,12.406476,92.667381,87.438820,118.819267,-0.270778
2.897236,3.122422,11.259456,81.974686,87.862740,113.165741,0.690720
3.075813,3.128699,12.325235,89.174438,94.840683,111.946693,-0.663967
3.201986,3.285536,11.987364,90.853455,90.943817,122.726120,0.365526
2.829291,2.701591,10.698363,98.683350,84.013420,111.038757,-0.848088
3.219815,3.177936,12.220164,91.466187,86.817574,119.056396,-0.152397
3.068329,3.058712,12.870882,83.115746,95.449570,121.187057,0.109145
3.212925,2.521620,9.982184,90.167847,91.559113,119.213722,0.028819
3.089419,3.266038,12.057400,90.984314,86.515251,118.966606,-0.298081
3.367051,2.844369,11.483439,91.094887,91.302429,120.112999,0.828059
3.172304,3.224544,11.720544,90.023209,91.462944,121.986702,-0.529138
3.267218,3.287351,12.588758,89.619331,90.962914,119.898659,0.856664
3.265798,3.180833,12.322418,90.090210,90.008606,119.956718,0.081144
3.242266,2.972478,11.649647,89.578407,90.489227,117.803680,-0.062816
3.025255,3.303953,11.779637,90.504791,90.205208,118.854324,1.037435
2.982153,3.162906,11.661210,88.082436,87.385391,116.040817,-0.647003
3.227513,3.017520,11.460335,91.390869,90.638481,122.160675,0.761937
3.395974,3.026276,13.316193,89.885178,91.402328,122.890045,-1.152757
3.292134,2.976249,11.237567,90.233902,91.930473,122.794685,-0.949809
3.283914,2.946830,11.315863,89.621292,91.681709,122.177376,-0.536153
3.334810,3.223452,12.053511,87.753441,93.746185,122.872276,-0.421372
3.108877,2.998546,12.354433,90.608887,87.844460,114.821953,1.183319
3.255133,3.323488,13.641849,91.030045,92.416588,124.029129,-1.466538
2.829845,2.713270,12.396447,89.433037,99.313393,114.613998,-0.070614
3.005714,3.143966,13.211045,90.349869,90.149895,121.438095,-0.917219
2.828834,2.870803,11.549519,87.186226,85.218887,108.584480,-0.325125
2.962535,3.239486,12.453407,94.904015,84.852570,115.138275,0.015019
3.193601,3.023920,11.251692,90.588799,91.339302,122.184052,-0.280617
3.143929,3.408303,11.803762,92.737480,90.911766,127.715248,0.871208
3.118033,2.986367,13.070664,86.618164,94.270218,115.918381,0.338254
3.229574,3.099150,11.815602,89.673752,89.624664,119.908371,0.695660
3.085380,2.777842,10.374007,89.738953,90.962845,122.622795,-0.162081
3.376463,3.107638,12.674969,89.108093,89.408066,118.947868,0.417246
3.088029,3.140145,11.179684,99.467216,85.343262,127.677765,-0.150513
3.060323,3.248372,11.553677,91.225655,91.228447,121.175774,-0.245837
3.422913,2.959955,12.322520,89.604431,90.196701,119.263107,0.532863
2.889075,3.106550,11.806084,83.404541,92.320526,112.642174,0.775933
3.156748,3.061717,12.845248,92.722572,95.325462,120.745987,0.972294
3.237640,3.179639,11.672634,94.703064,89.469948,124.612335,0.033753
3.378314,2.832876,11.204857,88.284966,96.374229,121.959259,-0.062817
3.108489,3.139485,11.477012,89.898972,89.856796,121.380211,0.932599
3.379258,3.215718,13.406700,89.510849,92.142738,120.985931,-0.948538
3.327597,3.016455,12.926085,89.284813,90.574005,120.323723,0.580704
3.390784,2.884893,12.752347,89.635880,90.192795,120.162407,-0.468272
2.682800,3.338836,11.151231,94.208275,84.747566,120.213448,-0.222835
2.941159,3.187355,11.931190,80.336395,89.426437,116.524696,-0.650740
3.269335,3.201982,13.239337,90.848053,91.003670,119.555168,0.029869
2.762831,3.499248,11.556971,93.444824,91.853432,122.952705,-0.942288
3.128702,3.019731,11.903890,83.049622,83.713837,120.520935,0.045086
3.051720,3.231919,12.331610,81.397911,91.352135,115.589760,-0.865431
3.068809,2.839534,12.475054,86.398598,93.073853,111.139275,0.160343
3.048028,3.338011,10.939112,90.262039,82.666168,128.872757,-0.542519
3.193117,3.403355,12.716147,92.265144,92.102341,122.261353,1.036804
3.201904,3.141232,13.255052,90.022316,88.704819,119.365311,-0.758528
3.402190,3.230691,12.951285,93.076332,90.771072,126.050430,0.439786
3.178697,3.233088,13.190000,89.828827,86.009529,120.964676,-0.834917
3.234592,3.163106,13.314088,90.451202,92.760689,118.188164,0.357643
3.223606,3.252151,12.427156,97.340408,88.757927,123.469231,-0.264173
3.045972,3.025338,12.165645,90.671928,85.255363,108.633560,-0.356152
2.859398,3.313887,12.158928,87.079689,94.510292,115.592804,0.743800
2.943953,3.033342,13.360599,90.107513,90.162018,117.987335,0.496919
2.891089,3.211238,12.543264,94.250061,88.621567,121.942429,1.204370
3.234456,2.819733,11.281295,85.402733,100.400513,117.705116,0.839496
3.027674,3.429659,12.446821,89.087639,89.778496,118.514351,-0.142877
3.182559,3.160640,11.763783,89.892082,89.575203,120.230240,-0.297274
3.076980,2.918383,13.040123,90.615891,93.799164,122.565208,0.186883
2.751148,2.850127,11.389694,87.887794,93.378082,122.621132,-0.865632
3.018535,3.351920,13.120421,89.186668,90.773636,119.868019,-0.233899
2.892052,3.351565,11.618685,88.790497,88.388802,118.258675,-0.895445
3.040385,2.837183,12.886426,89.889748,91.297455,121.615990,-0.314816
3.106766,3.486046,12.731674,90.535461,89.915405,121.114388,-0.108066
2.743383,2.835130,11.468251,85.903755,91.261551,108.173607,0.500931
3.367960,3.381447,13.007136,92.684250,89.146629,123.035316,-0.156609
3.021687,3.274247,11.086817,90.945717,93.927147,126.644333,-1.044418
3.157391,3.055486,12.680086,90.716484,95.047485,122.781357,0.593869
2.933815,3.009711,13.031633,88.554192,89.229340,119.366852,-0.677416
3.302036,3.047616,11.787914,90.875793,91.175491,121.457565,0.484671
3.344154,3.049638,12.959879,88.632454,89.590233,119.521294,0.455518
3.258770,3.114582,12.386194,96.417160,89.516815,115.841576,-0.719792
3.287187,3.211991,13.121028,91.050117,90.059135,118.644112,0.105720
2.802142,2.940899,12.296101,91.326859,92.890823,127.317337,0.123702
3.012204,2.945072,12.741560,96.999107,88.666138,120.436378,0.497978
3.100234,3.143244,11.676699,89.785416,89.852730,119.437378,0.416268
3.120723,3.233585,13.382325,90.129669,90.666435,120.891098,0.697704
2.851394,3.402587,12.054584,87.726311,94.966469,121.751221,0.051264
3.137793,3.259199,11.673201,92.406906,91.335030,129.812286,0.631739
3.016507,3.175438,12.681318,85.866554,91.600006,119.569862,0.070796
3.328585,3.047570,11.913905,89.834061,90.169098,119.765381,0.128048
3.080851,3.156268,12.696599,94.901192,95.415329,113.680344,0.723202
2.969638,3.123402,13.270993,90.895836,89.895721,121.143654,0.270830
3.156451,3.070238,12.881098,89.857925,92.206558,120.666824,0.705236
3.100750,2.924840,10.545757,89.414116,93.150551,125.920914,-0.222945
3.079989,3.157877,11.598202,89.544456,89.497604,119.261803,-0.304704
2.972889,3.161463,12.645041,87.683502,92.367294,110.634666,-0.020132
3.125282,3.258018,13.206397,90.494576,89.476387,118.749794,0.246872
3.258870,3.131573,12.906084,88.727348,87.919975,116.993736,-0.460315
3.027661,3.015913,13.347214,88.524048,92.141731,114.770950,-0.435451
3.419048,3.207387,11.688034,91.702637,85.873535,127.965393,-0.273910
3.109602,3.159324,11.875975,89.618546,88.265999,116.915154,0.861490
2.767415,3.116190,12.234933,89.840691,84.019157,119.851028,-0.935917
3.051747,3.299541,11.509323,87.575333,90.123276,123.610695,-0.152188
2.881412,3.104770,11.399578,92.350891,93.517120,115.160927,-0.818431
3.327900,3.245774,13.008095,90.561462,89.737709,120.539909,0.432034
3.318306,3.220425,13.445330,89.874962,89.939667,120.548737,0.467585
2.816421,3.474302,11.955138,88.947723,91.628471,121.120872,-0.909494
3.262109,2.547817,10.131350,87.980461,93.011269,117.908203,0.170691
3.209848,3.099165,12.540557,88.562981,88.564674,117.778252,1.156249
3.090557,3.036196,13.387343,86.943024,92.549385,114.243561,0.103423
2.923467,3.265301,12.834668,91.903053,90.951569,122.274681,-0.707861
3.346085,3.152396,13.369636,90.268944,89.121429,119.732124,0.312484
3.383389,3.083026,12.567864,86.356079,96.075943,120.837219,-0.264792
2.895813,3.213634,12.339643,84.540451,96.205345,114.408333,-0.671941
3.362849,2.654674,11.652469,91.104874,91.638054,119.699776,0.625148
3.058707,2.865131,11.263504,86.625786,89.143616,110.085297,0.974135
2.783369,2.697847,12.066624,85.924316,87.833984,123.916283,0.325817
2.814015,2.808699,12.649431,84.699646,92.481163,121.531570,-0.123593
3.359502,2.777059,10.821986,90.688522,91.934074,121.954933,0.349069
2.918366,3.067192,12.930812,90.881165,93.581734,117.430962,-0.274835
3.176171,3.220446,13.263990,89.475777,90.731026,120.548576,0.055518
2.989474,3.308837,12.754194,88.218925,92.838097,118.748253,-0.203979
3.285579,3.206816,12.645640,88.394936,89.593903,119.194321,0.279769
3.368598,2.996064,11.884341,90.775017,89.071831,120.224007,0.546588
3.371622,3.029330,12.036197,86.549637,93.046211,119.618164,-0.472133
3.020216,2.804852,11.051073,90.810081,90.496391,110.065498,-0.136088
3.230119,3.185444,13.397882,90.193420,89.739433,120.075142,0.271134
2.730116,2.754839,11.065969,90.140182,81.149269,104.620514,0.121849
3.085739,3.139716,11.519217,93.209633,90.961479,120.821632,0.864185
3.258145,2.721069,11.859929,90.711571,91.501137,121.063835,0.672585
2.946238,2.841112,10.906282,81.659889,84.487694,126.700027,0.058918
3.329081,3.130286,12.193683,89.972588,88.823853,121.024162,-0.850358
3.251106,3.295121,13.487654,90.142860,90.723351,120.786560,0.042786
3.453381,2.906308,12.069287,89.643089,89.829086,119.832489,0.780245
3.516119,3.032118,12.638059,90.828865,91.557976,124.528008,0.519727
3.053869,3.232036,12.119990,86.222198,92.806961,115.544731,0.558154
3.275990,3.318460,13.120583,90.733475,91.736649,123.055115,-1.323414
3.074738,2.933903,10.938184,90.988983,90.368782,120.418533,0.690318
2.748850,3.265409,11.511830,83.464691,91.839592,117.785774,0.124847
3.226032,3.177116,12.234230,89.357132,89.050468,117.917389,0.839565
3.281206,3.144166,11.884378,91.259125,90.455841,121.841438,-0.232155
2.923052,3.455805,11.638817,94.208694,86.089958,123.404694,0.004505
3.043487,3.376643,11.518080,88.960739,90.665260,125.141724,-0.500507
3.397848,2.764327,10.976166,92.290337,96.331863,124.691757,1.004659
3.111138,3.039257,11.618864,89.129097,90.446114,116.278427,-0.627808
3.278738,3.002959,13.075996,89.088409,93.113312,118.086212,-0.105694
2.987168,3.075397,13.423913,88.378548,89.839531,118.509636,0.684195
3.058219,3.422360,12.204543,90.308678,90.724480,120.526222,-0.991625
3.342801,3.041976,12.067730,85.927032,94.076523,118.430229,0.306802
3.071540,2.778074,11.961352,94.661514,97.808243,116.728752,0.403781
3.024748,3.246018,13.123171,89.974106,93.524391,118.058372,-0.616712
2.984555,3.141500,13.205013,90.203056,89.687531,118.420403,0.609554
3.218467,3.310503,12.730890,89.569092,89.273705,118.917320,-0.227456
3.404780,2.763281,11.385131,91.139915,94.228996,121.517738,0.967024
3.257418,2.953010,12.563574,89.018105,89.538979,120.748444,1.064426
2.735723,2.853296,11.925014,96.285934,77.079445,119.919220,0.617885
3.339655,3.288191,13.106509,89.783226,91.491837,120.454262,-0.797485
3.027822,3.163999,12.593199,85.664749,84.949150,123.211243,-0.487588
2.538767,2.411545,9.502028,98.524551,84.171654,117.084045,-0.233617
3.361398,3.247324,12.360374,89.686264,91.148552,121.971527,-0.199356
3.164457,3.310859,12.876305,85.647034,94.374397,118.401588,-0.783386
3.334506,3.062290,13.371119,90.358681,86.554245,121.943939,-0.319040
3.232885,3.146586,11.815140,91.782623,88.805489,121.483948,0.198140
3.126806,2.942372,11.878901,87.406364,84.130753,127.656776,0.486861
2.936401,3.027715,13.114016,90.468201,88.697021,117.422134,0.390987
3.330059,2.983533,11.494298,90.091454,90.248466,119.942238,0.771357
3.397270,3.060235,12.535451,88.725174,89.198593,119.257568,0.206481
2.806075,3.153131,10.582877,88.683907,92.122345,121.234848,-0.149426
3.371576,2.976240,12.633988,91.331833,90.976906,116.601334,0.305027
3.287977,2.920548,12.616574,90.593544,90.699371,119.479507,0.825591
2.910058,2.843394,11.073630,93.335709,80.570404,116.346237,-0.247485
3.269025,3.328171,13.168674,91.282440,90.635414,122.333382,-1.223369
3.220583,3.274807,13.496527,91.276405,90.866661,122.641724,-1.160528
3.378885,3.059025,12.068517,90.568314,89.176369,120.810814,-0.085138
3.127204,3.167432,11.999336,84.590836,101.891556,121.295067,0.554655
2.967940,3.289796,11.936718,94.322960,82.113457,126.720314,0.053957
2.988869,2.622179,10.342234,87.005226,88.834366,111.995125,0.649465
3.095354,3.330490,13.157540,91.601746,88.385689,121.338844,-1.319792
3.425158,2.937255,12.115483,89.443237,89.341591,118.984177,0.516305
2.922986,3.466197,12.487732,92.724869,87.024384,120.437119,-0.668532
3.126008,3.163073,13.240371,89.879913,89.395042,119.450302,0.655626
3.124604,2.955001,12.945868,89.583389,91.095978,119.566513,0.921010
3.370906,3.027085,12.422396,92.692284,88.856827,120.757942,0.677396
3.212233,3.347312,13.152555,92.023911,90.484505,119.395386,0.794628
3.215192,3.178995,13.132755,89.605705,92.196243,120.806572,0.500712
3.336087,3.259584,12.704502,91.390762,92.776772,123.316399,0.139116
3.261053,3.293523,12.415027,91.073189,90.292603,121.452217,0.285202
3.399871,3.053940,12.190250,92.050758,90.180862,121.269318,-0.424775
2.652267,2.828620,11.183849,87.705124,85.508377,127.341339,-0.285608
3.152714,2.983215,11.304426,93.561508,90.922150,119.736870,0.437301
3.283197,2.987917,12.884856,90.624474,91.548416,118.189102,0.041664
3.097339,2.990265,12.947631,88.752541,83.487709,121.310524,0.092450
2.906559,3.401077,11.477446,92.922173,91.316734,122.258415,0.510145
2.812053,2.822920,12.530010,90.445824,86.813408,113.100975,-0.038875
2.844480,3.510515,11.899445,88.648155,90.774460,119.976898,0.227871
3.175987,3.078915,12.701723,88.449165,95.833458,112.635582,-0.626470
3.323339,3.296537,12.465580,90.565857,89.730255,124.467468,0.419778
3.413587,2.619581,10.958211,85.346092,99.729095,121.785690,-0.473416
3.195417,2.894772,12.107473,93.703354,90.432220,124.112534,-0.103158
3.358747,2.855306,11.532228,88.811180,90.406181,116.182213,0.671655
3.174108,3.169344,13.411331,88.586945,91.295006,118.880936,-0.925079
2.936180,3.028693,11.558056,96.540512,96.249733,115.432899,0.899994
3.240445,3.147396,12.053011,91.347046,90.872551,123.437492,-1.202949
3.107854,3.057675,13.136018,90.524818,91.656578,119.613060,-0.290476
2.899956,3.197404,10.956804,91.490929,91.502144,121.396530,-0.581090
2.981452,3.313119,12.865858,99.126274,82.253479,119.566719,-0.245338
3.243874,3.093914,13.203566,89.759621,90.119766,119.972458,0.876033
3.311583,3.251016,12.166802,97.604347,89.212395,127.334824,-0.758550
2.856114,3.327759,12.481345,89.705811,89.854355,120.059402,-0.334930
2.973495,3.309959,11.687026,86.945160,88.887650,119.582191,-0.501221
3.366776,3.016889,12.698979,88.809479,90.939423,119.878464,0.819714
3.083243,2.798855,12.385393,90.434456,82.672615,110.283005,-0.294696
2.816229,2.712583,9.921815,88.954529,89.652992,119.727768,0.168065
2.934653,3.069067,11.116255,89.884010,89.049355,117.340248,0.192362
3.258323,3.110177,13.170260,89.800087,91.058838,120.786560,0.498636
3.322145,2.966424,12.302526,83.713326,88.655701,126.504578,-0.617342
3.230968,3.252900,13.276964,88.666130,91.720657,120.325188,-1.140931
3.349699,3.188164,12.017493,87.865723,91.176613,124.543213,1.136440
3.309523,3.071960,12.560569,92.865494,86.806847,117.564529,0.772084
2.931655,2.881381,12.934031,90.369171,88.781059,118.858818,-0.999399
3.226286,3.227375,12.344466,90.084244,90.260567,119.910538,-0.023748
3.193302,3.486194,13.043083,90.414413,90.704536,120.947098,0.001683
3.146122,3.226420,12.057406,89.274689,88.932350,119.443459,0.536335
3.274186,3.111003,11.708397,89.679848,89.895828,122.566360,-0.333352
3.357687,2.972674,12.447087,87.672981,91.974571,119.061897,-0.154988
3.241426,2.983779,11.487513,89.298172,89.165581,118.855682,-0.138503
2.998294,3.112668,13.165126,90.781746,93.117607,117.735573,-0.125308
2.939291,2.947686,13.186062,90.367714,89.710861,120.797409,-0.293569
3.294372,3.150857,13.079899,90.081635,90.841331,120.558235,0.827770
3.088629,3.381568,13.077207,93.165321,90.903557,117.814728,-0.385502
3.145299,3.303391,13.293731,90.132660,89.538170,120.021126,-0.410635
2.831288,3.432757,11.133557,91.944206,87.057259,121.152702,-0.639482
2.981055,3.375871,11.498104,93.112419,91.375481,127.066887,-0.739977
3.396090,3.110539,12.984514,90.176384,90.325485,119.381813,0.866182
2.848366,3.136995,12.116390,85.574890,89.290359,111.327660,-0.094445
2.820840,2.895741,10.923869,83.557739,85.314056,113.907600,0.543385
3.081037,3.234899,13.323918,92.921494,89.338318,117.089317,0.045859
2.609630,3.206162,10.044787,86.968170,92.828262,121.499855,-0.705846
3.097543,2.966466,12.918568,83.918434,93.165459,121.296722,-0.351145
3.191132,2.613637,10.371340,89.392738,93.520638,119.282486,-0.080698
3.316022,2.944719,11.721066,89.684799,89.124535,118.633301,-0.406841
3.153012,2.925541,12.634295,86.332428,92.310959,120.015358,-0.066404
3.297893,3.168542,12.417857,90.217216,89.196938,119.363083,-0.404095
3.199942,3.219776,13.438696,91.832390,91.991837,120.486328,0.327133
3.219077,3.218968,12.103655,90.207474,90.616043,120.539146,0.719109
3.176956,3.361984,12.520509,90.217659,89.541794,119.982994,-0.534092
3.095454,3.138901,11.909389,92.062157,88.775986,115.707176,-0.858591
2.853321,2.848561,12.671439,89.608475,91.108635,120.572281,0.523329
2.972976,2.743441,11.162426,83.018784,92.781792,107.422081,-0.395682
2.885116,3.222745,11.374137,79.634491,95.955193,121.727402,0.300501
3.083299,3.015888,13.099014,90.639328,91.973602,120.453529,0.934088
2.986462,2.894738,12.725177,96.557610,87.113403,110.215797,0.148010
3.127248,3.466950,12.760556,90.884529,91.708717,121.193947,-0.680307
3.430733,2.999073,12.124026,89.648254,90.157333,120.163498,0.240972
2.838800,3.192414,10.726632,94.867317,87.821915,121.032074,-0.758431
3.168814,3.115319,11.587004,89.713684,90.699501,121.632599,-0.850049
3.334157,3.285038,13.047348,90.070015,89.915024,120.131477,0.893376
3.229748,3.043120,12.823812,93.730888,92.657486,117.009422,-0.097084
3.329926,3.207178,13.320887,89.678360,91.854729,121.408936,0.414221
3.281039,3.185176,13.329570,89.478355,90.387138,119.463562,-0.558055
3.400693,3.282554,13.095386,90.009827,90.819954,120.678970,0.532185
2.927529,2.826600,11.216762,88.776184,82.997482,109.868538,-0.439500
3.185480,2.828466,12.634551,88.708336,92.118187,120.943413,-0.862743
3.469841,2.574548,10.629692,89.448311,91.607460,119.489456,-0.735769
2.778489,2.811844,12.634346,92.206078,88.467972,121.437042,-0.286354
2.794973,2.839571,11.189482,92.289940,81.903824,119.731598,-0.029965
3.296770,3.134212,13.112512,90.315018,89.660095,120.693054,0.191016
3.264351,3.189153,12.744563,90.706711,90.906555,117.393723,-0.536390
3.390944,3.232901,12.879716,90.139809,90.731194,120.436432,0.190036
3.102153,3.083736,11.163407,89.618423,90.872643,121.888710,-0.266417
3.242669,3.234256,12.181238,86.917793,93.122498,120.879417,0.048397
2.899919,2.647426,12.429797,91.888176,97.752602,121.833244,0.462862
3.109211,3.226562,13.214390,90.708031,91.368484,121.676132,0.256363
3.039941,3.413356,12.580839,90.185509,88.936813,117.137978,1.013580
3.416408,3.281487,12.646769,93.689964,89.009727,124.627541,-0.232201
3.246313,3.102922,13.103896,88.822594,89.892960,118.824844,-0.341227
3.263167,3.344268,13.060375,89.421608,91.902580,121.153709,0.290824
3.058567,3.305235,13.197980,90.934013,90.617340,119.004387,0.819820
3.348253,3.273869,12.985362,90.025711,89.679955,120.105354,0.524930
3.434179,2.980075,12.570625,91.470695,89.689720,119.333916,0.569111
3.259989,2.760341,12.539297,85.162453,93.950714,125.190422,-0.846457
3.368731,3.000277,12.387031,90.752090,90.140045,119.011314,1.004544
3.060656,3.123871,11.305400,90.916832,90.099266,121.163414,-0.216117
3.121654,3.141724,13.254654,88.772263,91.389336,120.027321,-0.871337
3.380494,2.806598,11.204440,90.251770,88.963150,119.815430,-0.101533
3.295457,3.339870,12.377975,90.849731,90.367554,122.146851,-0.540795
3.157703,3.010189,12.292069,93.125404,95.863335,113.697266,-0.272646
3.237929,2.885065,11.491469,93.389641,92.734756,114.444077,0.475042
2.950047,2.835003,10.809539,87.403267,97.330681,116.339684,0.645533
2.987402,2.995865,11.346325,97.009750,96.960487,123.642509,-1.300128
3.111533,3.263957,13.318027,90.194878,89.592003,120.012520,-0.638405
3.075049,2.932801,13.160630,89.924721,91.470383,121.464287,-0.687649
2.950307,3.298225,13.094143,89.343491,92.672440,122.109436,-1.287314
2.985661,3.234257,12.786348,99.602615,85.639191,120.277534,-0.582609
3.506551,3.072582,12.916903,90.263695,89.505196,122.194649,-0.018850
3.175133,3.025467,13.306374,90.540688,90.003860,120.526680,-1.027093
3.389890,2.835571,11.230788,90.545166,91.842178,121.193909,0.233765
3.099437,2.942715,12.296865,94.280426,93.590347,113.667992,0.975122
3.087832,3.103037,13.328788,90.184875,89.638420,119.924133,-0.217280
3.226469,3.052787,13.186586,90.164536,89.930641,119.696388,0.524750
3.284933,3.058626,12.303689,91.518082,90.793617,116.168526,-0.305718
3.035779,3.160112,12.238778,86.902069,86.634163,115.746796,0.160738
3.067030,3.073297,13.246653,90.257812,90.377556,120.482826,-0.846094
3.368064,3.293780,12.907623,88.511375,91.269279,120.824059,0.119328
2.730770,3.318168,10.752326,89.072830,88.531876,118.653458,0.371334
2.936543,3.220315,12.623511,96.168159,84.937912,120.399849,0.102448
3.171169,2.867906,12.882248,89.983124,89.778877,120.206505,-0.225884
3.381061,2.908393,11.759422,89.384727,89.903320,119.537727,-0.513500
3.149199,2.881721,12.337994,97.213699,94.689400,124.291786,-1.029793
3.274841,2.763289,11.189096,91.895859,90.446381,117.084564,-0.419175
3.085160,3.331830,12.036146,90.432083,90.419968,120.243088,0.342916
3.410455,2.990938,11.788292,88.185562,90.366646,119.568214,-0.139771
3.268814,3.225799,12.553751,89.531029,89.858643,119.354492,-0.525088
2.939768,2.748297,12.555029,92.754219,94.184547,120.751595,0.983317
2.850838,2.613140,10.098014,87.469772,104.174095,125.313972,-0.116763
3.122990,3.176680,13.397853,91.146652,90.079201,117.502914,-0.067319
3.147002,3.132891,12.817184,87.953133,92.994080,122.306152,-0.508775
3.030540,2.919174,13.060305,88.512421,88.351189,118.847847,-0.356149
3.046335,3.020868,13.077376,89.140762,89.473228,118.814919,-0.716356
3.150702,3.248204,13.344693,89.813133,90.229942,120.037079,-0.141157
2.825075,3.010152,12.866120,91.125496,89.863785,121.609909,-0.237157
3.320873,3.017275,12.013297,89.665855,88.077225,118.651772,0.647687
3.085449,3.129014,13.358296,90.108963,89.546089,119.868355,0.037154
3.340068,2.948942,11.605452,90.825127,90.362778,119.814377,0.721508
2.957010,3.404124,11.966457,89.538162,89.339859,118.479736,-0.472453
3.164532,3.193242,12.086835,89.297203,89.203705,118.824348,0.550439
3.172268,3.120993,12.041972,89.867943,85.085167,118.887947,0.371338
3.089245,3.156296,13.328999,90.054970,91.612099,120.754654,0.185376
2.807783,3.007967,10.666848,91.616241,93.594772,118.807434,0.080103
2.741689,3.233402,11.264354,93.576370,74.103905,121.512154,0.306249
3.504182,2.757242,12.287699,89.466873,91.021423,119.344101,-0.052314
3.109153,2.857856,11.700990,94.072914,82.715393,109.957146,-0.147965
3.285504,3.309243,12.897813,89.466492,89.719841,119.749763,-0.759226
2.885673,3.260425,12.779634,90.604256,90.312408,120.785835,-0.154972
3.263428,3.326795,12.275476,89.432838,90.426308,123.097717,-0.696325
2.957352,2.775614,12.099823,92.725273,91.408699,121.309929,-0.466053
3.389037,3.187576,12.883340,91.518616,90.294380,122.675728,-1.085554
2.837900,2.829461,13.102102,91.072281,88.970940,124.145882,-0.096899
2.589001,2.582962,10.512706,100.356316,79.848488,110.445969,-0.205297
3.269164,3.255071,13.331231,89.020653,90.488914,119.050751,-0.418540
2.837739,3.179517,11.645410,81.124153,102.390137,115.311501,0.220571
3.236850,3.302801,13.382870,90.503731,90.750694,120.968628,-0.159022
3.223533,3.330549,11.869314,91.558907,91.416458,125.912941,-0.332031
3.072483,2.827703,12.629692,88.614586,88.078369,117.891708,1.047355
2.921813,3.058749,12.852174,92.413292,86.907425,122.371437,1.131123
2.900997,3.178707,11.168810,87.086807,88.149124,126.311218,0.599566
3.065951,2.853261,10.880247,89.565208,90.227127,115.414062,-0.100812
3.414331,3.225085,13.030168,90.706329,90.798775,121.662788,-1.035036
3.110165,2.784221,10.893235,92.844185,96.208374,122.610397,-0.482199
3.098184,3.286927,11.719934,91.534088,90.198463,122.067108,0.495310
3.302207,3.207217,11.800225,86.665466,93.546387,123.145699,0.556332
3.086513,3.145085,11.554055,89.862396,90.263237,120.188759,-0.302400
3.351558,2.855852,12.817820,91.012642,92.841652,124.052673,-0.895948
2.988272,3.255640,11.871355,87.181068,89.333122,116.779724,-0.554866
3.431485,3.121465,12.946163,90.201469,90.386673,120.877518,-0.446302
2.875845,3.021872,10.734624,90.610420,89.256310,119.353699,0.062579
2.801634,2.996970,11.941784,89.633461,81.577751,117.785736,-0.540471
2.711234,2.667594,12.084441,87.692589,89.315010,116.723846,0.039988
2.994228,3.133023,12.179392,97.590973,90.858871,111.748276,-0.478871
3.120853,3.278745,12.303948,89.679871,89.976501,118.502998,0.477174
3.035221,3.220918,12.541781,90.052475,86.894753,125.747177,-1.010731
3.080432,3.473615,12.921304,89.460945,88.197525,122.574371,0.411263
3.079602,3.097078,13.060919,87.486755,94.475861,120.800041,0.324809
3.175332,3.188281,12.185183,90.341194,88.857910,119.099472,0.087893
3.075273,3.413432,12.636841,89.188332,87.912788,118.541756,-0.138240
3.211621,3.037612,11.381332,90.886559,91.469254,121.712387,-0.080774
3.445825,2.679861,10.862437,89.845589,89.263550,119.256645,0.490777
3.182194,3.351136,13.104084,89.570770,91.299408,120.386108,0.739969
2.808080,2.813942,12.140906,95.576485,84.715828,118.481003,-0.069988
3.244326,3.074001,12.690871,89.390091,91.962837,120.640747,0.094196
2.853761,3.067603,12.446027,93.377159,85.146729,120.557884,-0.917965
3.012129,3.207998,13.051793,90.380829,90.700584,121.128922,1.085813
3.332487,3.248316,12.996154,91.542877,90.853722,122.151779,-1.275338
2.885479,2.987171,11.516427,90.653397,92.014778,118.887093,1.218295
2.831181,3.136446,12.372251,87.951416,88.658958,118.040512,0.005870
3.390930,2.987796,11.537456,90.920685,90.135193,121.015862,-0.366279
3.222942,3.248459,11.570301,87.281342,91.882416,129.535187,-0.395216
2.908962,3.409943,12.234404,96.044769,88.596954,121.799805,-0.183908
3.314038,3.102542,12.120393,90.189690,90.147003,120.159897,0.105637
2.825974,3.092814,11.053903,87.784996,87.752800,115.676613,-0.084970
3.380356,3.208250,12.380473,89.851334,91.433754,122.141556,-0.520465
3.295152,3.211127,12.023229,89.696602,90.513489,122.006203,0.451527
3.241428,2.926346,11.362906,89.557884,89.462791,119.570045,0.941921
3.283734,2.928945,11.423530,93.894814,90.234497,123.241455,0.151803
2.853240,3.034690,12.183035,91.868164,87.849129,121.683586,-1.207328
3.110323,3.345873,12.937588,86.200394,91.238510,121.643692,0.169763
3.322757,2.710100,11.238648,88.911667,89.498161,118.463875,1.114492
2.948458,3.180844,11.997720,88.527664,96.265480,113.196175,-0.287967
2.882432,2.816675,12.982973,90.357254,90.798286,118.073814,-0.123189
3.317463,3.150201,12.533566,90.964569,87.473419,117.983032,0.732890
2.861942,2.831570,12.591528,86.673035,89.127274,113.485397,-0.272935
2.668856,3.237305,11.132884,92.216179,83.080833,118.776207,1.316963
2.858891,2.696195,12.605771,93.074867,86.614410,114.187790,-0.158480
3.081208,2.919136,11.095113,89.502289,89.833969,118.999214,0.262543
3.146813,3.107453,13.259620,92.408310,91.826210,117.937859,0.938695
3.313229,3.225137,11.171360,87.390976,96.772774,129.408142,0.306507
3.250533,2.986178,12.063318,95.083824,98.489967,118.146500,-0.376561
3.378418,2.778276,11.496646,88.935555,90.822037,117.857925,-0.701995
2.764066,3.303579,12.018082,91.298096,89.528366,122.072281,-0.525965
2.589041,2.572527,12.046241,92.888420,90.009880,122.456116,0.505402
3.186125,3.272590,13.232130,90.451118,92.001503,120.103294,0.794845
2.953433,3.476128,11.900582,94.281136,90.152382,127.410545,-1.205242
2.855673,3.067832,12.809973,89.698982,89.168541,119.973969,-0.189047
3.221410,2.925850,11.432487,88.111252,93.422958,116.872292,0.125374
2.654567,3.261023,10.802558,89.868858,86.053986,115.098503,0.424329
3.398081,3.000244,12.107084,89.995567,89.595345,120.179077,0.823924
2.723370,3.295865,10.651789,87.964745,88.719322,126.892876,0.871289
3.115176,2.998609,12.339081,85.282272,85.496437,116.875374,-0.471812
2.953198,2.934854,11.090445,88.330849,89.884254,115.353394,0.530893
2.897158,3.310173,11.648737,86.294739,94.297302,115.878891,0.778991
3.110640,3.135879,11.550228,89.353966,92.261803,122.562256,-1.188009
2.916556,3.145844,11.772961,88.691002,86.601349,114.155823,0.242175
3.078298,3.405227,12.468451,90.604446,90.299042,120.495316,1.130570
3.246485,3.314882,12.498123,84.918297,93.155724,123.080391,0.167271
3.159089,2.934294,11.124933,90.565262,90.154373,120.501007,-0.416706
3.090440,3.402534,12.967882,90.669243,89.713875,120.847244,1.084765
2.995911,3.103219,11.407091,89.981560,89.332298,118.641022,-0.462770
3.597987,2.922326,12.911255,89.651443,92.545647,121.496223,0.544295
3.452551,3.136392,12.747622,88.296700,92.407349,121.048233,0.201121
2.971260,3.288097,11.231355,90.440895,91.337860,123.249107,-0.027297
3.030941,3.192761,11.512334,93.449287,93.903389,122.060020,-0.202384
3.461567,2.848476,11.299007,86.330833,95.536507,120.799301,-1.080534
3.265246,3.011844,11.351199,91.562553,90.869522,122.696724,-0.169783
3.373158,2.822834,12.982844,89.700226,91.792694,123.300583,-0.605923
2.961157,3.139240,12.941074,94.119469,90.360001,114.503815,0.721553
3.329753,2.726115,11.973498,90.255180,92.057625,122.098389,0.813677
3.210757,3.302704,13.316739,89.884331,89.445091,119.446823,-0.921899
3.213990,2.935344,11.285322,89.710846,95.491425,122.268280,0.388371
3.226274,3.184940,12.773849,93.489830,86.758629,126.158028,-0.159117
3.235875,3.313891,12.775512,89.424095,90.337761,119.873779,0.950234
3.194264,3.266758,12.117970,89.918640,90.830345,121.037514,-0.820522
3.086947,3.229116,13.061900,91.038223,90.802757,120.346146,0.701441
3.336534,3.032746,12.647775,82.720291,90.582664,120.078300,0.342910
2.849728,2.909430,12.668095,81.654030,92.266945,114.640785,-0.333735
2.984545,2.890079,13.080516,90.917801,93.360809,115.715248,0.744011
3.460458,2.723715,11.253935,89.401588,88.574623,118.617867,-0.135416
3.248055,2.930890,12.114996,88.089417,86.838211,116.662399,0.317483
3.221404,3.367452,12.845963,90.135300,90.499001,119.896111,-0.082390
3.026994,3.385847,12.741725,90.571411,85.723694,119.158829,0.694044
2.715209,2.735515,12.093074,82.441025,91.333954,113.106369,-0.014388
2.998435,2.958320,12.583779,88.050285,85.317223,111.714325,-0.357496
3.089689,3.277856,12.578142,87.396545,87.294411,125.886520,0.252502
3.231813,3.142625,13.167461,90.903908,88.701683,117.620705,0.988912
2.740611,2.856439,10.067944,87.281677,88.276299,116.982994,-0.382610
3.079301,2.799319,12.720772,90.559036,91.043022,121.082222,0.244061
3.118083,3.062295,13.052832,89.622467,92.384598,120.611755,0.059786
2.884082,3.280671,11.283105,90.230881,98.119637,121.640190,0.134169
3.342950,3.145289,12.937660,84.360855,89.866516,121.166489,0.128706
3.314241,3.033756,11.782664,89.376740,90.051773,120.233307,-0.138290
3.250404,2.502925,10.140564,89.124863,89.254745,118.273376,-0.583722
2.884257,3.044727,12.130133,93.536369,94.750534,126.391365,-0.084960
3.023817,3.293989,12.186629,90.814690,91.212334,114.283173,0.560416
2.993452,3.099450,12.664110,92.025208,91.989418,120.956894,1.157418
2.757749,2.926414,11.065061,91.768196,81.503822,117.588135,-0.170068
3.155903,2.879437,11.076369,84.738121,92.893784,120.805161,-0.204339
2.955884,3.200873,13.044381,90.930161,89.238785,119.552010,0.970492
3.151824,3.064726,13.215223,90.330025,89.244408,120.456558,0.781535
2.882554,3.360099,12.106947,89.574013,89.785843,119.632706,0.935690
2.831525,3.059166,10.629942,90.230400,90.836418,120.200928,0.484310
3.264942,3.283946,12.907094,89.894684,90.187813,120.105804,1.077774
2.869350,3.266515,12.337626,93.247231,89.363182,120.635300,0.637896
3.109219,3.247645,12.657961,90.858978,90.572571,115.452370,-0.696163
3.333407,2.983705,11.292778,91.706856,92.200958,123.099190,-0.143364
2.873956,2.914048,11.489164,99.543327,87.709320,110.726891,-0.794740
3.053970,2.996691,13.278207,88.292427,89.100166,118.200256,-0.519115
3.207095,3.122003,13.185243,90.926849,94.485062,124.083389,-0.279339
3.087854,2.845052,11.055633,82.265900,82.158104,121.413223,0.321009
3.084219,3.462466,12.741133,86.073502,88.922737,123.864250,0.600339
3.198077,3.197701,12.688533,96.380112,85.996544,125.042458,-0.805529
2.956626,3.114757,12.050156,78.011192,94.133080,116.983345,-0.101068
3.361813,3.130265,12.188789,91.035324,90.146622,121.173035,-0.133091
3.338024,3.117510,12.365735,96.714554,82.322891,124.641243,-0.712991
2.770363,3.367175,11.602532,90.429207,97.265480,125.050644,0.899817
3.554758,2.831814,12.242288,90.007828,90.117302,119.820305,0.235955
3.216207,2.918283,11.462430,95.962654,89.712029,115.997017,-0.573785
2.893037,3.512546,12.281560,89.581055,91.323311,120.707748,0.226198
3.412081,3.324406,12.773525,93.280640,86.421043,124.300041,-0.047487
2.716182,2.940059,11.642186,95.646713,74.293266,123.147858,0.397414
3.182735,3.322218,12.862362,90.945435,88.806305,117.971741,0.594320
3.138507,3.122737,12.752617,92.198959,95.735123,123.429420,0.270268
3.079963,3.322835,13.290576,90.614143,91.422424,118.702950,0.609358
3.392776,3.092759,13.049809,89.775795,90.148125,119.259842,-0.246935
3.262977,3.208067,12.784138,89.576645,90.502022,116.849411,-0.293067
3.355651,2.866990,12.093673,93.516632,85.364723,118.109306,0.405280
3.004679,3.270133,13.288415,91.163292,90.438492,121.537659,-0.335099
3.143701,3.209375,11.201293,88.739113,94.190514,126.858925,-0.552155
3.276660,2.896632,11.501887,90.844833,90.373009,120.618790,0.971362
2.825973,3.314691,11.124959,88.480507,86.844559,123.817986,0.201568
3.082571,3.201128,11.592769,90.345016,90.184158,121.049255,-0.145974
3.229625,2.634354,10.345503,90.158142,90.938980,119.186882,0.230343
3.317551,3.222810,13.261295,90.018402,89.571510,119.984406,-0.079168
3.114176,3.191334,11.748949,91.621605,87.495506,123.015434,-0.990791
3.249176,2.966830,12.694199,90.802483,93.628975,118.015739,0.920134
3.268389,2.998369,12.880890,92.109276,93.697281,120.923317,0.419512
2.945528,3.208347,12.891852,88.335098,90.667107,121.024574,-0.016807
3.209297,3.000719,12.911612,90.847961,92.459198,118.540367,1.004436
3.391695,3.062988,12.354321,89.916695,89.861717,119.667900,0.056012
3.289562,3.008493,11.569750,88.731789,91.416573,121.013840,-0.714190
2.883035,2.855251,12.231912,91.899323,84.433159,110.013046,-0.290532
3.345892,3.194933,11.929132,95.983208,93.182076,127.536461,0.167125
3.088325,3.210781,11.882576,88.683174,79.792412,123.901459,0.473220
2.745969,3.437157,10.700175,91.831024,88.023064,125.013123,-0.740864
3.019273,3.186000,11.607585,85.841141,91.116211,116.864052,-0.019629
3.134845,3.501070,12.815750,90.134628,90.962898,121.173515,-1.034472
3.182670,3.289636,12.449359,89.751167,89.215340,118.120285,0.872192
3.039120,2.934628,11.462324,94.999489,85.877541,113.077065,-0.221481
2.916806,3.235139,12.246606,96.700302,87.404327,122.567139,0.474297
2.935175,3.434801,12.165753,87.586075,90.290573,118.768631,-0.263198
3.259932,2.461032,9.927746,91.397964,93.157555,119.188934,0.559140
3.329351,3.180795,13.121243,89.431023,89.828995,119.633705,0.139957
3.321662,3.159316,12.032344,90.478363,90.959190,120.773216,-0.324582
2.777836,3.042055,11.711595,89.703316,86.077797,120.793541,-1.108877
3.205625,2.915430,11.332461,89.102806,87.752983,116.549957,0.584640
3.308688,3.201235,12.365463,89.977768,89.662643,120.319962,-0.244941
3.195111,2.717773,10.488032,90.026802,80.385399,126.237175,-0.042616
2.774399,3.092698,11.343622,82.102852,84.509583,115.644691,0.126318
3.238419,3.125251,13.347731,90.364212,92.176903,119.891090,0.616465
3.174120,3.069243,13.115815,89.805367,89.418411,119.763275,0.728737
3.035282,3.070209,13.113984,92.563431,89.412910,115.332108,-0.221990
3.298095,3.312800,11.721847,87.175346,94.710609,128.941589,-0.359185
3.051706,3.126981,11.403231,91.227333,90.343536,119.442078,1.067415
2.957391,3.318978,11.637801,90.381851,89.984024,119.629921,-1.038870
3.249085,3.315215,12.600769,90.510139,91.290207,122.100403,-1.099317
2.996139,3.023616,13.145671,89.109802,88.955505,118.361313,-0.066715
3.119428,3.417642,12.104065,85.729996,89.809616,125.875679,0.005153
3.022512,3.121732,11.581149,94.836060,91.164001,117.605927,1.063931
3.102705,2.993754,10.829043,90.746880,92.551025,124.614830,-0.569188
2.979124,3.302643,12.735800,96.207909,86.972923,124.333267,-0.097842
2.769249,2.998783,11.650619,89.115967,86.125809,108.308884,0.094071
2.860257,2.950215,12.551443,93.568260,82.467331,119.844688,-0.273568
3.474934,2.931532,12.444923,90.568298,88.563789,119.365456,0.519278
3.229063,3.142680,13.159712,89.797768,91.441040,120.127197,0.942326
2.915237,3.319728,11.158245,88.636421,93.770973,123.430939,-1.080308
2.907970,2.916805,11.304762,87.693787,95.849686,108.143669,-0.922371
3.408857,2.940344,12.352215,92.412483,91.360466,117.916229,0.070258
3.263965,2.992628,11.865220,90.174324,89.392532,119.609726,-1.083098
2.968198,3.241274,12.938062,89.815956,90.056137,119.707176,-0.258788
2.906926,3.138122,11.820710,87.511780,98.339600,114.721474,0.256052
3.208033,3.144704,12.590614,84.257057,85.304535,120.197121,-0.253913
3.163774,2.949394,13.183352,88.939110,90.561653,122.523834,0.519665
2.917488,2.945166,12.814346,93.555756,88.146317,119.364891,0.972267
3.183491,3.167531,12.028129,96.471642,89.738754,123.487549,0.732161
3.448374,2.906976,12.402635,89.569206,95.269409,118.106567,0.351202
2.974007,3.198012,12.389975,94.608711,93.058365,114.688606,0.519304
2.814841,3.295267,11.719674,92.590149,83.276299,119.332977,0.214563
3.378547,3.093813,12.742675,90.295181,89.976807,118.818657,0.590729
2.667604,2.842164,10.921749,90.907639,80.748611,107.543785,0.546539
3.296489,3.012653,11.556190,90.012421,90.524994,120.709877,-0.213857
3.055882,3.291513,11.902851,90.042076,90.585663,118.969429,0.092541
3.206125,3.264872,12.394107,95.026100,89.351730,122.961784,0.090288
2.924878,2.948868,13.043066,87.424477,90.486534,112.273575,0.703746
3.393988,2.718407,11.485895,90.298172,90.079506,116.487427,0.279313
3.237221,3.274725,12.301898,97.484238,88.698181,123.141563,-0.791268
3.186482,3.307251,12.657442,90.213768,90.042542,121.865593,-1.188900
2.893691,3.054255,10.507476,90.615028,90.247101,121.883614,-0.128258
2.902024,3.080873,12.990383,89.876472,90.038155,119.817551,-0.193235
2.946196,3.101507,12.514115,90.755791,83.992615,123.531258,-0.421640
3.090012,3.137882,12.135365,89.692924,93.901741,114.463127,0.541120
3.205575,3.329440,12.997321,90.081123,89.429199,119.656700,-0.720392
2.935020,3.323594,12.695146,90.344475,94.009857,121.114998,-0.408027
3.006299,2.945679,10.804373,81.442451,93.846375,123.065453,-0.173632
3.194155,3.167617,13.355391,91.903625,92.912491,120.854462,0.116602
3.191573,3.198281,12.161750,93.773651,89.694321,121.399704,0.645500
3.068107,3.155844,12.549321,93.638603,84.178062,120.053543,-0.595371
3.110077,3.001529,11.756131,92.366707,92.361771,122.518188,-0.095146
3.130780,3.184087,13.284247,89.886292,89.143173,119.793350,0.645324
3.020578,3.463728,12.801832,91.022583,90.676872,122.212524,0.758580
3.200831,2.905170,10.361425,88.932312,93.262001,126.818481,-0.101773
2.928295,3.307216,11.505919,92.260635,88.375580,118.799217,-0.078339
2.788600,3.103597,11.762976,78.700516,98.722565,116.107124,-0.295379
3.042202,3.123078,12.492659,89.721054,87.459557,117.317703,0.117170
2.994441,3.395230,11.795802,92.633949,91.667259,121.231949,-0.535681
3.127999,3.153522,11.200294,87.631912,85.022102,127.668976,-0.465407
3.216000,2.861601,11.148375,91.856728,92.173744,118.000557,0.494092
3.403060,2.846012,11.343325,90.039398,89.807457,119.843307,0.848530
3.312021,3.305073,12.882977,88.121460,90.950706,121.035561,0.600432
2.841964,3.133628,11.706148,91.349442,88.672401,109.483032,-0.321186
3.236685,3.249390,12.647252,89.768272,89.195343,119.172729,1.191064
3.039310,2.906430,13.030987,91.530289,93.223351,123.408630,0.582199
3.105204,3.332316,12.579573,88.719193,89.564003,117.892380,0.061384
3.211301,3.437163,12.208330,91.877159,89.885490,126.410065,0.246116
2.966383,2.857010,10.998949,87.945282,76.897385,126.393250,-0.402322
3.178401,3.257267,12.314877,90.609100,90.213455,118.984726,-0.388019
3.067060,2.911496,10.888095,84.035851,81.183594,123.877884,-0.441592
2.622641,3.085916,10.992929,90.532021,87.694199,119.278046,0.281850
3.376896,2.906206,11.579754,90.760826,89.584480,120.571228,-1.081436
3.353002,2.898731,12.480488,89.111992,90.695404,120.555016,0.875026
2.810095,2.934491,10.213091,90.318115,86.396393,119.470886,0.129587
2.934011,2.624216,9.973360,82.245308,80.335396,127.228569,-0.395423
2.916652,3.359705,12.701274,89.244095,89.629890,119.155899,-0.357991
3.080061,3.344366,13.140684,91.778862,91.086258,120.391861,-0.384037
2.966588,3.279268,12.931358,91.771713,90.836678,116.192688,0.388506
2.579575,2.980803,9.992259,84.860680,88.312027,117.002663,0.415998
3.291394,2.963783,12.138917,93.527824,95.476730,117.610878,-0.782207
3.348404,3.120100,12.864985,90.499130,92.312302,121.290810,-0.190506
3.193846,3.219208,13.337060,93.595406,86.582848,118.298370,0.303398
3.312958,3.253295,13.246207,90.244492,89.925156,119.966103,0.509073
3.251621,3.153713,12.149943,90.128464,90.060287,119.478775,0.979573
3.472250,3.010705,12.208049,88.665001,90.059517,121.054489,0.593475
2.828803,3.149770,11.403273,80.585350,91.075363,122.749092,-0.587815
2.841176,3.195893,11.464510,86.973572,85.207108,126.733185,0.342972
3.283756,3.176252,13.718088,90.043274,91.626541,121.588272,-1.158421
3.423616,3.205196,13.085278,87.039391,87.975761,124.145813,-0.067668
3.342726,3.133133,12.286275,90.537071,90.540833,119.093468,0.843511
2.984224,3.210738,12.862678,90.027466,88.481720,119.031097,-0.727399
3.512741,2.894373,12.358953,88.991074,90.308998,119.713623,-0.219061
3.050760,2.831006,12.337654,89.945724,89.622147,120.001083,-0.485729
2.841395,3.422034,12.226126,93.075470,89.125343,123.240837,0.374592
3.386640,3.071867,12.893224,87.856964,93.989243,120.362930,0.278958
3.177795,3.320937,12.496398,88.109123,89.416458,119.103256,0.495685
3.342988,3.070736,12.004284,93.591202,84.717194,129.667023,-0.442214
3.300567,2.924320,12.091943,86.400047,94.095261,114.113380,0.238365
2.705588,2.494587,12.392977,89.016022,86.633095,115.693863,0.186435
3.026805,3.193035,11.469682,89.418816,91.846802,121.020905,-0.863011
3.442836,2.946128,11.605143,90.837761,89.922455,121.926865,-0.831042
2.917795,3.366439,11.412379,91.717339,89.530418,122.229294,0.296100
3.363141,3.084494,12.800951,90.485977,90.341637,120.513329,0.764194
2.933712,3.069816,12.432934,92.506477,91.399635,108.369003,-0.267250
3.267827,3.084555,13.269793,89.127182,91.344910,120.154381,0.765418
3.111365,3.547862,12.937695,90.159126,90.290077,120.952324,-0.672126
