3.363027,2.783240,11.048217,86.126175,81.906540,126.939423,0.739566
3.431266,3.025993,12.401946,89.494789,89.416733,127.160530,0.636599
3.085157,2.846708,11.175920,84.504601,77.305138,117.293732,0.253353
3.829709,3.181291,13.200262,104.117653,97.298920,138.312561,-0.254378
3.279492,2.752188,11.701715,91.534019,80.829636,120.848541,-0.150373
3.284728,2.816632,11.639484,91.903778,83.597839,119.643913,-0.054477
3.449748,3.060613,11.754929,86.097961,91.617508,126.946426,0.970281
3.088306,3.142448,12.332559,89.813866,90.024017,119.923599,0.998534
3.174948,3.105224,13.880531,89.230576,90.954124,119.924728,0.843104
3.125922,2.925940,11.915953,83.957130,86.755463,114.849464,1.344055
3.246051,2.664188,10.383855,94.781845,82.180260,121.834885,-1.534204
2.905858,2.960921,10.893337,84.668083,91.143776,112.119850,1.819090
3.585661,3.022431,12.116428,81.204338,89.323967,136.581100,1.040657
3.714089,3.174664,13.028021,98.860291,94.276596,137.153748,0.613462
3.597684,3.468816,13.478829,94.140862,110.087227,141.390457,2.576663
3.408507,2.737475,11.531845,94.794914,85.115189,124.053688,0.761579
3.523888,3.006335,10.968757,87.376045,90.435982,130.670258,0.848604
3.567709,2.971532,12.746022,79.386368,85.496346,133.865311,1.575470
3.107937,2.770986,9.546969,87.500374,83.091476,113.836258,0.224033
3.095278,3.217674,12.199955,89.898300,90.739296,120.608513,0.013635
3.882818,2.915709,13.674239,72.928200,84.096664,143.227875,1.854618
3.635015,3.197403,12.806993,86.419281,104.993896,133.526810,2.496864
3.057641,2.932378,9.655577,87.732368,79.168442,120.442612,0.125696
3.426486,2.880337,12.572851,83.518845,81.233055,130.965790,1.456769
3.539053,3.067895,11.439599,85.756050,91.246880,131.342178,1.186630
3.239439,3.209679,14.321053,92.037544,96.901512,127.515266,1.949581
3.451228,2.970011,10.795915,94.591255,91.798798,124.585167,0.648581
3.298502,2.808213,11.081293,96.775551,86.820251,119.808968,-0.619488
3.424388,3.290216,13.799524,88.629272,98.460632,134.060440,1.756941
3.281582,3.082801,14.227760,88.509460,91.877296,121.357170,0.803383
2.652435,2.639196,8.466729,93.331657,95.943855,117.541939,-2.133790
3.109665,3.145791,12.431790,89.805817,89.976761,120.181862,0.942294
3.302424,3.022661,11.798806,87.437126,96.090706,121.009789,1.178697
3.307745,3.064679,12.693994,77.597153,90.948395,122.888702,1.448049
3.093920,3.163688,11.260108,90.109039,89.997246,120.484085,0.572205
3.096583,3.193351,10.984042,91.030502,91.041183,121.253983,0.280892
3.719372,3.085309,12.049634,84.545593,91.929184,137.599121,1.465867
3.345376,2.957934,13.077213,93.134109,83.828087,123.264160,1.346417
3.294366,3.189704,12.849892,82.937424,92.612617,128.677551,1.039552
3.635500,3.067564,12.260911,95.913307,95.760391,135.950241,0.335437
2.720490,2.983327,10.735263,81.384476,83.957428,111.812103,1.752750
3.101418,3.172279,11.427646,89.894630,90.469215,120.071716,0.022348
3.013405,2.789968,10.926697,89.865715,80.033371,111.610390,-0.321055
3.925633,2.923990,11.622330,102.933426,91.057503,143.551910,0.091566
3.049033,2.855863,12.008549,78.483948,77.623573,119.609169,1.629302
3.388515,3.067886,11.746511,80.313934,89.010292,133.355331,1.319930
3.098208,3.168031,12.162813,89.960632,89.928062,120.367874,0.728343
3.338374,3.193109,11.532769,88.293983,98.934517,132.105316,0.944828
3.748869,3.152071,13.396951,100.654137,96.522621,137.092377,-0.300711
3.927308,2.681180,9.554949,94.167061,83.710121,145.002533,0.249460
3.533020,2.745307,11.879564,98.222702,85.905685,127.779961,-0.381511
3.438340,3.128167,11.634579,84.065598,90.001358,128.824738,0.922824
3.093629,3.238917,12.056087,92.377869,97.854004,121.915085,-0.354903
2.993229,3.333870,11.306494,90.491402,87.444054,124.288216,1.563833
3.148681,3.076479,14.604678,87.031357,91.055443,119.379059,1.322670
3.503164,2.857835,12.663033,94.916534,85.772186,129.129089,0.226831
3.562531,3.106951,12.138885,90.792084,94.535027,130.580215,1.043100
3.167245,2.732079,10.874829,80.796272,77.644394,120.777657,0.843743
3.122368,3.098988,11.456155,89.990501,89.991402,120.064323,1.195472
3.663989,3.113122,11.780374,87.504478,90.077721,136.448608,0.831586
2.984348,3.167682,10.993608,86.842697,94.904884,117.373398,1.459441
3.327766,2.779361,12.449925,92.138016,81.985718,123.106636,0.247809
3.191915,3.215568,12.008466,88.037361,91.529785,119.248093,-0.448261
3.132044,3.224318,11.785253,88.255119,90.939667,119.254211,-0.759858
3.646748,3.170380,12.321707,94.312134,94.720154,135.177628,0.851677
3.979195,3.262987,13.477676,80.820000,103.049835,146.339386,1.958197
3.030288,3.154703,11.876031,94.584648,89.786331,123.344284,-1.122557
3.065626,3.273309,11.540918,90.953011,91.644737,122.719048,0.514593
3.026043,2.897943,11.282920,97.109909,91.143715,117.384628,2.252551
3.115311,3.026058,11.367361,85.321465,79.624039,124.840118,1.195490
2.984463,2.953233,11.636907,82.434082,77.980217,114.431198,0.088244
3.174625,3.097580,13.385303,84.178513,86.636360,122.633926,0.606274
3.217287,3.457838,12.036801,91.059288,107.769119,133.987152,2.427340
3.529516,3.046712,12.665552,77.943085,90.079681,131.072845,1.593733
3.040072,2.976255,11.178493,90.725288,86.271423,114.603287,1.259048
3.102912,3.234597,13.580658,91.135406,92.458473,123.495789,1.252274
3.386302,2.836598,9.755199,95.492035,87.444572,123.387825,0.650080
3.330267,2.754493,12.327362,74.640007,77.444893,126.860336,1.870905
3.121344,2.846572,10.748009,86.596375,90.494675,121.504318,1.005068
3.404299,2.985809,13.884419,94.318428,88.200142,128.381531,0.728796
3.133818,3.278844,12.731468,87.775452,96.251747,125.202156,-0.380612
3.075899,3.004585,12.525707,94.895752,85.400566,117.870804,1.947002
3.303966,3.167184,10.742826,91.007141,92.871346,134.035675,0.463294
3.662051,3.077801,11.687716,85.768524,91.949387,135.494812,1.303254
3.563045,2.919058,10.458275,83.024559,86.930656,136.709869,0.591528
3.455792,3.004545,10.993650,94.548698,92.928230,125.875374,1.046238
3.106556,3.278219,13.207057,89.118858,90.759949,121.323608,-0.329131
3.470171,3.158817,13.381888,77.998848,95.647301,131.605484,2.105704
3.783598,3.187852,12.610350,93.941666,103.274567,141.243011,1.384227
3.380008,3.162383,12.670477,89.750618,92.380699,133.195587,0.697754
3.074228,3.183557,10.621738,89.817421,90.817947,120.121964,0.284270
3.057539,2.975329,11.861770,83.987038,86.773521,112.288986,1.054798
3.202816,2.818293,12.014592,87.622719,79.198708,120.015724,0.795450
3.459185,2.846171,12.469107,94.140045,84.247108,127.923599,0.402082
3.123806,3.090123,11.082271,89.809540,90.011307,119.949585,1.148267
3.575717,3.120170,12.781162,93.979652,92.831490,132.213806,0.487373
3.111392,3.180902,12.556036,84.424995,85.799049,117.540329,-0.324457
3.085351,3.185377,12.888422,89.713066,89.913422,120.213692,0.770545
3.559464,3.114749,12.441395,86.694603,103.884857,129.219528,2.613497
3.103139,3.139480,10.640576,90.190712,89.765556,120.503593,0.571812
3.473246,2.842690,12.358211,96.144157,85.266922,126.971298,-0.481690
3.368853,2.863833,10.894604,80.647888,81.582962,130.071609,0.549819
3.333517,2.919937,11.035083,79.782188,85.518394,129.332809,1.088434
3.180483,2.835706,11.717635,83.773315,87.964935,113.510330,0.747289
3.627525,3.095156,12.359886,92.653961,96.726227,136.583038,0.910808
2.957755,2.949665,11.050243,91.011284,84.690872,113.099220,1.129370
3.322286,3.164534,13.665792,87.769135,90.058006,123.892830,-0.484220
3.339089,2.949383,12.162286,89.460312,86.228790,122.384789,0.572190
3.221344,2.966691,12.293243,90.607025,98.956589,120.105774,0.180269
2.994877,2.922667,10.415622,80.665634,99.118721,119.319427,-0.475514
3.106725,3.116805,10.961756,90.142426,89.953903,120.294762,1.012630
3.094035,3.225610,12.127765,90.364838,89.937027,121.311386,0.243363
3.204929,3.089358,11.580925,85.604492,95.511497,125.464745,1.237497
3.319780,2.916407,11.392187,91.737282,92.610626,121.805588,0.270135
3.271850,2.782836,11.513942,86.972198,79.368622,122.704582,0.846642
3.259612,2.895099,11.122969,83.027588,84.585022,123.874504,0.388686
3.502110,2.853814,11.521070,93.709793,84.414185,130.748260,0.273577
3.104219,3.104629,11.082831,89.793083,89.828835,119.707573,0.997087
3.152139,3.135747,14.067501,87.099548,88.068611,121.457283,1.343441
3.529940,3.130317,13.112177,76.447678,96.686447,129.319321,2.373511
3.123441,3.110695,11.841166,89.910522,89.973396,120.074982,1.133795
3.219160,3.130874,14.266294,86.050835,93.017632,125.416351,2.319162
3.352459,3.011110,11.726209,86.932587,87.593788,125.329048,1.136562
3.410671,2.861802,12.575740,95.554832,85.700378,125.802773,0.427112
3.551251,2.997121,11.860686,98.107643,88.439552,135.529419,0.394718
3.097125,3.109753,9.946284,89.974327,89.899612,120.378670,0.785121
3.113760,3.115113,11.495539,90.922913,87.152275,115.101082,-0.074631
3.291060,2.834352,12.212831,89.821678,85.841110,117.927376,-0.577560
2.581569,2.752924,9.965895,85.851128,81.530220,106.346390,-1.154451
3.122317,2.937373,11.767073,82.807533,85.030853,116.804939,1.528474
3.099724,3.145846,11.171200,90.198250,89.933960,120.454208,0.835450
3.069912,3.208727,11.217741,89.859421,90.607185,120.593323,0.321532
3.602645,3.128573,12.402757,94.195503,93.059074,133.471603,0.719202
3.176702,3.105067,12.931404,89.630424,90.791428,120.367889,0.607522
3.532381,2.804071,9.833477,96.124191,84.203468,132.927933,-0.056661
3.202228,3.069890,13.098839,87.328453,92.788551,116.380669,0.287566
3.089023,3.111826,9.719877,90.011787,89.873718,120.369942,0.845556
3.049628,3.128708,12.328425,93.976891,91.770645,119.525658,-0.694254
2.975231,2.836205,12.337223,79.316040,76.983704,117.939140,1.527381
3.326666,3.208924,13.699602,92.760918,95.305016,129.227219,0.684380
3.638052,2.974513,11.314578,84.042931,90.229477,137.347702,0.793056
3.685079,2.804877,11.375301,76.076584,80.319969,137.455154,1.085625
3.319415,2.978437,11.155989,89.932678,91.146965,122.381683,1.300147
3.166007,2.921740,12.659646,81.451286,80.503883,122.495064,1.302277
3.517483,2.865626,12.702369,97.396774,87.471191,126.537407,0.140416
3.093796,3.168718,14.569077,88.672768,90.898865,121.161987,1.611263
3.300616,2.831277,12.155301,97.576057,83.855263,120.979324,0.695627
3.626698,3.124702,12.271251,86.847031,108.759132,126.890205,2.793991
3.237904,2.833173,11.303686,81.865898,82.349098,122.324493,1.172125
3.128374,3.171188,13.514649,89.569992,89.502914,120.488022,0.541563
3.782374,3.067209,12.390591,100.569214,93.743805,142.021759,0.190757
3.693278,3.197633,12.718406,93.252190,99.939980,140.482269,1.266582
2.713536,2.831699,9.968610,80.451653,101.070839,118.327690,0.286700
3.096162,2.832607,12.341610,95.859261,87.883934,119.287338,0.155737
3.103679,2.643569,10.150403,79.989883,78.568375,112.883568,0.732587
3.101168,3.128990,10.622376,89.820236,89.796883,119.933502,0.613223
3.538967,2.713834,8.740721,88.204269,81.883209,138.410370,0.656717
3.490770,3.114503,11.352400,89.686760,94.535706,135.247986,0.774283
3.427466,2.852105,11.917304,78.938873,80.798622,131.559052,1.075010
3.512545,2.932680,12.007933,82.404900,85.429459,131.992935,1.267396
3.107056,3.137874,10.734825,89.630730,89.748772,120.098091,0.401003
3.205523,3.074721,11.010946,93.864380,96.253761,122.005753,2.104518
3.116619,3.102363,11.465280,89.705055,89.876213,119.748116,1.065073
3.131027,3.064933,10.721708,87.986778,90.697815,117.404640,0.139492
3.434351,3.091140,12.092172,90.697250,95.216644,131.173569,0.742147
3.169167,3.191061,13.314804,83.625107,90.893806,117.125656,-0.422079
3.775667,3.186869,13.184740,77.401627,95.341469,139.004257,1.735397
2.992902,2.756020,11.275973,80.695450,82.711632,108.366158,0.244409
3.058069,3.366049,11.833763,98.058395,95.502975,126.051865,1.918746
3.512808,3.043199,12.373412,86.476295,103.255211,124.015892,1.745381
3.119500,3.103696,11.121053,89.668465,89.885857,119.887009,0.921111
3.479142,3.002948,11.520029,84.463615,87.657448,130.198059,1.054363
3.170226,3.126250,10.123187,94.137276,93.897568,122.656853,1.720116
3.915146,3.219835,15.334455,75.556763,96.266693,147.413162,2.375322
3.185761,2.819869,10.293998,89.852356,82.132278,118.590324,-0.945287
3.524186,3.091763,11.829649,89.269989,91.799133,130.784210,0.813508
3.098620,3.147114,11.237783,89.938515,89.919594,120.061096,0.473829
3.305975,2.858478,10.278957,85.417732,80.350395,129.362991,0.344869
3.485567,3.033593,11.815487,89.811096,99.690552,132.772339,1.822150
3.271413,3.076737,12.347417,77.546906,92.889412,122.269028,1.839671
3.105118,3.132061,11.556428,89.925941,89.778831,119.960579,0.799780
3.199900,2.963497,11.913016,84.092140,89.758385,111.922302,1.421450
3.289548,2.845354,11.042230,94.243752,85.517296,121.224251,0.548781
3.297865,3.079098,13.660926,86.893303,97.332085,120.762825,1.127314
3.318860,2.914860,12.578063,88.297653,86.579254,123.494301,-0.316410
2.878621,3.122883,11.507229,83.986313,96.829964,113.318726,1.059979
3.310031,2.780114,11.761568,91.195923,83.390999,118.715714,-0.284464
3.564010,2.806102,9.577274,88.589165,82.460098,136.371567,0.304771
3.567323,2.786107,10.709663,82.783974,77.570724,138.513977,1.181787
3.603133,3.134363,11.433763,88.390846,94.526863,141.822464,1.078976
3.379066,2.984910,11.568273,84.885040,101.714989,119.270912,3.096215
3.557140,2.657773,9.585807,80.803040,78.094131,135.671127,0.672754
2.897671,3.452564,11.766352,89.201233,87.821579,122.676758,0.951304
2.952088,2.785485,10.506091,86.266174,87.078789,110.081184,2.096634
3.396817,2.882472,13.547335,93.413338,84.546150,125.029839,-0.103982
3.314077,2.935405,12.410329,88.809380,84.091438,122.295105,0.681390
2.452750,2.995491,10.730750,81.853279,80.642960,106.306015,-0.053519
3.668456,2.779053,9.762401,93.046722,83.011650,137.939987,0.314682
3.104437,3.198762,10.623488,90.086845,91.745033,120.754311,0.008681
3.312561,3.243315,12.015430,90.820984,91.934189,133.772461,0.762288
2.617490,2.848018,9.370060,84.074867,91.468277,113.586319,-0.930859
3.888746,2.693393,10.630814,80.246094,75.836433,145.257950,1.005245
3.107844,3.135149,11.365330,89.816383,89.667320,119.683868,0.078379
3.327395,2.939968,11.819733,83.477463,91.848862,125.024063,1.482849
3.252323,3.309106,12.558936,100.385368,98.036247,128.234573,0.997133
3.460250,3.355528,13.062912,88.098518,102.952423,136.065948,2.043217
3.112664,2.850590,11.263133,98.929916,86.175201,116.304710,-0.174727
3.167503,3.050175,14.466877,85.944572,93.261673,119.130646,2.178673
3.594307,3.147682,12.116993,92.025421,92.515808,132.479980,0.152011
3.494478,3.050079,11.554945,83.227440,90.008850,129.736328,1.362099
3.093189,3.109992,9.744822,89.675529,89.640678,120.039223,0.574571
3.104512,3.105113,9.386029,91.552376,91.358353,121.240898,1.365923
3.100526,3.135896,11.104856,89.999504,89.961937,120.228668,0.816338
3.512632,2.958972,11.970924,84.070595,85.917953,132.215302,1.292045
3.561017,2.644552,10.000838,98.702316,84.772629,130.779724,-0.002667
3.027146,2.887816,10.458763,92.899704,80.380707,118.955780,-1.116046
3.174867,3.098939,12.506405,86.840698,84.401566,119.867722,0.100953
3.106963,3.102943,10.044996,90.148720,89.918488,120.408340,1.003493
2.955799,2.967049,9.435873,78.626907,99.074188,121.794060,0.566997
3.312527,2.951429,11.941882,80.976288,91.429283,122.253998,1.167901
3.417103,2.963817,11.747937,82.881111,86.783836,128.493729,1.198450
3.177880,3.143541,12.480443,78.160957,91.789040,121.480499,2.128938
3.355166,2.961812,11.483697,80.599380,86.828148,125.134773,1.431383
3.489564,3.248922,11.917502,90.715469,99.852379,137.551041,1.450933
3.497293,3.116984,11.834386,90.728699,90.356712,128.331787,-0.254393
2.985219,2.700776,11.246086,91.984360,90.716034,114.913292,-1.546785
3.228769,2.933902,10.499810,91.240196,79.289642,126.115570,0.530875
3.225843,3.187786,13.932178,86.855637,89.161171,120.981628,-0.607186
2.921246,3.169472,11.247999,83.162888,99.178688,121.931656,-0.194640
2.556293,2.791922,10.365489,93.537819,92.056015,114.888382,-0.481924
3.751307,3.085877,12.007688,88.609741,91.468529,139.950150,1.157149
3.074143,3.241598,10.692779,91.852013,92.800888,122.970337,1.073008
2.999816,2.773853,11.200973,76.288795,76.767220,117.555962,1.358631
2.875960,2.818355,11.018407,89.185333,77.792473,111.764656,0.379337
3.108424,2.868155,10.269413,83.621895,78.184967,120.334427,-0.246654
3.145344,3.136662,12.826091,89.253326,90.429070,119.834999,0.379686
2.914280,3.014699,10.888111,87.230583,82.867218,112.016533,-0.111137
3.397982,3.060696,12.707327,78.190979,93.986237,125.358902,1.696128
3.087611,2.851382,11.458753,91.155624,81.987350,114.503365,-1.386250
3.317837,3.002379,9.643835,87.879486,85.969055,131.539734,0.274920
3.080660,3.179014,10.910215,89.892639,90.157455,120.136559,0.310489
3.363669,3.037247,11.695157,85.336884,91.416779,123.943901,1.165350
2.926520,3.006208,10.849722,83.485222,85.446907,113.265457,-0.583684
3.800959,3.270756,13.260272,98.869759,104.342178,137.944611,1.463970
3.537432,2.916012,12.585487,95.268044,87.960670,131.111633,-0.098880
2.954934,3.031456,10.295949,100.536812,91.336128,131.692932,-2.279752
3.193097,3.292291,12.266347,95.668701,96.846100,124.232780,0.019269
3.114000,3.147774,11.962709,89.738770,90.003555,120.110992,0.656694
3.197505,2.919302,12.852118,77.734612,80.622665,126.648071,2.247767
3.398818,3.004181,11.215163,93.599350,92.761284,133.751740,0.569161
3.043523,2.819492,9.024553,87.721359,87.866562,113.305077,2.222419
2.900288,2.947182,11.218043,87.738754,93.857780,113.595840,3.168949
2.984805,3.030391,11.718763,81.680267,91.185699,116.583122,1.712963
2.952786,3.041770,12.331769,83.883316,81.918564,119.862579,2.376090
3.100951,3.145301,11.951985,89.245239,89.818398,119.169586,0.458148
3.290339,2.864043,12.159291,87.811234,82.853508,124.810150,0.871500
3.350734,2.781368,11.863249,76.030655,77.107704,129.019104,1.354187
3.816811,2.780680,11.767046,76.998550,77.889366,141.686035,1.420143
2.903363,2.729413,10.492558,81.448608,78.256012,106.977997,-0.260140
3.129931,3.141493,13.400985,89.282059,89.801643,119.682541,0.630189
3.549346,3.110088,11.806659,91.276489,91.352921,130.014038,0.044079
2.977801,3.058981,10.882619,85.672745,98.886452,119.742111,0.364560
3.235986,3.016632,12.726599,81.537361,95.508919,119.190544,1.296883
3.281953,3.066224,12.313213,77.779076,91.640114,125.001350,1.844133
3.293046,2.903609,12.554562,81.928955,80.550827,125.975525,1.482258
3.117163,3.391011,13.432343,96.217590,96.171516,129.868103,1.372573
3.184176,2.706248,10.002209,89.491096,79.798050,121.768517,-0.274055
3.121984,3.129904,13.134114,89.709091,89.942757,120.057747,1.059848
4.371410,3.672446,10.095401,123.928307,119.215897,164.014709,2.625357
3.383376,2.915269,11.468934,88.580223,87.659569,128.980881,0.521660
3.337205,3.174872,12.512266,78.569939,91.159981,126.024055,1.412925
3.563785,2.786241,11.249618,80.882965,82.530014,133.979492,0.930055
3.520119,3.083560,12.923449,92.347397,92.421730,128.824524,0.210806
3.973942,3.345531,13.740013,94.346535,113.578400,147.727798,2.715363
3.591869,3.130216,13.032879,89.657188,100.303345,129.738998,0.978505
3.332044,3.003897,12.304341,92.822250,91.763741,127.719261,0.017815
3.681081,3.144165,12.072388,99.808922,95.879303,134.756714,0.586273
2.976024,2.974267,12.250791,80.717773,83.867035,110.003693,1.348463
3.135895,3.119204,13.238545,89.583946,90.059189,119.909119,1.036784
3.109344,3.110645,10.542382,89.957451,89.940071,120.148033,0.787128
3.095627,3.227888,12.113765,89.314774,90.127907,119.915985,-0.399787
3.146604,2.705401,10.574263,86.436028,90.829926,122.049469,0.941573
3.659501,3.253179,12.774418,85.985413,109.836647,131.385056,3.122911
3.060467,3.236982,12.638760,86.242516,89.071068,126.321411,1.617588
3.507547,2.904221,13.206534,95.341125,87.075928,129.509903,0.337731
2.857131,2.749336,11.081873,78.987206,76.894615,108.123154,0.168647
3.187736,3.383372,12.846673,101.344879,105.213600,130.286423,2.564985
2.851664,2.902859,11.968506,87.289688,91.262848,123.003799,-0.280469
3.448016,2.915962,12.264458,92.827240,88.253220,127.783089,-0.607124
3.140745,3.045990,12.395387,82.960617,88.673256,114.759727,-0.409763
3.117278,3.073797,10.828488,89.451942,89.867470,119.465805,1.215223
3.536953,2.920357,11.448094,81.934532,84.047424,136.290787,0.803581
3.084177,3.217207,11.268946,89.703949,90.477966,120.825974,-0.072202
2.854932,2.641407,10.346759,81.035233,81.257637,107.052132,1.808834
2.772269,2.718912,11.604246,74.759224,77.986031,103.081596,0.231900
3.127895,3.132472,12.893942,89.777580,90.195549,120.381721,1.216240
2.923808,2.740428,10.677369,80.345009,83.457397,108.331253,0.929480
3.644394,3.129789,12.237771,93.141983,98.419525,138.862198,1.200676
3.161532,3.250972,12.891328,87.862885,87.507057,129.088791,1.417510
3.274755,3.129431,12.361832,98.580154,96.226204,124.545578,0.156868
3.591161,3.116130,11.532603,90.223877,92.775589,133.321991,0.986400
3.410679,2.783779,11.699997,81.755310,80.654945,129.243057,1.203582
3.439268,3.005349,12.008747,80.333069,87.814384,128.372955,1.395856
3.105122,3.143985,11.733925,89.981903,89.712555,120.064636,0.596480
3.579922,2.624476,10.324284,102.812553,84.745399,129.051254,-0.112334
3.120120,3.263338,11.487525,93.464867,93.197746,123.853195,0.757987
3.057152,2.947205,10.519249,87.991135,90.031120,114.293526,0.954575
3.712741,2.964798,12.659871,80.646889,85.282440,138.895157,1.593472
3.549538,2.974674,11.424409,79.644081,84.016380,138.480103,1.024469
3.585242,2.899122,12.565746,79.923965,83.041512,134.887161,1.639111
3.141988,3.193914,14.017194,88.967972,89.147720,120.281342,0.126363
3.601652,2.846167,11.341212,100.565903,88.393860,134.263519,0.690206
2.997205,3.062656,11.087773,83.322701,85.325089,118.935631,-0.362674
3.151041,3.210479,12.625296,87.477280,94.381264,120.970245,-0.316828
3.371835,2.960331,11.455791,87.284958,85.997200,130.602142,0.688040
3.103505,3.167840,13.335969,89.683891,89.526657,120.222946,0.891109
3.632050,3.225892,12.873457,81.066887,99.517738,133.052704,2.117603
3.125972,3.269341,11.310167,91.770210,93.163948,122.617867,-0.055190
3.645183,2.931610,11.924021,98.516365,91.495872,134.589645,-0.045821
3.598080,2.986194,13.782695,99.393333,90.309647,130.224472,-0.048604
3.270092,2.750053,10.716336,79.518898,76.836792,128.671875,1.230989
3.103792,3.159804,11.566838,89.773232,89.946991,120.219078,0.557335
3.096352,3.289601,13.415404,89.716682,90.742561,122.492073,0.073928
3.101065,3.097163,10.209441,89.685165,89.820717,119.826324,0.948181
3.083217,3.216551,11.395470,90.283775,90.111496,121.008743,0.210068
3.567353,2.960562,13.296383,96.710411,90.523628,128.978378,-0.405234
3.100010,3.100837,10.482484,89.607765,89.715256,119.513695,0.782067
3.545846,3.023138,11.681878,95.726608,88.550316,135.466873,0.113912
3.336319,2.936631,10.701212,89.254745,97.327446,129.497711,1.993952
3.586933,2.787366,10.230965,79.699806,81.754227,135.820984,0.556569
3.954971,3.178643,13.681216,76.886627,97.399979,145.063614,2.025657
3.536078,2.826661,12.116433,96.213737,85.106651,130.362579,0.431499
3.619375,2.909587,12.160726,79.341469,83.216904,135.581299,1.314984
3.102529,2.886235,12.151107,85.306244,82.654770,114.485001,0.802534
2.976412,2.853816,11.456487,81.196777,83.636169,112.249664,0.463849
3.248067,2.959241,12.348117,83.084053,86.835976,115.311165,-0.086021
3.094934,3.180816,12.256066,89.851357,89.927559,120.243431,0.447408
3.404276,2.977149,11.553930,85.901978,86.629990,127.887199,1.144833
3.256306,2.868818,11.884683,89.904747,79.928429,124.713051,1.441573
3.265788,3.128025,12.559720,83.675354,86.996338,122.528717,-0.401310
3.393889,2.961352,11.851562,78.893646,86.638802,126.822556,1.437502
3.223944,2.735938,12.108558,87.622734,79.675430,118.280777,0.815687
3.528098,3.093838,12.512498,92.459366,89.702736,130.909897,0.247112
3.567079,2.935906,11.433299,94.190498,89.388161,133.937271,0.262646
3.336841,2.828402,11.635057,88.902534,81.094879,124.846504,0.237394
3.000803,2.822266,9.846334,84.911720,84.157738,112.483932,1.694760
3.834351,2.775109,9.443789,95.310928,86.849716,143.483978,0.367494
3.569182,3.098196,12.879572,91.704025,100.001350,125.866058,1.812917
3.137718,2.872170,11.489710,82.135628,77.941734,119.418320,0.647556
2.932893,2.945990,10.293974,83.521744,89.839287,119.414673,0.909173
3.138869,3.207715,12.576678,90.974953,92.794754,122.483185,0.608472
3.385787,2.651816,9.682207,94.479080,81.566299,126.105118,0.059033
3.366590,3.025395,13.032881,89.686394,99.909531,126.461899,1.891535
3.100944,3.066922,10.631688,89.247498,93.498268,115.125793,1.530459
3.409600,2.799842,11.118408,94.886116,85.873566,122.796654,0.020254
2.893743,2.808578,10.289978,86.012039,92.293465,126.145241,-1.388415
3.396301,3.037221,12.310352,89.803085,86.966370,127.730385,0.985958
3.188841,2.979199,11.601959,86.851357,78.841652,122.388603,0.936664
3.834204,3.250727,11.502480,105.050720,100.787025,141.609665,1.116507
3.384712,2.945385,9.871799,90.721970,84.123581,133.675339,0.386245
3.300156,3.230171,12.713050,89.354378,83.903725,125.569473,0.116947
3.103610,3.078861,8.945614,90.863159,90.575798,120.935036,1.456453
3.106701,3.339095,11.661265,94.114700,97.181297,127.905563,1.983376
3.349460,3.016255,12.026336,82.178696,94.655228,122.282921,1.491917
4.049020,2.923069,12.489800,78.498253,84.021385,149.016068,1.639715
3.358748,2.751324,11.823727,93.804565,84.762619,122.633156,0.425283
3.235650,3.165700,12.845352,94.756218,96.045135,123.415977,0.825271
3.356762,3.030812,13.705960,83.809647,82.283524,131.776886,1.672683
2.981583,3.111238,11.143003,94.874870,91.440399,117.992226,-1.299306
3.095087,3.255754,12.296529,91.577721,92.363007,122.846535,0.621144
3.112643,3.011871,11.691296,90.583992,97.705872,118.751503,-0.586144
3.238168,2.642529,11.306403,96.702972,84.223763,119.685303,0.230006
3.654650,3.037021,10.518004,97.276665,97.921112,141.551926,1.341141
3.199257,2.764099,11.501039,85.683739,80.683342,114.944351,0.123046
2.947422,2.746351,11.624293,79.297394,77.103470,111.694191,1.472246
3.447814,3.020928,11.747264,88.059387,93.479187,130.467026,0.850370
3.402126,3.062176,12.069095,83.582573,89.800819,127.178848,1.172041
3.089909,3.144726,12.333907,90.020248,89.809921,120.011200,0.960775
3.018965,3.005486,11.377535,89.207397,94.466965,117.216263,3.704878
3.599342,3.073557,10.640163,99.193748,96.914856,131.409622,1.397536
3.165441,2.574798,10.018995,93.451569,79.659103,116.997002,-0.684204
3.064719,3.194033,12.609074,87.267830,80.324516,119.809555,0.921956
3.161350,3.087771,12.973019,90.984657,91.516930,119.461082,0.239770
3.252435,2.811985,11.216850,90.427727,79.979179,121.601921,-0.399465
3.441254,3.028933,12.022598,80.938873,88.581696,128.396713,1.344442
3.215790,3.052662,12.542743,92.136681,83.696053,124.335114,2.211993
3.115741,3.151086,11.990913,89.651749,89.821106,120.053741,0.531034
3.024848,3.216445,11.992311,84.904335,85.899849,122.494301,-0.448504
3.317508,3.281873,11.732621,103.119087,101.991295,131.312119,3.505883
3.016148,3.045445,9.991482,87.590782,89.080437,114.603485,0.990083
3.419951,3.233070,11.194090,96.774345,99.167351,141.921417,2.135510
3.196082,3.305930,12.553469,89.490341,101.462440,126.807961,0.798706
3.113852,3.123683,10.679002,93.793419,86.990456,125.191292,-1.892792
2.967489,2.922741,9.277559,94.588402,82.272278,126.440392,2.200816
3.901043,2.735853,8.118255,105.083878,88.048119,144.651718,0.475758
3.092132,3.158537,10.719671,89.490471,89.944283,119.722984,0.056506
3.581526,3.144335,12.106794,88.804352,97.343857,131.453140,1.288530
3.415766,3.020438,12.092256,88.271187,92.450836,124.338425,1.035815
3.285959,2.909726,12.777298,75.249992,81.126907,128.509262,2.183551
3.396334,3.018632,12.141141,85.177254,91.704956,127.780754,0.691099
3.522081,2.892970,10.071644,98.889313,90.147713,128.390396,0.869690
2.801800,2.976874,9.800344,81.396576,80.974731,118.037041,0.723167
3.208361,2.738880,9.889489,92.295044,84.910622,117.661659,1.210371
3.089020,3.241005,11.371193,89.902481,91.514626,120.949493,-0.116369
3.393814,2.706971,9.972033,95.990280,83.230179,123.721146,-1.306282
3.036583,2.837719,11.508155,82.356323,82.367485,110.818504,-0.964403
3.135833,3.154711,11.997422,89.859070,91.041161,119.932686,0.000987
3.196362,2.979666,12.454447,87.694206,82.534225,115.304375,-0.039840
3.113538,3.121537,11.618376,89.501213,89.817268,119.585716,0.745934
3.567418,2.799482,9.374617,90.440926,84.078522,136.323227,0.222538
3.085222,3.188461,11.907971,90.176704,89.997131,120.588264,0.513529
3.453602,2.872181,10.680820,95.529884,88.142075,124.168167,0.060098
3.113709,3.127542,11.960560,89.771683,89.841415,119.876541,0.870774
2.758076,2.502096,9.287216,76.949081,88.462402,114.851700,-0.134601
3.163675,3.141356,14.562492,87.906258,89.722351,122.183243,0.843706
3.063304,3.230022,13.302195,85.524773,86.526108,123.005379,1.124054
3.692040,2.769726,11.739114,77.078018,77.547829,138.282990,1.343485
3.205616,3.331267,11.559058,100.075989,100.466530,129.268616,3.340883
3.203337,3.053496,11.386321,101.476837,96.387100,128.627777,4.148824
4.054739,2.762090,15.272206,69.054794,77.125290,147.848618,1.687891
3.405451,3.030058,13.113323,87.378487,96.347649,122.434586,-0.071293
3.159447,2.788608,10.949056,80.563622,79.861954,119.925964,1.006466
3.088470,3.146892,12.691031,89.892281,89.954674,120.270966,1.320846
3.214286,2.799661,10.025268,91.122070,84.459206,117.071693,0.046406
2.968073,2.676629,10.550761,85.203255,88.464821,114.031723,2.378392
3.549147,2.997565,10.725731,90.776749,89.319794,136.187653,0.288923
2.982839,2.659052,9.946301,90.951912,77.618286,115.772896,0.295615
3.091602,3.132657,10.362713,89.857269,89.878838,119.985756,0.316088
3.651617,3.110215,12.267319,95.069221,97.246292,138.754227,0.809898
3.039930,2.904618,11.308123,83.446678,85.726990,115.451225,-0.341614
3.279349,3.315189,13.460285,94.772774,97.512123,132.119522,1.575074
3.687343,2.723143,9.273303,94.594215,82.373390,137.478333,0.186052
3.454029,3.239145,12.667927,82.715569,101.776062,125.511742,2.231131
2.915931,3.231516,11.181973,92.483032,85.587746,118.916321,-0.213477
2.988000,2.838335,11.633855,82.090317,79.525543,113.727448,1.361402
3.455666,3.094526,13.546193,93.342567,94.478333,132.042999,0.617051
3.065321,2.580831,10.073388,89.178894,78.300598,114.947632,0.398313
3.386942,2.998353,11.498896,91.621201,91.541649,123.986961,1.008866
3.206686,3.238588,13.273018,86.838600,91.156662,121.122025,-1.079566
3.477085,3.102134,11.763960,84.753304,92.905785,129.179169,0.879242
3.115339,3.146108,13.589165,89.962402,90.511345,120.373833,0.854360
3.530256,2.936159,12.074934,81.769547,86.121071,132.213165,1.426038
3.107309,3.134361,11.565079,90.017090,89.904831,120.166740,0.824848
3.185165,3.147739,14.224539,83.691185,90.629097,121.133095,0.677703
2.976521,2.670127,8.583664,89.988503,78.673050,120.635674,-0.613561
3.412946,2.974561,12.924673,92.199982,87.752136,129.527679,0.670551
3.103063,3.197664,11.927894,89.388588,90.787537,120.327698,0.124046
2.790427,2.650246,11.681870,76.209053,73.555313,104.677010,0.801324
3.094295,3.147832,10.413621,89.565834,89.807922,119.985641,0.334848
3.220690,3.034938,13.391237,83.880798,91.024521,122.697464,0.513174
3.340426,3.092577,12.645574,87.175705,90.651314,121.940331,-0.459794
2.715021,2.335478,8.165319,81.515457,91.444160,115.075630,-0.267140
3.322383,2.949714,11.942563,91.751480,86.951927,128.976913,-0.046119
3.417674,3.035849,11.923347,88.839760,90.039597,126.014137,0.814034
3.092804,3.174202,14.234700,88.685608,88.622429,122.888512,1.896574
3.046183,2.866721,10.992284,95.311874,90.623543,114.411774,-0.441528
3.910680,2.948131,10.497144,105.902512,93.914246,146.216400,0.487884
3.198328,3.043159,12.116465,89.569496,92.231064,118.591629,0.368859
3.213607,3.020092,11.628604,82.737968,82.499001,128.087646,0.754939
3.746649,2.807477,11.815013,73.103226,79.966499,138.985870,1.395265
3.091311,3.099324,9.604743,90.015366,89.892136,120.239639,0.873159
3.710365,3.194593,12.773900,99.202377,96.926689,135.731308,0.597574
3.693940,2.735074,10.329939,76.769867,78.693008,139.101883,0.843728
3.384542,2.903266,12.275110,89.525444,86.515541,126.996567,0.676533
3.268320,3.182950,13.476814,89.261757,88.959015,121.445007,-0.802258
3.513586,3.022266,11.318657,85.014847,87.202545,137.349442,0.690155
3.592489,2.908024,10.424809,86.091019,88.685898,139.171814,0.878126
3.758269,3.215140,12.819072,98.066086,95.391228,139.478394,0.567355
3.259888,3.103890,13.051804,77.131615,88.317108,126.935303,1.919931
3.063995,3.226854,12.958200,90.778366,90.168137,121.631599,1.062726
3.452145,3.025594,12.325658,79.479813,89.715599,128.793381,1.375185
3.296930,2.890624,12.958487,91.422737,81.560448,121.327797,0.306933
3.235739,3.210959,11.196404,89.437111,103.969810,121.483810,2.680492
3.124434,3.146294,11.755434,90.225464,89.680260,120.553925,0.634876
3.000328,2.851043,10.151106,83.615646,86.840309,109.878471,0.993979
3.761756,2.817899,10.524540,83.093224,85.252197,141.298492,0.571767
3.105134,3.137957,12.413058,89.939545,89.864403,120.068863,1.023313
3.332453,2.981353,11.833565,83.446602,98.599503,119.286087,2.697776
3.698846,3.057097,12.460916,78.915573,91.817451,136.821182,1.586604
3.097694,3.202032,11.635434,89.373260,90.342827,119.656731,-0.250280
3.707692,3.213850,12.497416,97.082687,97.932716,136.409348,0.965196
3.101338,3.148132,13.050228,89.640190,89.703217,119.887230,1.007389
3.157170,3.209644,11.744843,92.238708,92.828499,121.866592,0.024114
3.217373,2.879867,11.665179,90.635498,79.089539,122.980064,0.741827
3.101136,3.133550,13.487403,89.664513,89.646446,120.115189,1.450192
3.144732,2.812929,10.742251,88.685585,84.900116,117.802139,-1.302425
3.617571,3.011809,12.134271,81.339539,89.460876,134.310516,1.465183
3.645393,2.869797,11.479837,97.168175,87.593933,135.081985,0.167627
3.417181,3.014009,11.613237,85.674164,87.656006,128.424744,1.338119
3.345871,3.107416,14.143065,88.195244,95.161995,122.396706,0.505149
3.372277,3.144231,12.029958,90.161263,98.981773,130.379181,1.049373
3.522208,3.122070,12.262769,85.971428,90.865913,138.253159,1.081687
3.774584,3.208914,12.176591,98.157661,102.235542,144.289551,1.268532
3.098017,3.245285,11.821071,90.827271,91.949966,122.580276,0.349617
3.115694,3.100482,11.600836,90.945312,79.984634,120.542900,0.756664
3.026619,2.978625,11.599961,82.259041,79.391724,122.995476,1.560557
3.186038,3.073316,12.007482,94.061569,93.536598,122.529388,-1.258415
3.295964,3.194565,11.928405,90.465019,81.970413,127.907570,1.006179
2.985762,2.659069,10.177563,84.358032,82.006165,110.497581,1.162695
3.017215,2.926321,11.951025,82.384399,77.962082,113.703552,0.523371
3.225178,3.029161,10.940663,91.620796,90.901283,120.790703,0.336310
3.234126,3.165795,12.971375,85.820480,87.452774,126.784004,1.239681
3.140128,3.177874,11.810568,89.447029,89.284492,120.079338,-0.470301
3.405881,3.075673,12.517417,82.486000,90.634460,127.851059,1.315611
3.039418,2.642019,12.053132,82.815353,76.590790,108.962326,0.016194
3.358227,2.909198,12.299812,89.822014,82.924873,126.402328,0.046330
3.099408,3.124736,10.375976,89.860947,89.848106,120.125084,0.656779
3.477602,2.921019,11.330862,88.760994,88.617828,131.333817,0.731868
2.942235,2.863497,11.755264,80.804138,79.052933,111.328033,1.801430
2.849781,3.129677,9.205983,90.282387,87.219055,128.513962,-0.426445
3.354289,2.862719,11.169246,86.233307,78.521820,130.183456,1.059739
3.671181,2.695677,11.104345,77.751457,76.658264,137.585617,1.137465
3.103701,3.158787,12.312329,90.061012,89.859604,120.415543,0.798814
3.505086,3.039259,11.849797,83.538681,92.584694,130.839722,1.093585
3.249146,3.093550,12.231498,87.338028,83.031273,126.944519,1.556957
3.144143,3.264330,13.381490,85.627884,89.932991,124.274200,0.113206
3.049597,2.876326,10.985331,89.113121,98.089401,127.080437,-1.091822
3.051032,3.014705,10.838176,93.088615,91.116989,117.237549,1.929638
3.160586,2.915933,11.723314,82.627510,79.116997,120.399918,0.441707
3.616415,3.064750,11.693987,97.448029,93.491173,130.220459,0.120260
3.506835,3.235322,13.056476,83.536041,101.088516,130.175552,1.566251
3.405955,2.825216,12.181791,83.049316,78.104073,131.388290,1.275142
2.974805,3.328407,10.692245,86.797737,90.952599,126.611702,0.303479
3.348948,2.991987,12.169865,87.108757,90.624367,124.337837,-0.098383
3.113752,3.138826,11.696190,89.566475,89.847389,119.855301,0.589436
3.122217,2.757607,11.247009,80.617813,89.283203,109.171700,0.637800
3.295211,2.894367,10.833511,85.304817,81.447449,127.612343,0.291755
3.931675,3.210138,12.637976,90.880768,101.963226,149.440018,1.613844
3.455260,2.928236,11.783476,82.803711,85.380272,129.807968,1.335987
3.101531,3.108704,10.235644,89.827324,89.976051,119.805786,0.456684
3.445074,3.022543,11.216629,83.794197,90.950546,127.719994,1.090670
3.434374,3.094201,12.590868,86.733582,87.815102,131.457199,1.127578
2.918458,3.205064,12.538286,87.643578,89.854774,120.436226,-0.214182
3.304434,2.789055,12.087221,83.016914,79.370392,126.129845,1.460763
3.318815,2.939102,13.520967,90.757675,85.232384,125.320084,0.691916
3.439146,3.067265,12.540425,91.498924,93.379944,123.475113,0.062970
3.113591,3.145702,11.984385,89.644142,89.883507,119.825615,0.490856
2.781199,2.966650,10.508757,84.078865,91.354187,111.978966,2.143798
3.121530,3.099002,11.791674,89.887192,89.991264,119.908333,1.279969
3.888220,2.920788,10.044533,104.319061,92.994080,145.586243,0.497656
3.051655,2.835659,11.160345,92.465286,90.906616,126.485664,0.380791
3.582968,3.043463,11.825589,83.972748,89.871918,133.518936,1.208616
3.089218,3.150308,10.910801,90.013420,90.262253,119.791603,0.266497
3.592355,2.776287,12.069970,83.970100,78.278831,136.916748,1.607084
3.164700,3.061842,11.289660,84.360664,79.962967,123.545029,0.540571
3.368942,3.209385,12.468622,95.171616,97.071976,134.571426,1.086598
3.111289,3.203285,12.203382,89.660881,90.590538,120.343208,-0.108895
3.578490,3.097297,12.211916,95.211555,93.631866,130.420456,0.547388
3.101932,3.111249,10.636572,89.894638,90.026550,120.009605,0.937618
2.865221,2.864179,11.769915,82.664993,94.065361,113.215576,-0.563278
3.195281,3.102981,13.342655,89.456383,93.100273,120.433212,0.543459
3.130350,3.080221,11.269165,89.675827,89.968506,119.798592,1.231095
3.612505,3.160278,12.764235,81.720413,95.340134,138.040222,1.417875
3.111833,3.137146,12.144206,89.689308,89.868935,119.859962,0.798061
2.940217,2.828612,10.877051,86.635696,90.130051,111.871788,2.323053
3.124467,3.144605,13.998461,88.972191,89.509583,119.581032,0.703854
3.569647,2.770443,11.128689,99.465546,86.921410,131.841232,0.358391
3.548323,3.139852,12.454549,82.179504,92.771629,131.762573,1.336548
3.047808,3.061541,12.083705,83.902138,84.679543,115.839317,-0.022600
3.511680,3.038094,12.422011,90.710281,93.725288,129.821106,0.407986
3.107331,3.185289,13.111087,96.216362,94.917496,123.038506,1.096468
3.262344,2.889113,11.775021,83.014389,92.814651,119.904579,1.026174
3.119130,2.864907,10.593153,82.590050,93.920181,111.228310,2.701647
3.372015,2.973999,12.460651,90.579430,85.128357,128.799683,0.305925
3.077992,3.223006,11.012714,90.150444,90.237579,121.096832,0.053285
3.378853,3.035980,12.835553,86.225700,95.419617,125.867035,0.741248
3.105348,3.193337,13.709681,86.316826,88.567673,117.732414,-0.731368
3.117606,3.112287,11.470498,89.801758,89.895256,119.883057,0.861996
3.095411,3.221269,12.802483,88.096992,91.587700,118.256302,-0.786396
3.001073,2.765676,10.963985,91.999565,88.759300,113.546600,2.109363
3.305476,3.012179,12.639358,88.557259,81.831894,130.071503,2.019028
3.098282,3.388764,12.703494,86.817734,92.292305,120.258286,0.659028
3.333704,2.955004,11.897572,86.825211,85.917244,129.837585,1.024105
4.265121,2.876422,18.666344,68.402718,81.650230,154.917496,2.482024
3.115479,3.101366,10.169592,90.535675,91.258560,119.843163,0.718698
3.112259,3.457468,12.476730,94.900948,97.090935,125.266693,0.418230
3.070069,3.414442,12.625595,88.343651,87.004128,120.929329,0.454631
3.851699,3.188280,12.030904,95.088249,93.810333,144.597672,0.759722
3.001610,3.111237,12.111259,87.179527,98.940514,120.695145,-1.053361
3.482025,2.969743,12.300375,93.398300,83.943680,131.466248,1.122312
2.923643,2.882618,11.259649,79.986618,87.014244,112.533760,0.827320
3.759918,3.213762,12.819294,98.968399,95.835220,139.368484,0.670012
3.475339,3.036593,12.388422,88.640930,95.643944,125.824097,1.171289
3.684275,3.243648,13.240852,84.373878,104.804680,133.238266,2.068406
3.035562,2.621518,10.828305,86.589355,78.419373,112.377525,0.886803
3.707649,3.166235,12.477044,82.145401,95.478355,136.267776,1.713635
2.985852,2.863730,10.948295,84.301727,83.422386,113.112007,1.674099
4.037012,2.875108,13.884453,74.416954,81.301422,148.586258,1.863241
3.116967,3.153584,12.110358,89.657646,89.675804,119.995758,0.479408
3.365799,2.951550,11.956874,90.491936,87.913803,122.536858,0.049818
3.085047,3.163684,10.752687,90.245712,89.838837,120.500092,0.384683
3.171154,3.137604,14.323792,84.737984,90.366463,120.544487,1.250879
2.979522,2.959072,10.904809,89.747543,92.554733,117.012695,2.280400
3.082201,3.236715,12.336437,90.316940,91.161102,121.399963,0.344995
2.441720,3.014294,9.742122,89.473511,98.363739,131.248154,-0.959305
3.082937,3.172966,10.957874,90.272217,89.952629,120.395515,0.343335
3.554778,2.764058,9.981064,98.952576,84.578049,133.242294,0.346878
3.048311,2.967482,10.309816,90.271553,91.487450,115.224976,2.155203
3.254502,2.876565,11.437379,83.466698,82.098946,123.249947,1.105526
3.521827,3.100695,12.626417,91.086197,84.775047,133.637375,1.309811
3.202367,3.080161,11.919237,90.267181,94.984673,118.917175,0.884425
3.362212,2.979149,11.344953,86.495453,87.204964,125.743126,1.247489
3.434384,2.910019,13.349644,94.701210,87.236214,124.546425,-0.471776
3.240724,3.155743,12.108809,89.086517,83.514244,125.055435,0.593001
3.142357,2.877582,11.227940,80.877319,93.341927,111.027039,2.304737
3.001148,3.015307,11.776132,86.459435,90.429535,112.865807,-1.272191
3.326818,3.062511,11.611150,87.038254,99.610527,127.673668,1.518578
3.084421,3.033123,11.675117,94.424126,95.306908,118.972176,-1.976181
3.105873,3.150805,11.384397,89.708084,90.002953,119.822411,0.210451
3.115578,3.130773,11.826997,89.864929,89.979828,120.189873,0.971197
3.113058,3.114052,12.000154,90.057480,90.190636,120.363876,1.500683
3.154283,3.159711,10.449401,93.298958,92.327072,122.917984,0.882454
3.103261,3.109452,10.438587,90.113670,89.978745,120.316299,1.022814
3.565481,3.106349,12.100611,82.583336,95.224739,133.266022,1.130822
3.646677,3.133371,12.458378,93.492767,96.361649,138.799469,0.812514
2.756970,2.820605,10.662951,81.184174,83.097855,106.762680,1.757407
3.221257,3.045255,12.511281,89.132111,85.781265,126.659019,0.928949
3.129178,2.975349,11.819560,86.776695,78.317070,119.856606,0.378816
3.497491,2.948025,11.360332,82.284592,86.657082,133.750015,0.707722
3.157796,3.288320,13.566443,88.953438,85.086403,119.489021,0.028078
3.439969,2.947646,13.464544,92.814751,86.841080,126.237396,-0.075117
3.096474,2.835461,11.456415,79.449646,84.196213,113.906906,1.009688
3.836797,3.286331,13.567080,89.974487,106.486778,143.975540,2.079787
3.085692,2.802191,11.547248,88.068527,81.062012,113.132629,0.889520
3.181988,2.987648,11.493990,79.844643,81.950089,125.416870,0.727108
3.126175,3.179452,11.713785,89.380646,89.559074,119.816132,-0.288299
2.347496,2.861814,8.590694,91.580650,81.843361,114.872253,-0.331630
3.892683,3.021217,12.565823,77.419495,88.439331,143.281464,1.748753
3.678758,3.134956,12.375653,89.026245,96.345573,140.246994,1.172757
3.127539,3.092040,11.439303,89.918747,90.110497,120.042358,1.275226
3.938086,2.890140,12.459351,76.242332,81.822762,145.040878,1.585670
3.462265,2.903893,12.143409,79.835152,84.357117,130.003967,1.445269
3.096562,2.846851,11.260529,79.814285,82.253632,115.952583,0.725282
3.311506,2.962811,12.665952,89.828873,85.130669,121.423035,0.263560
3.106892,3.143782,11.540016,89.841324,89.776192,120.065063,0.650894
3.100127,3.109244,10.025263,90.083527,89.917320,120.343750,0.863092
3.150712,2.879957,12.181011,80.490433,87.927986,113.216507,0.587752
3.087824,3.218138,11.386831,90.123047,90.037132,120.971359,0.097095
2.984093,2.621551,10.164496,90.323334,80.018150,114.491882,-1.049596
3.133543,3.189910,11.486680,90.327972,89.625984,120.990494,-0.117044
3.085941,2.984590,10.642498,93.070061,91.887398,120.357254,2.878984
3.485978,2.947298,12.808796,94.097885,87.264404,130.617218,0.512437
2.957513,2.914689,11.448737,79.745255,88.150146,109.644463,1.995297
3.083354,3.457229,12.033583,96.880058,100.642685,127.688812,2.089757
3.386790,2.759017,10.684993,96.298805,82.655457,128.316986,0.262239
3.926843,3.119946,13.176093,77.118843,94.458145,144.745514,1.855486
3.072304,3.256752,11.347391,90.705223,90.828362,121.440903,0.215336
3.493572,3.136416,12.203622,87.910965,98.077942,135.080109,1.714130
3.063644,3.198217,12.086672,99.663849,98.668015,127.973091,4.081338
3.079158,2.842492,11.588908,82.035782,80.513519,116.162628,1.271985
3.634843,3.129196,12.339206,93.683769,97.363785,131.539383,0.851680
3.077189,3.168001,12.180099,90.369247,89.904953,120.535965,1.034625
3.117496,3.173941,12.378524,89.706718,89.623619,120.129395,0.300209
3.317703,3.101959,12.189992,79.432480,89.436531,126.102951,0.788499
3.042233,2.909014,11.360172,82.599091,77.637810,116.339752,-0.108426
3.098600,3.194769,11.142619,89.347221,89.755043,119.992592,-0.308917
3.400881,2.973526,10.670383,92.263931,83.175491,131.078232,0.126301
3.138016,3.163058,10.526111,92.110367,92.838737,121.463509,0.721120
3.252672,2.923401,11.044508,81.516640,83.711258,122.717850,0.712175
3.439214,2.878631,12.719486,95.248169,85.901657,128.312302,0.451714
3.459414,3.066721,11.574194,86.629082,91.353928,128.016861,0.992570
3.279296,3.181307,13.328096,88.812836,99.513748,126.596466,1.079442
3.567981,3.127943,12.317458,79.629509,94.832207,131.443146,1.628394
3.150120,3.149266,11.850248,89.339401,90.509087,119.928467,-0.263570
3.627119,3.096123,12.538151,92.892540,97.040382,136.339783,0.895101
3.421264,3.028741,12.079319,87.531441,95.390312,124.008202,1.524812
3.538762,3.009682,10.732365,97.092484,93.225494,128.274704,0.804505
3.281247,2.606856,10.767316,95.335121,81.521881,118.486092,0.124250
3.145079,3.173243,12.977903,88.846245,90.167244,119.414825,-0.143255
3.102079,3.138382,11.109858,90.066742,89.869339,120.241409,0.687770
2.566636,3.072931,10.784739,88.834366,83.582367,113.940544,-1.497929
3.261797,3.004579,10.750806,93.629738,91.839348,122.494965,0.746949
3.112389,3.410854,12.207866,92.898697,95.773270,125.982704,0.061773
3.117779,2.963710,12.172341,83.120514,83.298538,114.045570,-0.125014
3.342163,3.362931,13.186479,93.615494,100.352692,132.963837,1.421989
3.066367,2.891102,10.715469,86.754707,85.879860,118.253624,-0.570628
2.753130,2.714068,8.551647,81.007431,89.259140,125.357956,-0.790704
3.149914,3.365424,12.918333,93.813828,98.167084,124.998650,0.486381
3.098683,3.104542,10.044376,90.015007,89.830917,120.155617,0.899149
3.178861,3.108241,12.372814,88.063293,83.913376,118.579651,0.090283
3.142972,2.789387,11.548560,84.765129,81.091507,116.385887,1.019737
3.453526,2.914133,9.996687,100.226463,90.465309,127.674843,1.315844
2.970155,3.192307,11.122618,84.337746,93.859001,124.175919,-0.232721
3.129707,3.095663,12.775637,89.819939,90.231140,119.998634,1.541339
3.091133,3.153631,10.679328,89.617096,89.980812,119.993492,0.241873
3.108735,2.966552,10.759099,90.109802,85.133049,125.536835,-0.799919
3.012422,3.159555,11.626149,85.215813,96.607285,122.192802,2.322384
3.254490,2.983618,11.507299,83.244530,85.928932,119.577415,0.703959
3.555079,3.110177,12.719081,78.637550,91.640816,131.824707,1.696123
3.424076,2.847706,11.180625,102.962158,84.723648,128.927963,0.129033
3.398551,2.834532,12.408480,78.122955,80.081604,128.744003,1.468905
2.994008,3.100498,11.089047,100.423950,87.515427,123.231667,-1.091588
3.342338,2.943266,12.501845,90.608238,81.223022,125.751717,1.149971
3.488301,2.913069,9.214541,97.557411,93.548012,137.971756,0.840930
2.346837,3.125612,9.898307,80.616241,95.070061,118.240723,-0.002254
3.097527,3.202953,11.287568,89.499199,90.478348,120.150726,-0.406479
2.986879,3.103789,11.075469,90.708588,87.016541,115.047577,-0.235020
3.053224,3.347911,11.560333,95.093719,88.270859,124.314796,0.254037
2.877391,2.914407,10.755658,82.624695,87.350922,109.753105,2.309245
4.333765,2.617395,16.265247,68.759613,71.191254,155.588470,1.695228
3.808228,3.254644,11.097477,104.112923,100.982178,137.909927,0.303287
3.857073,2.733033,10.941618,76.296753,80.013412,142.342712,1.014272
3.371073,3.059168,12.760534,93.373535,88.375732,121.445656,0.398061
3.230492,3.008470,11.987467,102.591278,92.798813,122.980392,0.758133
3.439201,2.985758,11.704971,92.351135,89.640053,125.297226,0.469914
3.591610,2.898302,12.998017,99.590721,88.582283,130.256760,0.364135
3.660719,3.173472,12.340819,99.339111,99.908218,132.899796,1.254425
3.577062,2.920699,11.727899,98.921478,90.400078,128.456558,0.087247
3.523348,3.079475,12.677834,86.566597,97.506165,129.145447,1.044271
3.102748,3.103097,10.692797,89.501915,89.748032,119.426567,0.797275
3.788360,3.213928,11.666015,95.042679,96.506538,140.495560,0.952730
3.107447,3.057798,8.970704,90.165466,89.747147,120.367638,1.277457
3.108252,3.162906,11.267902,90.010368,89.672470,120.439613,0.300310
3.184683,2.959690,12.309871,96.434814,90.726120,119.217506,-0.651109
3.273700,2.993816,10.502174,93.842506,95.067062,131.081802,-0.340888
3.245667,2.950804,12.199440,86.166611,82.373871,120.823265,0.693180
3.108224,3.112369,10.995790,89.641563,89.817291,119.726082,0.861456
3.114894,3.104813,11.494220,89.650810,89.829697,119.645912,0.977897
3.732559,3.212891,13.566047,77.839737,99.983093,137.807373,2.185417
3.137042,2.877941,12.559543,84.901299,78.552498,116.779175,-0.077403
3.448917,3.279169,12.987701,87.117081,104.318138,130.931595,2.426378
3.101355,3.124042,10.844220,89.914505,89.818344,119.992371,0.745973
3.105306,3.190042,11.655999,85.761673,97.526932,123.928772,0.895394
3.408629,3.078398,12.937982,94.492706,84.825821,127.732788,0.834264
3.090888,2.824914,10.153447,87.768166,91.867332,114.701279,3.224431
3.055767,2.989712,10.734362,87.264122,84.629692,113.581924,-0.382280
2.882882,2.699950,11.812548,91.466209,90.736748,117.065269,-0.207601
3.286003,3.441670,12.632906,91.917374,107.152657,131.193542,2.080818
3.123078,3.172420,11.562879,88.981560,89.946266,119.619347,-0.433327
3.298042,2.686761,9.259338,92.400528,82.403496,126.093040,0.215756
3.012590,2.628048,10.773910,80.337135,77.691025,108.126106,0.089588
3.177487,2.836760,11.750273,83.264046,81.730850,119.694992,0.839206
3.301168,3.197646,9.337200,98.476295,98.175667,129.389160,2.954063
3.185748,3.593495,13.383219,102.691956,104.718842,137.249039,3.695680
3.443495,3.106881,13.497230,91.255646,91.038910,127.550369,-0.104193
3.453650,3.076727,11.921114,83.199348,89.554192,128.909012,1.010429
3.435361,3.004306,10.404853,86.359283,85.380188,135.327957,0.369197
3.205887,2.652765,10.855676,96.146698,80.951797,116.187775,-0.427070
3.108438,3.136227,11.244645,92.753799,90.168121,128.281052,0.172422
3.484492,2.984340,12.857651,93.116425,90.904930,126.166740,-0.114105
3.244383,2.857706,11.208035,82.690903,83.392853,122.488106,0.980173
3.012318,3.284764,11.463630,87.514191,90.964531,117.530342,-0.655228
3.041556,3.054554,13.409614,85.878860,82.012878,111.454155,0.249336
2.854475,3.038189,9.489543,85.818031,80.409744,121.325462,0.650413
3.409777,2.974137,12.721056,90.785202,89.191071,122.597527,-0.504300
3.412147,3.001129,12.318706,85.726593,95.771034,123.130356,1.153713
3.009534,3.401019,12.793436,89.938934,91.805817,122.122841,0.190860
3.575993,2.894156,10.432834,90.218010,87.590866,135.342010,0.317956
3.302185,2.839614,11.373051,90.805046,87.002899,126.407906,0.907152
3.423296,3.020863,11.523663,84.892639,87.746613,128.060165,1.198096
2.932507,2.966485,11.274585,84.673233,88.866150,109.036888,0.311509
3.131495,3.121875,13.728617,89.320038,89.726639,119.531464,0.881871
3.267233,2.829499,10.953443,94.093208,91.046692,127.270386,-0.619431
3.211176,3.087313,12.107568,77.498627,90.394730,119.866928,1.822121
3.444354,3.334890,11.243584,90.012352,109.229095,137.810043,1.906847
3.097900,3.139319,10.887639,89.842102,89.898315,119.900009,0.469182
3.789469,3.125905,11.247400,95.688065,98.121094,145.114029,0.977612
3.132895,3.186779,14.304743,85.200340,90.394531,121.136505,1.056767
3.158545,3.264542,13.912188,91.885933,94.744469,126.544548,1.722358
2.995175,2.806484,9.156995,84.607658,84.831573,111.818886,1.291677
3.406302,2.848105,10.947157,93.942055,83.577515,128.864151,0.511010
3.133011,2.713082,11.292856,75.298897,77.273170,121.051201,1.466292
3.443924,2.823444,11.735044,77.141731,80.126816,130.749237,1.097123
3.599897,2.858809,10.723184,80.921471,83.959694,136.906998,0.603532
3.104754,3.154837,12.118867,89.845428,89.809700,120.071732,0.576592
3.136406,2.891628,8.411375,80.319687,101.331497,126.186348,1.420186
3.099750,3.152289,10.781797,89.151787,89.770393,119.305016,0.083761
3.387570,2.809715,11.202633,84.482689,97.653664,121.541740,2.094007
3.102309,3.198942,12.107398,89.532768,90.036827,119.957314,-0.122848
3.220669,2.885014,12.794620,85.781593,84.574074,118.904587,-0.761005
3.568523,2.945261,12.596903,79.179947,85.691597,133.689880,1.650746
3.104157,3.268769,11.794525,90.681366,86.445641,124.733162,0.580190
3.374042,2.855822,13.165267,94.187447,84.847733,124.012680,0.396230
3.387423,2.918540,12.052870,92.577621,81.920738,127.695282,0.795388
2.974339,2.866946,11.090430,85.417099,82.308418,111.600182,1.165546
3.662166,3.231286,12.046970,94.706512,104.639015,143.020752,2.029999
2.870889,3.139292,10.455492,82.459114,88.159698,120.226685,1.299865
3.214196,3.140651,13.434336,84.809929,87.998009,123.838989,0.818020
3.549065,3.206897,13.829050,81.756599,98.177048,133.208054,1.744670
3.609942,3.090281,13.255661,96.536362,94.060562,130.419220,-0.326485
3.682606,3.192984,12.490162,96.019211,96.102318,135.991791,0.742178
3.562514,2.995668,13.362647,97.665161,89.927628,134.067429,0.570500
3.126318,3.086546,11.838145,89.402344,89.790520,119.306847,1.122566
3.166493,3.050419,12.888091,91.348038,95.727158,125.871811,1.238704
3.527313,2.924089,12.722405,87.183434,83.277122,134.758652,1.559396
3.555173,2.893255,12.090854,80.109596,83.909012,133.632874,1.313065
3.066624,3.204111,11.144260,90.126083,90.403549,120.951355,0.500386
3.092147,3.129054,13.028094,82.307709,84.982803,116.008301,-0.541332
2.764122,2.898245,10.501304,79.519753,82.806000,111.981453,0.610091
3.203300,3.115132,12.323365,85.265953,96.511269,123.594330,-0.053558
3.538033,3.016987,11.895676,89.190468,87.944801,133.607681,1.137661
3.096329,3.140969,10.553616,90.067497,89.914421,120.465164,0.602049
3.281886,3.226391,10.787123,86.141556,107.327271,130.654099,2.206602
3.233161,3.216211,13.267563,94.737633,97.394455,124.054665,0.509637
3.800964,3.204790,12.701401,85.141190,98.822952,144.675705,1.491629
3.227584,3.085922,11.451123,89.478966,89.187027,119.954399,-0.468382
3.168685,2.811586,10.323598,83.031166,78.699883,121.912399,0.205618
3.103796,3.173600,10.777826,89.597771,89.744652,120.159981,-0.034390
3.077502,3.016155,10.888521,89.017113,88.169968,120.072746,0.304775
3.501742,2.909096,11.413255,92.317329,86.128105,133.480255,0.509259
3.547671,3.084523,11.923228,93.684151,93.152939,130.645218,0.950646
3.101585,2.944191,13.251657,76.204819,83.090103,117.905975,2.335792
3.517799,3.111274,11.876017,89.699615,94.978401,129.302628,1.344707
3.054637,3.235734,14.197197,89.031769,89.402878,122.898872,1.732265
3.194768,3.135659,9.908442,94.764374,94.872124,124.033104,2.084315
3.501466,3.067631,12.049610,89.943192,91.821518,128.967377,0.843643
3.647598,3.152834,13.031230,95.614052,96.931831,133.997696,-0.196592
2.927187,3.070574,10.312641,82.255775,81.259705,119.216003,-0.337988
3.040234,3.201501,11.627737,85.880920,81.255417,121.861504,0.243218
3.083324,3.122023,10.180724,89.170807,89.741692,119.398430,0.493534
3.109285,3.152914,11.929646,90.029877,89.763290,120.325432,0.714485
3.473583,2.986407,11.212071,94.616920,90.574371,125.800964,0.209193
3.731396,3.194078,12.448243,96.967262,95.031990,138.784851,0.702983
3.269634,3.186203,12.787197,95.524490,97.499138,124.186256,0.391208
3.140194,3.024256,12.403172,88.092659,82.745277,121.742897,1.884287
3.381673,3.075658,12.562887,90.326309,83.881767,125.949097,0.957204
3.372456,3.150654,13.729313,85.561119,95.104263,127.621040,1.387864
3.713036,2.984838,12.589037,78.780212,86.806709,138.072723,1.738574
3.117151,3.193018,12.941743,89.848412,89.504509,120.495811,0.262778
3.112947,3.175892,11.817319,89.244400,89.925415,119.653687,-0.122511
3.167623,2.887524,12.260415,86.844414,83.234985,116.714600,0.843898
3.159115,2.802014,8.350429,84.194351,95.342064,126.017662,1.169342
3.631749,3.027940,11.879381,96.864182,90.755646,138.494461,0.154257
3.328462,3.040127,11.770937,79.603271,90.153030,127.259506,1.336927
3.686227,3.222217,13.462770,83.893593,102.039299,135.558212,2.060683
3.584679,2.825719,12.623961,98.726852,87.077362,130.629440,0.414687
3.178045,2.880515,11.593289,83.501053,84.165543,116.033508,0.447386
3.221477,2.754008,12.391449,80.067146,76.661186,125.112190,1.875707
3.025367,3.115201,12.260523,82.140312,83.443253,115.622742,-0.717330
3.186435,3.244858,10.313643,89.070740,89.581757,134.724182,0.877636
3.116371,2.902930,11.651430,81.104294,84.865128,114.863792,1.081275
3.180523,2.781188,10.821929,94.690811,88.642342,119.608452,-1.305981
3.214144,3.269833,12.901466,86.952110,92.313126,129.504898,1.333607
4.091946,3.373296,13.684552,110.712158,104.098030,147.341064,-0.232312
3.128176,3.130668,14.098476,88.247025,87.747421,121.897354,1.454036
3.042137,2.807733,10.968958,82.686859,84.969536,109.567642,0.944514
3.557229,3.086583,12.269590,93.236412,91.996552,131.451050,0.734945
3.115689,3.161062,14.457443,88.334824,90.026489,122.137352,1.712707
3.601965,2.721596,10.586600,84.994781,80.224098,136.078934,0.555661
3.244044,3.301615,13.750642,90.152092,88.697029,121.231537,-0.621259
3.611342,3.003315,11.922188,94.543640,90.355225,136.738251,0.439790
3.020770,3.046332,10.784782,83.892563,90.280655,112.059937,1.142862
3.593259,3.051894,12.263894,97.208862,91.702339,130.429169,0.181618
3.308500,3.292531,11.348642,102.695892,99.773300,131.793518,2.943419
3.015837,2.800451,11.493528,80.855049,81.923904,109.716866,0.000102
3.108208,3.280605,12.911969,90.501411,93.107307,123.735764,0.711465
3.170916,3.372969,13.208101,95.742096,96.353371,129.651382,1.124447
3.151542,3.152812,13.097678,89.664085,90.583221,120.435799,0.138557
3.073739,3.233412,12.691488,90.489296,92.096870,122.483963,1.215161
3.407560,3.006803,11.873047,88.666466,90.017464,125.023170,0.963293
3.092814,3.123420,9.977839,90.168045,89.903755,120.612778,0.790804
3.731009,3.109419,11.434212,88.466698,95.623413,142.825394,1.002499
3.571293,3.163982,12.047314,86.462959,97.055443,131.668625,1.390157
2.917341,2.960937,9.117415,87.322906,92.561195,132.737274,-1.124795
3.107526,3.166203,12.271745,90.496063,90.087395,121.171074,1.085268
3.282358,2.936015,11.324686,87.514442,91.539894,119.565407,1.481740
3.772803,3.435589,14.031898,85.984970,110.736603,141.552200,2.737870
2.902035,3.175713,11.740787,84.416008,80.933426,119.003311,1.313287
3.072234,3.150889,10.122574,90.056030,90.024529,120.472321,0.670358
3.293938,3.115746,12.111059,94.088303,82.372734,125.736488,0.663387
3.174502,3.252084,12.507843,87.232994,84.084755,127.672470,1.250166
3.115367,2.959891,11.571261,86.359055,86.037033,121.694458,-1.527358
2.881891,3.266214,11.074147,88.439461,93.241684,118.080887,0.878845
3.376704,3.152970,13.183071,78.298592,92.387711,130.229950,1.812631
3.568334,3.116440,12.078790,91.734558,92.635307,132.397003,0.896289
3.147963,2.774706,11.025487,87.445450,79.304245,116.606529,-1.029756
3.548176,2.840430,11.579365,78.421890,83.705246,133.005569,1.168490
3.452340,3.016751,11.777104,87.678856,91.122574,127.300323,1.008853
3.128546,3.147171,11.267801,89.793449,89.586662,120.162971,0.212763
3.063157,2.899349,12.070316,84.476677,80.549423,115.340591,1.261879
3.476064,3.233599,10.680941,88.741280,105.639664,139.888672,2.021764
3.441634,3.120790,13.433119,92.311096,98.299171,130.513107,1.437001
2.989019,3.257595,11.747767,89.071747,96.230888,117.304451,0.578161
2.844103,3.109784,11.449668,81.733757,80.182899,112.705917,-0.436820
3.471459,3.051775,12.172204,81.892044,89.991219,130.078278,1.310648
3.239615,3.181217,12.442122,92.251854,83.793839,120.225365,1.059238
3.383512,3.158028,11.181828,89.196365,91.050049,138.453079,0.985944
3.107229,3.220993,13.968632,87.942703,87.523422,118.637138,-0.306851
3.491454,3.069501,12.668269,85.988708,95.896843,129.676041,1.373464
3.204848,2.895055,11.716187,82.809547,83.203979,118.437950,0.543900
2.518895,3.071948,9.628835,82.738335,89.635361,114.138870,-1.401530
3.130679,2.890892,12.330400,85.722809,80.075569,115.955956,0.379782
3.185747,3.121789,12.046268,90.783279,91.853897,121.085701,0.098382
3.345475,2.935620,11.444493,87.653969,81.604691,128.214325,0.527996
3.153365,3.326099,13.222625,91.374596,97.484375,126.188110,0.956041
3.236813,2.874057,11.391434,83.858521,84.115677,120.579651,1.002135
3.200282,2.840625,11.582225,92.958015,82.972313,117.985420,0.195538
3.630881,3.359335,13.779369,86.482048,101.283066,144.805054,2.143310
3.656836,3.171701,12.483723,94.175743,96.629578,134.124420,0.917574
3.091287,3.110074,9.903361,89.889221,89.901428,120.139473,0.725066
2.633270,2.990839,8.776232,82.150307,98.130653,129.389832,-0.480770
3.176599,3.228536,11.318267,94.692581,93.808861,133.245743,1.351440
3.574017,3.088778,12.808236,94.913071,94.719131,130.848328,0.149272
3.322048,2.932292,11.605628,87.887573,87.809830,119.494232,-0.051436
3.329190,2.921282,10.973068,90.889374,93.113945,130.291992,0.754639
3.101879,3.207743,14.045058,89.671829,91.320396,121.895660,0.890762
3.106981,3.153823,11.558032,90.055923,89.915009,120.480103,0.691873
3.158851,3.136374,14.220615,87.120155,91.326859,119.650734,-0.103187
3.097510,3.186520,12.653401,89.628212,89.692856,119.877655,0.314335
3.555185,2.819976,10.728862,77.719215,83.531288,133.769562,0.878000
3.060669,3.222498,14.720045,90.536652,91.012657,123.503334,2.433544
3.426267,3.007560,12.690272,89.542885,90.402779,127.880501,0.749605
3.645911,3.071760,12.502939,96.303329,96.476944,134.365295,-0.203810
3.800077,2.992082,12.776162,81.282639,85.484238,142.044159,1.645152
3.199272,3.127716,14.000089,84.959671,89.093193,116.945000,0.098835
3.106892,3.129798,11.572877,89.964607,89.963295,120.168243,0.982616
3.119160,2.688899,11.364430,90.552017,79.564430,114.318016,0.385034
3.359478,2.952999,12.079278,85.989342,89.526436,124.373787,0.922876
3.676961,2.882964,11.439105,102.777969,90.957069,133.154861,0.911199
3.310091,2.676600,10.939630,97.473152,80.855629,121.413383,-0.442940
3.644264,3.173363,13.155206,97.006020,92.634651,133.908142,-0.123464
3.289473,2.889916,10.772561,90.669800,86.049873,125.535454,-0.216598
2.976363,2.910648,11.555526,80.826912,84.702385,110.056366,0.545839
3.541996,3.002111,12.039593,79.590027,91.604561,132.091202,1.384008
3.600951,3.176883,11.539989,94.737877,103.967506,140.735687,2.081126
3.746135,2.697417,11.127885,79.557892,75.858757,140.727524,1.287448
3.285099,3.040639,12.269998,79.229828,96.276917,119.786148,2.061680
3.111346,3.090642,10.219836,90.025818,90.026169,120.281540,1.170696
3.342161,2.940173,12.050012,85.609375,93.174477,119.677925,1.127040
2.959666,3.396271,11.995658,85.033554,88.397507,121.226601,1.368530
3.278795,2.983453,10.663468,93.355980,92.174232,122.595474,1.030813
3.638834,2.934053,12.881217,80.967049,82.700333,137.408875,1.626196
2.856675,2.621660,11.112325,80.782684,75.034645,104.186073,0.349757
3.202972,3.227252,14.473436,86.713684,93.813118,126.735657,2.392068
3.294481,2.847079,12.084093,92.431229,83.022545,123.826088,-0.582658
3.524545,3.257957,13.020365,85.561569,99.342659,136.159286,1.476462
3.238578,3.336918,12.347154,100.475899,102.355537,128.593811,2.296465
3.315111,3.074445,11.152446,95.678215,94.645958,130.644882,2.263841
3.177718,3.210258,11.638433,96.030090,85.022049,129.737213,1.934616
3.115762,3.207477,14.061979,89.172211,89.719109,120.941170,0.170753
3.096553,3.209562,12.039162,89.752037,90.232208,120.284119,-0.130571
3.171161,3.158623,10.625702,93.508064,93.036469,122.619835,0.854168
3.081339,3.077241,10.878510,83.791107,96.963783,123.044716,-0.366812
3.079547,3.247208,13.575823,86.220993,88.868965,121.843483,0.095075
3.089848,3.198537,11.152061,89.755569,89.996368,120.289841,0.046162
3.480868,2.909673,11.770185,93.731995,85.134415,130.666183,-0.335363
3.233076,2.842261,11.273611,77.506828,82.544464,122.784981,1.055436
3.106686,3.097645,10.251113,90.011658,89.838226,120.038589,0.852628
3.203312,3.123304,13.155126,89.466301,93.640755,120.677109,0.506587
3.850655,2.833430,12.055806,73.837868,81.030502,142.122131,1.328768
2.874433,2.809469,10.312137,89.631950,84.066200,112.266434,1.636753
3.096262,2.778190,9.704211,85.967575,84.790024,113.612923,1.055394
3.727829,3.209083,13.141916,81.710548,99.976044,138.427338,1.542332
3.093067,3.107968,10.031528,89.619118,89.818130,120.021004,0.803346
3.359343,3.010173,11.673437,86.035629,87.160324,124.150047,0.368946
3.009872,2.668209,9.806256,84.610931,81.533897,110.514252,0.905241
4.125861,2.725252,9.465096,102.123672,85.709190,151.797836,0.289070
3.415632,3.048246,11.134679,92.400879,93.741066,126.580238,1.662331
3.451422,2.776942,11.687822,84.306702,78.447891,131.818665,1.147167
3.104335,3.147581,11.308092,89.897820,89.915321,119.999626,0.227001
3.379818,3.150239,13.641946,80.795700,90.119957,130.301849,1.565832
3.094039,2.720182,10.719201,86.829346,79.808029,112.910469,-0.309524
3.695320,3.166651,12.595168,81.422371,96.758652,136.157242,1.436336
3.138849,3.321635,12.723255,91.994568,98.152084,130.338928,0.971767
3.184864,2.932656,11.379603,85.005806,91.028793,115.539383,1.940887
3.503281,3.081380,12.257467,92.090477,97.150063,126.633629,1.687860
3.230618,3.265678,11.128371,86.910339,90.910164,133.223282,0.802217
3.334616,3.022407,12.609343,91.537529,96.529709,128.341324,0.788952
3.166465,2.796979,10.231706,88.538300,77.513367,120.514999,0.162573
3.552335,2.900614,12.414708,84.282608,82.079178,135.671967,1.170816
3.382671,3.294940,13.352707,92.537933,97.289986,135.167435,1.873151
3.082438,3.328066,11.166838,92.367134,93.423447,124.385025,0.509657
2.822767,3.138698,10.321597,84.670082,86.504288,121.327606,2.071790
3.012808,2.901842,9.847445,94.561684,86.428322,119.289169,1.460988
3.394455,3.249813,11.517230,90.373070,108.708847,133.534271,2.019948
3.723742,3.189146,13.284677,84.849106,100.143799,140.167831,1.733264
3.585798,3.081340,11.729239,97.424622,93.857391,131.118362,0.562777
3.739793,3.603585,14.518933,96.156364,112.225471,150.589539,2.549784
3.196923,2.679803,10.688006,94.066422,84.823242,118.138145,1.355999
3.031011,2.974009,12.164134,87.096344,81.972038,110.464417,2.027047
3.003570,2.903848,11.674976,86.363686,78.180275,113.354790,0.972846
2.980917,3.162312,11.642617,90.290924,88.337440,112.950699,0.934656
2.977829,2.912559,11.165427,85.497833,82.871384,108.699776,0.362334
3.361091,2.951904,12.428885,84.467987,92.516182,123.156212,0.643617
3.143363,3.076307,12.905431,89.402046,90.536118,118.794739,0.452084
3.084294,3.119036,10.290356,89.736710,89.918854,119.729523,0.683227
3.143351,3.277799,13.583631,89.183022,92.397812,123.381218,0.077507
3.180231,2.714141,11.772338,89.747383,79.924950,116.621307,0.361683
3.554883,3.076665,12.263058,94.508423,91.833450,131.165817,0.772068
3.192194,2.972002,12.639081,83.452347,83.526581,118.223770,-0.096066
3.467047,3.017256,11.777379,89.787689,90.319237,126.458923,0.526692
3.292857,2.902702,12.029922,87.825645,84.201080,122.145050,0.962890
3.395642,2.914373,11.818804,89.882568,90.292191,126.136269,0.047456
3.457465,2.891924,12.483767,73.765083,81.826668,132.337830,2.023693
3.049405,3.144581,12.449892,85.075958,86.528847,112.845955,0.456848
3.347685,2.975860,10.441965,91.842934,91.854698,123.736786,1.561894
3.297036,2.937721,11.597036,88.186249,90.724457,118.137787,1.354012
3.049493,2.762170,9.670424,83.876122,86.146820,111.926888,1.997865
3.427512,2.680048,10.857587,98.329269,83.930138,124.318268,0.373861
3.583526,3.195558,13.208961,80.635170,97.890427,133.753601,1.468706
3.806975,2.788600,11.705591,73.153786,78.909828,141.979065,1.238528
3.556655,3.089031,12.077914,91.856270,92.128014,131.542038,0.750190
3.094539,2.784584,10.083323,91.244728,85.195663,114.987419,1.655558
3.125030,3.397270,13.762768,89.256638,88.895485,122.361526,0.397799
3.510637,2.774874,11.839300,72.977379,78.199394,132.227051,1.657295
2.779212,3.145316,11.421857,83.318153,82.949486,116.837196,1.975447
3.746304,3.230837,12.850806,99.765602,98.514679,137.394760,0.801958
3.113870,3.150954,10.649266,91.011261,91.298065,120.833023,0.485106
3.517886,2.797040,10.127439,91.266319,83.088127,131.527603,0.040823
3.172466,2.973229,13.190720,85.761917,94.039803,114.663200,0.799650
