3.118319,3.112522,11.242083,89.678864,89.766830,119.860016,0.819551
3.929202,3.398872,13.688088,104.477707,105.788681,144.220245,1.230662
3.080311,3.161062,13.182898,89.967987,90.462662,120.731171,1.411472
3.445579,3.166770,12.095342,98.085579,86.254440,139.088654,1.986401
3.341068,2.917193,11.260076,91.618149,89.421219,119.024902,0.781538
3.850261,2.864185,10.274407,104.720436,89.903862,142.714340,0.234196
2.857565,2.708892,9.522301,90.369827,80.173447,120.157829,-0.800978
3.133639,2.733623,12.012795,95.862801,82.006752,116.196053,1.802085
3.589559,2.967581,12.341340,83.063644,86.453461,134.746475,1.429179
3.022190,2.982073,10.168685,83.547905,93.990814,127.802452,-0.417066
3.595404,2.877021,10.968338,76.771103,83.454163,136.007324,0.971815
3.060198,2.831166,11.628788,88.126442,78.513145,116.817017,1.230745
3.610865,2.987980,10.839596,85.020477,89.498840,137.518631,0.591758
3.130809,3.371483,11.994426,90.871964,93.399925,129.979538,0.947656
3.499166,2.864381,12.943416,95.464447,86.456383,128.330460,-0.337991
3.375715,2.933490,13.422119,93.150246,86.008751,126.512329,0.522131
3.090170,3.167137,11.067904,89.402855,89.980408,119.857506,0.292151
3.188951,2.707046,11.343075,88.632744,80.723190,115.365578,-0.221277
3.702550,2.907311,12.128595,79.834709,85.456802,137.998596,1.487153
3.066236,3.180006,14.484854,88.994774,90.324753,121.308685,1.839760
3.068973,3.064708,11.713225,92.380318,85.632072,117.338928,1.440507
3.422568,2.819111,9.454867,97.830803,88.381889,125.732376,1.028310
2.967646,2.612094,9.480821,89.861664,78.767944,116.062019,-1.003767
2.666420,3.118382,10.878464,86.869995,84.496887,113.804924,-1.711963
3.364546,2.998971,11.597445,88.581299,91.134361,123.558594,1.132313
3.214060,3.007519,12.404787,85.375694,84.676033,124.852219,1.075872
3.298366,2.868070,11.099512,83.875931,86.375641,117.290092,0.140348
3.707489,3.145661,12.859017,78.232864,97.588066,135.138641,1.989657
3.102546,3.106247,10.513442,88.891335,89.558556,118.681061,0.368583
3.582279,3.124198,12.006499,95.555031,94.832260,131.881302,0.937885
3.287183,3.220639,13.961799,86.207153,94.640442,128.779709,2.005433
3.099873,3.055505,11.849464,101.882408,92.869804,121.165993,0.925893
3.199108,2.838546,11.980344,85.786812,81.527397,116.207298,0.244105
3.417010,2.935560,10.762513,91.398277,82.028351,136.403503,1.702560
3.646698,3.095100,11.434382,88.805862,91.861214,135.612793,1.023600
3.095473,3.144752,10.718202,89.887512,89.980293,120.279556,0.344729
3.234188,3.062635,11.089804,88.797134,89.543518,119.599510,-0.344505
3.114354,3.125507,11.882047,89.746696,89.972221,119.923050,0.953312
3.545560,3.113113,12.676390,91.758629,94.249725,135.961792,0.943156
3.044804,2.848044,9.840992,101.302620,91.079536,118.567497,-0.237895
2.844120,2.818705,10.198217,81.511093,82.999413,107.906921,1.700728
3.895891,3.306154,13.540333,92.153358,109.343796,142.897263,2.153506
4.025471,2.769178,15.424505,69.518692,75.968208,147.336823,1.950955
3.093817,3.119107,10.044127,89.963669,89.851570,120.274048,0.751684
3.367834,3.014299,12.949106,88.752151,88.909317,125.640106,-0.774560
3.050210,2.809284,9.094888,85.374428,85.305214,112.727257,1.171557
3.018586,3.060768,12.167353,95.807831,94.198532,117.500908,-0.233483
3.477425,2.753830,7.560391,94.254501,81.318542,134.915497,0.527272
3.093847,3.207721,11.508473,91.953384,84.083832,130.928177,1.773463
3.113353,3.125535,11.689072,89.952408,90.091057,120.265831,1.102452
3.559645,2.908535,10.097390,93.486351,85.443817,136.255905,0.407642
2.913263,2.447739,8.221190,79.601395,94.708603,113.987228,-0.257491
3.139860,3.196556,12.666074,90.413567,89.655869,121.129715,0.227704
3.013930,2.801074,11.503378,84.089317,79.957253,111.407539,0.251720
3.557452,3.040473,12.403035,94.365173,90.595520,135.140976,0.085221
3.199983,3.164399,13.525948,90.354050,97.613739,124.461922,1.221430
3.092862,3.185202,10.358272,89.664642,92.162857,118.399345,0.566998
3.070423,3.239238,11.050670,90.474266,90.817268,121.488403,0.148525
3.423037,3.097965,12.121711,87.383347,87.694023,130.182236,0.738944
3.727363,3.053200,12.531431,84.914612,87.903931,139.890152,1.094622
3.667471,2.914607,9.306848,97.034660,88.835396,140.418839,0.418454
3.164959,3.301680,13.366840,91.830643,88.593613,117.701065,-0.255872
3.359150,2.908564,12.070553,82.335869,96.930489,121.308960,1.875742
3.633818,2.904398,12.646060,75.721909,81.952751,137.369614,1.593464
3.105880,3.168728,10.421616,91.529114,91.527382,121.485817,0.655655
3.600162,3.144456,12.864067,84.209061,96.702713,136.019333,1.337176
3.066440,3.085242,12.351073,82.755348,86.539566,114.421707,1.361392
3.134212,3.176745,12.978380,89.165405,90.446159,119.372108,-0.093532
3.798007,3.001026,12.478672,81.973755,86.231277,141.691635,1.386909
3.133648,2.897937,12.081052,81.501610,84.849075,114.381470,-0.025751
2.857159,2.882251,10.246675,89.957222,91.047729,115.359451,-0.117936
3.091166,3.177912,11.173138,90.031944,89.932137,120.554779,0.378656
3.275270,2.921068,11.488747,83.951462,83.748566,123.190575,0.742210
3.099525,3.127697,10.790773,89.922676,89.900490,120.074326,0.742654
3.128783,3.109256,12.327776,89.795074,90.035973,119.963745,1.197777
3.539075,3.054215,11.234692,100.465569,93.144508,139.027130,1.185377
3.224381,2.730496,11.681720,90.478714,79.293808,120.779549,0.833227
3.107244,3.126929,11.429460,90.088448,89.924706,120.268646,1.007695
3.100700,3.128534,10.855430,89.655426,89.798309,119.749352,0.562295
3.419855,3.011215,11.909821,88.696037,89.798882,125.927429,0.892960
3.166814,3.248272,13.963243,89.063431,94.677086,125.902382,1.327255
3.213702,2.917218,11.569652,77.573936,82.951561,121.625786,0.967844
3.080470,3.153187,12.244395,90.170174,90.026947,120.571320,1.385414
3.276416,3.054953,12.324937,83.437485,92.529053,119.259171,1.261287
3.108721,2.835686,10.984881,85.099632,82.860260,113.529831,-0.516386
3.537419,2.799652,12.500145,97.035400,85.533836,128.668137,0.369692
3.094316,3.186848,10.958420,89.114426,90.099693,119.715889,-0.210181
2.813644,3.195869,11.833157,85.641525,81.105637,114.023300,0.303611
3.368943,2.622546,10.505399,95.103546,81.341148,122.529411,-0.601214
3.219675,2.994122,12.022978,79.565056,92.692261,121.442368,1.896228
3.509339,2.976689,11.065432,84.977554,87.223732,135.333282,0.512658
3.102087,3.144945,11.213664,89.562019,89.796539,119.628654,0.287403
3.199357,2.863849,8.907272,95.247726,81.469780,126.611565,0.087882
3.096059,3.142930,10.893521,89.897736,90.011787,119.986153,0.335789
2.917147,2.859580,11.177535,85.679688,81.084595,109.242165,1.272745
3.091855,3.239197,12.079770,89.594887,90.290939,120.721031,-0.083316
3.423096,3.030156,12.238393,91.287994,88.302803,123.419182,-0.726400
3.341800,2.892578,11.259912,87.666954,86.718925,120.831215,0.171322
3.403841,3.178151,13.195879,84.361443,97.854172,128.179916,1.194880
3.423415,3.095873,12.003043,86.093941,105.227089,124.944138,2.482348
3.131590,3.069381,10.839727,89.828125,90.070251,119.958878,1.356640
3.343714,2.994252,11.689940,86.779793,90.329185,122.785957,1.072215
3.000225,3.156304,11.904568,81.050705,84.808418,118.963966,-0.470045
3.416333,2.978892,11.938702,91.127090,93.232323,122.700531,0.950788
3.212546,3.040606,12.480641,83.696693,84.147881,119.986633,-0.324585
3.526635,2.889617,11.704770,78.964523,84.361320,133.299103,1.042028
3.595540,3.062611,12.869921,77.366425,90.267372,133.335709,1.788293
3.082887,3.136934,10.419518,90.235260,90.258728,120.075874,0.552766
3.132929,3.239110,13.068509,87.342606,84.611351,125.151604,1.623346
2.631852,3.052603,10.704437,84.539635,80.666733,113.920746,-0.191907
3.143620,3.031908,13.548067,83.763664,86.431351,120.504776,0.296900
3.172298,2.939577,12.706968,83.700691,79.079506,127.180092,2.102648
3.136395,3.171697,12.506719,89.718864,89.618759,120.358109,0.217378
3.199279,2.803054,12.888101,76.341072,79.096725,122.762520,2.146137
3.145713,2.854232,11.122326,84.131523,92.236710,117.129181,1.702511
3.537656,3.102906,11.980301,91.168922,93.874878,130.166748,1.065097
2.751168,3.020889,11.003051,86.808617,80.271507,111.486351,0.458189
3.378623,3.113669,13.131453,87.216042,90.136772,125.456413,0.063552
3.392719,3.107359,13.362337,87.405884,90.744728,124.731567,-0.250830
3.502235,3.035840,12.463690,80.508949,90.907730,131.462646,1.334354
3.058678,3.249709,13.411628,88.782722,90.392097,119.453011,0.036175
2.933251,3.256289,12.777351,86.401505,84.921623,118.365738,-0.149775
2.981703,2.927873,9.925244,91.409386,97.151848,126.221664,-0.199855
3.815851,2.954361,12.410254,80.084282,85.013290,141.880096,1.498458
3.396785,2.833584,11.194129,82.997688,82.857864,129.524139,0.753670
3.224619,3.184683,11.983223,89.499298,98.004349,126.525085,0.692108
3.077697,3.128251,10.039714,89.986855,90.192245,120.084793,0.671005
3.691826,3.248737,13.187117,86.705727,102.446381,140.484665,1.839484
3.383828,2.820272,9.316659,84.970413,81.433311,133.337204,0.487237
3.306424,2.851984,11.153159,85.782249,81.341125,125.681465,0.332803
3.107769,3.143389,12.268406,89.917366,89.917152,120.187263,0.960030
3.173789,2.931346,11.622638,86.890984,98.339211,121.420776,2.854799
3.122100,3.116985,11.981901,89.711655,89.908646,119.764763,0.826095
2.971969,3.089175,12.413381,82.384369,84.406807,111.007202,-0.264376
3.194984,2.860343,11.665360,83.306610,84.475433,114.650085,-0.186105
3.170258,2.908593,11.911268,82.357445,86.803398,115.918083,0.477807
3.238555,3.006482,11.724133,81.395561,90.884499,119.278320,2.018573
3.105925,2.991846,10.698407,93.282936,93.724075,118.024490,2.648248
3.164152,2.786789,12.639210,88.211388,80.123756,118.005211,1.454697
2.878369,3.154846,10.364128,91.522949,83.364296,125.608826,1.439157
3.090011,3.090043,9.285003,90.018295,89.863686,120.295189,1.058071
2.671635,2.873230,10.115446,88.811867,85.961906,106.196846,0.573475
3.288923,3.451570,12.376044,89.986069,109.146431,135.792404,1.812999
3.080117,3.179739,11.953442,90.541168,90.079514,121.048813,1.105532
3.483798,3.040803,11.860135,88.755356,92.542854,127.475449,0.957188
3.425788,2.941559,11.926979,84.898132,98.839813,121.665421,2.226177
3.309065,2.959506,12.862237,79.468559,81.995575,126.474121,1.711610
2.958272,2.865226,10.833231,82.761520,84.406380,108.690475,1.008853
3.344647,3.148895,14.321213,87.248253,96.525131,127.194656,2.042025
3.460584,3.031335,12.413401,89.260162,91.011459,130.312210,0.688559
3.111263,3.373652,12.142205,98.170441,95.052231,122.876350,0.896996
3.447821,3.152159,12.418416,89.420044,89.608681,124.489494,-1.097933
3.659506,3.132879,11.615561,91.582710,91.573059,137.001205,0.706091
3.223871,2.945675,13.431326,89.819977,81.630928,126.618805,2.678016
3.097231,3.128786,14.574462,88.343887,89.971642,119.767479,1.505227
3.093642,3.071868,9.570202,89.647491,89.697624,119.688004,1.145665
3.092712,3.162250,11.821317,89.922615,90.270973,120.045822,0.409201
3.292002,3.028715,12.335710,84.248146,91.129341,119.164238,0.493219
3.181891,3.029245,12.108795,83.114258,95.586830,117.048615,1.112516
3.112398,3.162757,10.714662,89.401268,89.598457,120.099823,-0.073212
3.888587,3.222615,12.490944,106.063744,99.498428,140.450790,-0.035240
3.092383,3.052925,12.261335,81.863258,93.817017,119.778366,1.734215
3.077764,3.187388,11.081178,90.154556,90.162315,120.645111,0.348995
3.174026,3.327303,12.158105,100.724586,99.806328,128.004944,2.448230
2.764966,2.857853,10.868329,83.830597,99.895226,115.720627,0.077115
3.413246,3.009625,11.613997,87.686028,90.726242,125.444740,0.994853
3.105814,3.135458,11.104620,89.958595,89.769226,120.134254,0.606444
3.089041,3.179323,11.622657,89.891785,90.002052,120.046906,0.351519
3.555096,3.123107,12.705174,79.578735,97.970940,130.674194,1.851796
3.542554,3.130362,10.770267,92.492897,102.212357,139.828537,1.872576
3.663826,3.083193,12.030799,87.922188,89.633232,137.806976,0.960613
3.092757,3.151668,13.282207,89.900291,90.046768,120.116753,1.046461
3.588706,3.146101,12.996845,92.781242,97.458282,135.962143,0.882333
3.085382,3.203851,10.765024,89.397057,90.338745,120.108284,-0.294527
3.308610,3.222133,13.300979,86.289749,93.385124,131.056137,1.463005
3.492212,2.929903,12.038603,79.620880,83.941193,133.901047,1.050011
3.142163,3.219422,12.875237,90.339973,92.967682,121.858871,0.287556
3.547673,3.046769,13.639649,95.641785,92.068489,134.033737,0.717661
3.628209,2.888111,11.151177,78.706665,84.545174,137.304642,0.852615
3.191931,3.230095,12.310678,92.402161,83.872627,119.391937,0.343158
3.210022,3.170152,11.381586,84.668831,99.661629,126.752350,1.034516
3.370992,3.012900,12.444002,97.073502,84.025681,129.766800,1.471856
3.107872,3.176649,13.239135,90.112404,89.658180,120.817657,0.917413
3.123339,3.430438,12.723427,100.560982,105.861313,131.041031,4.025248
2.963500,2.972712,11.450486,88.110283,83.363098,111.092377,1.306483
3.765916,3.241059,12.271651,96.910149,98.905579,138.643036,1.037077
3.194517,3.314609,13.766665,91.093636,95.896423,129.816177,2.062206
3.908769,3.309519,13.444764,105.597374,106.065598,140.612762,1.345197
3.123101,3.148024,13.194621,89.322746,89.741875,119.704941,0.535815
3.585580,3.106357,12.430506,93.908165,91.751724,132.871933,0.671378
3.264013,3.098104,12.577163,86.139366,90.383766,123.532089,-1.114484
2.579859,2.919217,9.605160,79.388145,93.947258,108.352257,1.444239
3.372639,2.998545,11.779841,86.754936,87.781456,123.148880,0.070954
3.616887,3.119589,13.014165,97.746872,94.546074,138.345871,0.472292
3.101607,3.170582,12.089703,89.777931,89.904465,120.218430,0.435313
3.159950,3.204782,13.141754,89.510605,89.394058,121.017838,-0.253718
3.708616,3.135718,11.834132,87.931053,96.547379,143.895218,1.331522
3.470707,2.690711,11.201195,101.630424,84.983780,124.442284,-0.729648
3.235836,3.033561,11.646764,91.542839,92.725800,120.464386,0.447643
3.572314,3.039337,11.247622,92.837021,90.757156,138.341278,0.676708
3.083815,3.157921,10.663321,90.007103,90.033096,120.355408,0.466981
3.704711,3.192305,12.183510,97.982094,99.308945,142.278809,0.890177
3.061762,3.073663,11.520900,86.662376,89.163872,121.163277,-2.110017
3.009626,3.219494,13.947921,86.116150,88.609436,120.457771,1.671027
3.581129,2.949016,12.926206,96.931992,88.256950,133.888138,0.254127
3.108855,2.939582,11.799189,94.666107,97.255241,118.553261,-1.452991
3.111295,3.153939,13.555470,89.453316,90.437782,119.154350,0.422609
3.854338,2.860800,11.756747,104.627724,90.822693,140.434540,0.256863
3.063272,3.146499,11.453606,90.709473,99.003815,124.886475,0.618112
3.289963,3.185282,11.834373,93.700676,90.696259,133.081161,0.525692
3.095919,3.145098,10.914288,90.123131,89.990776,120.380104,0.596444
3.251544,2.954124,11.690861,94.119804,81.715500,124.678055,0.929548
2.615304,2.929801,8.900437,79.477287,97.002945,118.828377,1.124116
3.779090,3.140172,12.890124,77.085426,95.552719,138.183197,1.858680
3.688748,2.834877,12.061596,86.017365,79.624023,140.464813,1.356447
3.636610,3.146228,12.005691,93.163315,94.244682,134.743500,0.903385
3.179617,3.064313,11.650954,80.981766,84.156830,120.798775,0.314036
3.472692,3.052368,12.063284,88.426758,94.893723,126.288895,1.434496
3.378418,2.990905,11.438026,89.024567,89.625580,124.776146,1.147692
3.743632,2.817210,10.291423,82.120468,84.855370,142.274567,0.761753
3.005161,2.901517,11.402740,83.778084,82.775276,111.942162,0.057051
3.797698,2.913146,12.467239,104.451782,90.996834,139.118591,0.371946
2.900387,2.872421,11.176640,79.003830,87.612206,110.654251,0.217930
3.139844,3.274978,12.652730,87.874969,90.850487,120.389641,-1.012525
2.670773,2.721557,10.104751,77.647423,86.534271,106.032295,1.613763
3.265512,3.140190,11.428973,98.331589,96.930054,125.162476,1.652423
3.093423,3.155670,11.118433,90.168800,90.035423,120.495369,0.696618
3.110297,3.084448,10.396606,89.959801,89.850067,119.981880,1.138617
3.195117,3.250388,12.719439,87.680595,93.010834,121.827545,-0.368986
3.091368,3.203209,14.055022,89.653526,89.440613,121.224136,1.029780
3.178184,3.098449,11.947117,89.511337,91.595833,118.929245,0.049257
3.154009,2.870314,11.173242,86.152863,83.261604,121.031441,-0.574881
3.329167,2.741893,11.683582,79.448227,77.050644,127.426926,1.151028
3.050143,3.236920,12.486979,90.973602,91.103897,122.384766,1.420593
3.236584,2.868144,11.439165,85.033226,84.075150,119.919312,0.939639
3.714890,3.121290,12.563522,80.395294,92.518669,137.490677,1.517693
3.514475,2.871713,10.355628,87.072601,86.480087,133.706619,0.412727
3.282429,2.971133,12.408371,80.851151,90.889366,118.131691,0.933738
3.687738,2.967689,13.088292,101.575218,91.617699,131.749374,-0.135263
2.774803,2.873409,10.201330,80.189278,93.983200,114.091492,-1.128221
3.102441,3.094423,12.500442,84.966660,98.689774,120.661903,-0.454210
3.109551,3.151813,11.234816,90.019829,89.772087,120.365471,0.508401
3.848489,3.074105,12.402214,79.194633,91.907593,141.230042,1.728729
3.502268,2.768198,10.990922,94.324448,83.194237,129.710861,0.349154
3.234840,2.872495,11.955068,78.474846,82.379318,122.123474,1.528972
3.491265,3.131470,12.556426,90.487999,90.578407,129.329971,-0.089703
3.094552,3.217727,11.096674,90.105370,89.980263,120.938019,-0.106771
3.103261,2.670658,11.496158,97.344673,84.309837,119.313171,0.489637
3.124680,3.148132,10.897836,90.011230,89.669785,120.446243,0.237720
3.083293,3.178062,10.649016,90.158516,89.985596,120.632706,0.319662
3.167585,3.196772,12.848160,91.026337,93.857101,123.014496,0.789002
3.206137,3.066750,12.050797,90.805275,90.981934,120.655136,0.007518
3.582324,3.132471,12.811894,95.119263,96.390289,129.710983,0.394455
3.117511,3.106223,11.430104,89.820297,89.956360,119.957176,1.098304
3.699692,3.157903,13.421202,98.373154,97.215279,136.853424,0.455317
3.509117,2.875947,11.881695,95.352043,85.667076,131.125671,0.352427
3.158244,3.124192,13.350377,89.979172,98.240005,121.637390,0.299137
3.524400,2.889191,12.080509,91.584167,82.481285,134.394089,1.286469
3.343525,2.864042,11.826834,88.379562,83.214752,126.502304,0.751121
3.651760,3.174543,12.454913,87.047104,98.461777,139.391510,1.379612
2.911593,3.567075,12.540604,93.909981,97.940430,133.072922,3.359387
2.977125,3.023335,12.392755,87.741188,99.009232,119.050720,1.226987
3.113392,3.169018,12.319389,89.628059,90.117172,119.843132,0.092100
3.643917,2.860796,11.128998,103.546799,89.823143,131.355438,0.120190
3.585791,3.118769,12.800078,95.253723,92.383095,129.752609,-0.512151
3.421302,2.824084,11.192653,89.423943,82.749901,128.197159,0.413855
3.099900,3.134417,13.295484,89.724693,90.448257,120.146286,1.290200
2.980639,2.751053,10.302195,85.769356,78.896919,111.466408,0.140318
3.280599,2.822388,11.946445,76.495003,80.117378,124.226562,1.282309
3.376038,3.154099,11.350413,86.493576,90.153709,134.249924,0.561423
3.463010,2.839230,10.348826,97.604134,88.336151,125.632256,0.567528
3.404230,2.802348,12.845375,93.038216,84.745651,123.343086,0.038237
3.423127,2.981327,10.149879,88.835724,86.999573,137.846573,0.707127
3.123469,3.234578,12.591322,89.140785,90.972603,120.665665,-0.288567
3.056957,3.215570,13.668630,85.890533,89.216118,121.563835,0.693035
3.016351,3.251331,10.784396,83.223404,90.773659,126.498672,0.993443
3.579967,3.194414,12.828427,90.804382,96.074219,140.073273,1.345790
3.702902,3.267169,12.507196,86.712456,102.994667,134.867935,2.252798
3.155658,3.113035,11.365712,88.164612,101.622215,126.460007,0.125014
3.630966,2.930517,10.704295,86.005867,88.840912,137.735413,0.554333
2.697874,2.910696,7.813947,85.525429,83.402214,123.802979,-0.783037
3.131830,3.149263,10.409229,92.169800,91.804466,121.582108,0.673865
3.538201,2.801494,11.865778,79.594322,77.168808,136.256241,1.401406
3.084244,2.900891,13.574313,78.193924,79.569145,120.751060,2.308815
3.254157,3.054265,11.308125,94.876305,83.326508,129.291779,1.675270
2.749028,2.750858,10.338653,84.257660,82.807625,104.476028,-0.258138
3.276388,3.048151,12.069058,86.102104,96.813881,123.557480,0.939127
3.525694,3.094407,12.621057,90.551300,93.864639,130.209961,0.706900
3.654010,2.951146,12.611259,83.054489,84.553032,137.808685,1.473681
2.820117,2.946907,10.748218,81.591446,81.014008,112.761162,1.503476
2.884208,2.819731,10.548923,88.070808,86.252777,109.859764,1.183295
3.099632,2.730360,10.851577,84.554039,81.083244,110.619675,0.082752
3.126759,2.837123,12.447859,85.017990,78.713753,118.389328,-0.053008
3.178157,3.137453,12.599963,90.629974,92.837418,119.658951,0.064026
3.407531,2.818028,11.628945,91.982239,82.560905,126.657997,-0.165610
3.501687,2.989761,11.832928,94.378929,89.394424,125.338684,-0.210818
3.371479,2.980994,11.923584,77.363739,88.397141,125.352585,1.628419
3.204082,2.812706,9.288022,94.306694,85.248596,123.508102,-0.815180
3.058519,2.809932,11.487558,82.409393,81.621277,111.662994,0.247979
3.079295,2.931046,11.821916,80.005272,83.997269,113.782997,1.053198
3.310798,2.701057,9.854666,97.350899,82.536621,126.704506,-0.478346
2.978498,2.960027,11.359632,88.159836,81.565315,113.451912,0.953741
3.186592,3.131379,13.761006,89.095131,91.058769,120.275955,0.446476
3.101997,3.144042,11.814300,89.861649,90.021530,120.170479,0.921559
3.130268,2.916701,12.491358,81.187592,86.787033,114.246231,-0.642561
3.302995,2.905756,11.304591,87.653046,79.410057,125.951515,0.447861
3.503413,2.949428,11.675360,81.694328,86.252007,134.481445,0.812828
3.471046,2.825043,8.663510,92.173401,84.418282,134.447067,0.332639
3.355520,2.833513,11.541989,83.302773,81.900360,128.790588,0.967737
3.330951,3.075124,12.314257,91.176712,89.197083,129.963287,-0.263542
2.655034,2.815883,9.800697,83.657173,87.710815,107.863892,0.160611
3.846845,3.024020,10.400913,99.104340,94.126297,146.397812,0.563846
2.937872,3.118605,11.103802,83.903809,79.314095,118.747910,0.156925
2.978164,2.868891,10.585024,90.916283,86.773315,112.748833,0.522034
3.118214,3.105162,11.712522,89.878799,89.739967,119.867630,1.089710
2.678070,2.757089,10.224812,78.124138,83.194901,104.645226,0.526862
3.288974,2.805224,11.015480,90.476585,84.509483,123.086182,0.047825
4.345602,2.657800,19.180468,65.594566,74.932266,155.817368,2.342198
3.046656,2.789553,11.279069,83.111252,81.553741,110.319481,-0.437941
3.121044,2.991542,9.839121,91.851738,87.797836,130.383194,0.094935
3.139395,3.143882,12.089890,89.718475,90.221329,119.788139,-0.253443
3.789728,3.225237,12.997479,91.222710,106.036911,138.631927,1.905890
3.114383,2.878978,11.546176,88.182182,92.066429,117.975281,-2.340172
3.281918,3.193008,11.509830,99.148201,97.017876,126.871559,1.415021
3.491851,3.030753,11.439386,88.161331,88.414856,130.693848,0.889921
3.233758,2.925665,11.284854,84.734489,87.595047,119.398537,1.300368
3.434809,3.120838,13.683451,75.907234,89.365417,133.192520,2.494747
2.994951,2.927353,11.912911,79.328804,83.996078,113.878357,-0.082837
2.714044,3.198043,10.814188,81.572334,98.459526,119.058380,0.665634
3.225666,2.969329,11.852910,100.534195,84.736565,124.105118,0.002427
2.908420,3.008005,12.090622,82.039459,80.409233,108.732452,-0.166505
3.250915,2.882521,12.019569,88.183861,83.988564,118.215775,-0.011391
3.044554,3.328151,11.254679,92.139725,96.527054,120.752235,1.628916
3.086144,3.165749,12.004970,90.059402,89.915604,120.376900,0.914855
3.279524,2.909334,11.981298,88.563293,85.296249,118.186951,-0.669912
2.923392,3.133841,10.836861,84.522064,89.851501,111.912384,0.990454
3.113806,3.204955,12.291859,91.448044,91.662361,122.217316,0.594013
3.139837,3.125865,13.559146,89.309273,90.080551,119.602470,0.720193
3.302631,3.274350,12.983800,90.501762,96.429245,128.332001,0.472343
3.111262,3.174471,11.224566,89.982559,89.801842,120.632645,0.230540
3.186050,3.270821,13.410886,82.394424,96.079231,124.681198,1.739738
3.200755,3.096796,11.745801,91.058395,92.205246,119.871857,-0.051047
3.442945,3.028561,12.211175,87.901344,93.590851,124.256622,1.119142
3.090003,3.163702,13.453259,89.629814,90.014923,120.025414,0.988241
3.646421,2.847176,9.513973,94.849945,85.389954,137.817368,0.356748
2.886965,3.062079,10.987775,84.087669,83.063118,112.803368,0.130163
3.601670,2.987417,11.054937,80.921707,87.768677,138.802536,0.881715
3.537935,2.821015,12.701290,97.671074,86.474274,128.259552,0.195845
3.434524,2.975787,11.615659,91.948387,89.057152,123.499573,-0.141930
2.880915,2.763860,11.377475,76.346901,80.279716,106.967407,1.104074
3.689892,3.139406,11.764610,93.086357,92.583626,137.921188,0.819160
3.232540,3.129813,11.677160,101.660660,96.208420,127.495483,3.115025
3.000015,3.121438,10.656243,87.404869,90.239655,114.110138,0.942610
3.080862,3.214546,11.412112,90.111862,90.257584,120.823631,0.103206
3.078021,3.130277,10.004231,89.687325,89.954758,120.117119,0.670903
3.072047,3.171151,11.316922,90.182610,90.291473,120.772232,0.728604
3.186969,3.203146,10.602984,95.471985,95.252953,124.803833,1.623381
3.288774,2.938061,11.155723,81.472412,85.307480,123.090256,1.161124
3.099535,3.159938,11.609028,89.941826,89.837952,120.199089,0.565863
2.997674,2.874803,11.459379,80.692978,88.372215,112.603149,2.004889
2.705594,2.842617,11.351580,83.334198,78.990028,109.801003,-0.622095
3.487155,3.064935,11.809930,89.620285,91.614990,128.827301,1.025879
3.115159,3.081473,10.400872,89.814102,89.871536,119.951363,1.139496
3.020995,3.109374,12.057137,81.285736,91.786140,117.975616,0.618651
3.431344,3.024268,12.252399,88.323257,93.400635,124.681160,0.910831
3.518853,3.024620,12.402259,91.992088,93.229118,130.095261,0.277617
3.073674,2.762995,12.140020,95.327400,88.751419,119.659126,0.592635
3.485172,2.813245,12.072455,78.388824,81.905464,130.998276,1.542070
3.620206,2.764446,8.778808,99.842163,86.283089,137.010223,0.341530
3.129127,3.146137,12.902965,89.270706,90.255577,119.811600,0.610876
3.516426,3.310234,13.657069,92.943840,101.404099,137.581696,1.753987
3.289016,3.037962,12.244177,86.293922,88.514885,120.647430,-0.156594
3.199009,2.881016,11.352452,83.745071,88.015877,116.800606,1.227113
3.104465,3.156031,11.889548,89.736992,89.757286,119.900787,0.404809
3.121136,2.731980,11.613452,89.281311,84.898094,120.060608,0.906085
3.215096,3.167716,12.297500,95.828590,99.342361,124.514488,1.892721
2.828943,2.753269,9.626477,83.932365,78.805916,114.909882,0.573662
3.809832,2.909691,10.007705,96.487869,90.099434,142.805267,0.256747
3.113797,3.079333,10.486862,90.057472,90.011047,120.096825,1.318458
3.168535,3.226995,12.356517,90.888321,89.853844,122.192162,-0.232901
3.812085,2.855941,13.364229,71.525314,81.526672,141.662994,1.703218
3.246986,2.997896,13.386065,75.405342,84.278923,125.236732,2.293608
3.270989,2.888402,11.615298,85.296379,86.217102,119.744476,0.628584
3.277746,3.077335,11.942904,87.315865,91.092796,119.157791,0.167263
3.312656,3.019301,11.794111,100.242897,92.207748,124.863823,1.162404
3.318450,3.103844,12.141911,82.907806,90.580276,128.334732,0.734183
3.092249,3.208737,12.501863,89.885208,90.776642,120.404419,0.217319
3.603838,3.103316,12.215097,90.588104,98.319313,135.583618,1.184249
3.345609,3.221375,12.099973,94.309822,99.895416,133.322266,1.822791
2.959110,3.307499,12.778310,83.814453,85.308418,118.231308,0.190387
3.230397,2.843386,9.925465,96.200073,87.780487,121.069237,1.863461
3.112101,3.110129,10.661652,88.973289,89.405838,118.920654,0.196208
3.095930,3.144871,10.828246,90.103462,89.973709,120.423340,0.690282
3.044428,3.152454,11.433105,83.256805,83.031883,125.695526,1.109709
3.395491,3.071863,12.209405,87.534775,101.111000,128.716629,2.689546
3.624384,3.091464,10.866085,99.532745,95.323486,133.449966,1.025765
3.276257,3.179232,10.317051,87.816727,104.422089,134.985779,1.191838
2.912505,2.781689,11.556212,80.452164,75.729996,111.479057,1.147429
3.342699,2.985425,11.353712,84.790123,87.969673,124.167061,1.108013
3.150778,3.115048,11.997416,89.815506,90.187744,119.833611,0.030262
3.221456,3.098075,12.528968,91.012619,93.063202,120.770569,0.000249
3.123482,3.185733,12.515713,90.568748,89.795090,121.336067,0.665088
3.344630,3.249886,13.418006,90.810448,95.173958,132.864059,1.102901
3.073288,3.259642,13.225418,90.565025,90.538361,122.367241,0.808474
3.083315,2.902732,11.622241,81.379837,90.932831,113.568153,1.927904
3.117836,2.985562,11.800746,91.731422,86.183090,112.484657,0.832397
2.852731,2.656560,10.184851,82.886024,80.511925,113.235649,-0.056748
3.460347,3.151960,12.081476,83.230080,98.101234,126.535858,2.281076
3.172274,3.151410,12.980508,84.259079,93.686577,122.456154,0.363783
3.651176,3.065970,11.921407,83.223618,93.740189,136.619156,1.072050
2.911026,3.103434,11.027008,89.393875,85.770660,114.917572,-0.753568
3.473904,3.022324,10.662248,92.265747,87.219940,135.699738,0.369306
3.194331,3.103669,12.257788,96.249367,93.058899,123.505478,-0.321482
3.141609,3.267635,12.234389,94.943565,104.376724,126.128494,2.639365
3.546842,2.948062,11.638633,92.993057,87.564560,133.749954,0.174008
3.691139,3.014953,8.434707,97.540337,104.125465,145.304276,1.567327
3.298668,2.917821,11.457267,86.727036,87.829201,120.630081,0.953657
3.110508,2.829190,9.799847,88.514603,82.505104,123.041245,-0.128331
3.552344,3.184487,12.622485,82.995529,100.362099,131.838562,1.729487
3.271235,2.892281,10.868416,89.196480,87.009735,119.560776,0.737792
3.090762,3.248942,13.588973,89.679153,90.745781,121.626907,0.332952
3.119081,3.114244,12.961311,89.407578,89.539642,119.315590,0.926469
3.135250,3.160585,12.340753,87.987892,94.402061,119.216522,0.788169
3.792197,3.057743,11.787030,86.505707,94.948990,141.774658,1.040289
3.591857,3.290328,13.303731,88.008080,103.090462,139.915207,2.253981
3.209205,3.172425,13.817386,85.680801,90.599190,124.793266,0.682786
3.025198,3.020601,10.206264,88.135231,90.258423,114.133026,1.599865
3.436570,2.982472,12.646896,90.932526,89.997681,126.987045,0.405226
3.517883,3.239908,11.804544,93.988892,105.646637,138.342697,1.817121
3.494904,3.162297,12.367463,86.682190,99.941414,131.597000,1.634381
3.698812,2.903100,12.323046,80.307236,83.143768,138.510300,1.416077
3.202489,2.891185,11.821889,88.637459,84.326942,114.761307,0.162604
2.849303,2.675586,10.887667,84.680855,81.104805,104.493256,-0.044087
3.029974,2.699897,10.368302,86.058884,82.317833,114.654510,-0.428304
3.117753,3.130298,11.745210,90.007256,89.714424,120.214561,0.825804
3.120643,3.184181,12.535093,90.447433,89.663780,121.070145,0.571788
3.086210,3.224129,12.057600,90.257828,89.937202,121.059746,0.219609
3.205543,2.879334,11.656601,86.364471,78.031265,123.504807,1.121668
3.511370,2.961687,10.423185,96.076340,91.673820,136.585846,0.542652
2.927624,3.097744,10.857137,87.613251,100.275368,121.435555,1.929834
3.537106,2.887546,12.002752,77.167221,81.443008,134.390625,1.169088
3.585316,3.114408,12.082172,95.533890,95.432861,131.330811,0.949218
3.509018,2.841972,11.810440,77.707939,83.735794,131.367477,1.404256
3.918125,2.786024,11.440613,84.843964,77.918503,148.267044,1.683554
3.877592,2.917610,12.615755,75.807434,84.019150,142.878876,1.786467
2.948309,2.747889,10.879252,76.194267,79.316086,110.862839,1.172510
3.271283,2.915645,11.999181,76.702271,86.978424,122.141136,1.698006
3.437375,3.006204,10.712042,94.494911,91.499748,126.301239,0.830577
3.477098,3.023766,11.564539,81.381180,90.163132,128.677338,1.399141
3.402796,2.843751,9.302789,98.348122,89.133667,125.387215,1.042987
3.109330,3.157734,12.766243,89.669586,89.812889,119.984779,0.666580
3.092386,3.112597,10.250998,89.955978,89.836143,119.986328,0.690171
3.297693,2.913234,12.204841,86.370865,89.173882,119.953682,-0.260213
3.589128,3.082984,10.351110,96.136276,98.738358,141.067093,1.428325
3.092643,2.737255,11.713465,75.483742,89.910759,111.218216,1.625708
3.001917,2.760377,9.881532,86.463646,82.996445,110.308006,0.951280
3.238074,3.048641,12.551830,84.471794,91.053825,119.121140,-0.414106
3.388844,3.337103,11.849136,88.749352,104.139679,136.313278,1.042582
2.799062,2.689189,10.264993,85.367805,84.656113,105.334114,-0.019600
3.519111,3.063977,11.891300,84.221306,96.368233,130.518951,1.486856
3.124828,2.916176,11.791698,87.917084,78.486992,118.437447,0.608487
3.500841,3.089161,12.862660,90.970612,92.321754,128.793869,0.366346
3.342708,3.138530,12.818399,92.135208,92.756798,131.436615,0.252387
2.787658,2.838144,10.775146,82.431786,78.625648,115.084694,1.297793
3.148933,2.756855,10.776903,77.783897,78.334328,121.765839,0.902574
2.873763,2.657573,10.318202,85.765907,79.656357,108.525200,-0.656271
3.414689,2.996347,12.000971,89.580223,88.699486,125.344589,0.524703
3.346715,3.183546,14.568510,91.042336,96.294380,128.317230,1.239349
3.299740,3.125423,13.133918,86.715836,89.451340,123.551201,-0.956075
3.034960,2.894790,11.044867,88.497070,92.756096,115.309196,2.919531
3.089123,2.872648,10.747779,96.033958,87.207108,117.455002,1.439590
3.154696,2.881225,11.677656,83.442963,82.341797,118.080368,0.902722
3.099251,2.899909,9.338778,83.817413,78.152725,122.644516,0.052529
2.998274,2.671732,10.655794,82.977676,78.687004,109.142220,-0.210090
2.842905,2.881469,10.198895,84.332596,85.494377,117.024796,-1.075187
3.456108,2.992361,11.696862,82.171402,87.589340,129.148819,1.209234
3.537498,2.818939,10.502565,105.838211,90.552063,129.865845,0.887240
3.219294,3.060118,12.380251,84.877045,91.616920,118.177834,1.085188
3.269512,3.223844,12.885160,85.029640,87.960403,124.229294,-0.420865
3.986476,2.632410,10.140479,80.391991,76.243462,146.678055,0.673720
3.097939,3.163303,10.878807,89.537453,89.795197,119.924927,0.038403
3.523602,3.079913,12.149281,91.832680,90.237595,131.305649,0.632974
3.767952,2.921791,11.486354,101.177841,89.806274,139.914124,0.046981
3.787015,2.842443,12.203119,77.389481,80.029930,140.901291,1.529955
3.938269,2.994734,11.241469,106.751205,94.371483,147.033417,0.453087
3.124238,3.131438,13.457756,93.648132,93.851349,124.239464,1.688219
3.201616,3.310483,11.826977,90.147842,92.150879,132.230515,1.212193
3.105087,3.092665,9.960040,90.041710,89.872574,120.218925,1.013900
3.098388,3.111966,10.518100,89.653229,89.896904,119.866615,0.831508
3.103245,3.067156,9.351568,90.161804,90.043884,120.336884,1.435235
3.336525,2.913250,11.411995,86.611420,87.080803,122.579033,0.741041
3.379181,3.042778,11.278762,82.865189,88.925880,125.795250,0.830709
3.358634,3.012309,11.619498,81.340767,89.799484,124.768616,1.115782
3.450039,3.276176,11.873056,93.226662,95.713249,138.495850,0.767587
3.846319,3.185154,12.147348,103.075027,105.086769,136.587097,1.676128
2.986054,3.009812,12.449917,77.319397,84.338188,112.729187,0.455409
3.550756,3.087285,11.857470,95.888329,93.731422,130.257477,0.769494
3.383676,2.998489,11.607830,86.949684,84.555412,127.867683,0.798096
3.278622,2.857013,12.065588,92.583939,84.548569,120.622208,0.040993
3.177845,3.152361,12.174712,90.211388,91.572426,120.516640,-0.330184
3.134266,3.149370,13.483447,89.317078,90.088165,119.606544,0.244107
3.565965,2.917356,10.862444,91.489159,86.888596,134.974060,0.263247
4.160989,3.440185,12.969815,114.521927,108.623070,151.755585,0.888826
3.418850,3.007815,11.708885,87.142731,90.012321,124.082527,0.327458
3.220631,2.765223,9.744213,94.214302,86.771164,127.390503,-1.266813
3.033728,3.261281,12.303839,84.317429,88.260368,126.003822,1.562673
3.093247,3.190913,12.593911,89.782166,89.911720,120.238426,0.474377
3.148729,3.134182,11.509613,89.814301,91.251778,119.718491,-0.020782
3.013280,2.918692,10.175961,87.763039,86.066193,111.963760,0.809890
3.645897,2.840208,11.323621,97.239456,86.308342,134.800186,0.223851
3.068867,3.204116,12.961208,90.245270,90.574532,120.862831,0.887210
3.352309,3.046697,13.349459,85.397316,96.373367,123.006325,0.443973
3.134078,2.859016,11.065300,86.349236,78.593460,125.629082,1.616654
3.571481,3.079221,12.208993,93.971077,92.380234,131.266068,0.720250
3.110485,3.111743,11.559307,89.746613,89.824707,119.756592,1.016618
3.359268,2.923773,11.300993,91.103668,90.169449,121.564377,0.722829
3.317771,3.052457,12.374246,77.662590,91.547501,123.839684,1.430767
2.886849,3.080593,12.071126,78.072067,84.892853,111.842758,1.687090
3.149055,3.223914,12.337125,88.504524,90.119850,120.039734,-0.867294
3.077309,2.847607,9.756569,92.668236,84.521790,117.784248,0.093360
3.737739,2.649890,9.992855,85.256950,80.416313,138.949951,0.366679
4.093825,3.429531,13.379696,112.199966,110.574318,148.355545,1.529119
2.881659,3.115747,11.728607,79.782356,88.397797,114.367165,1.827609
3.747159,3.067741,12.453508,78.858009,94.052254,138.247498,1.591244
3.223067,3.189619,13.765225,87.629616,87.004883,122.216049,-0.111524
3.315692,2.803260,12.787464,78.421066,77.898026,128.131805,1.990052
3.547827,3.112885,11.280895,95.043297,92.237015,138.995331,0.442853
3.077122,3.138948,9.660245,89.530220,89.772461,120.383873,0.469399
3.278229,2.782649,11.892852,92.572372,82.610664,119.910057,-0.068430
3.229132,2.929035,12.794024,86.182220,83.968704,117.216339,-0.524246
3.556756,3.058336,12.034362,95.837708,92.750328,128.403946,-0.047612
3.069602,2.666304,8.142646,96.389908,81.047379,127.086914,-0.586849
3.228008,3.083628,12.617211,88.811592,92.495422,118.985382,-0.018896
3.336858,2.648457,8.918586,95.766663,81.613205,127.405258,0.440009
3.045836,2.657328,9.738821,90.598618,84.715515,121.192520,-1.005469
3.330363,2.760343,10.036463,96.143288,84.657967,121.569832,-0.783264
3.288400,2.919283,11.254541,83.555725,87.383804,121.239159,1.060918
3.178187,2.889301,12.368487,79.242920,78.622116,122.435860,1.231199
3.679209,2.777131,10.258451,83.906685,83.350433,138.796844,0.386261
3.079661,2.804371,11.531528,81.949280,81.392097,113.390411,0.853626
3.265957,3.082618,11.254593,97.801262,95.448181,124.520470,1.218117
3.117530,2.930358,11.937615,77.475151,91.923393,113.527206,2.107964
3.317628,3.187980,13.738393,89.735016,95.061264,128.313782,0.285543
3.118462,3.131922,12.043882,89.591492,89.915413,119.832939,0.760266
3.684156,3.071775,12.229291,83.953316,91.091469,137.024536,1.341636
3.649056,2.985353,12.203550,81.331413,87.534645,136.145111,1.414685
3.593996,3.111785,11.511506,90.710564,92.740334,140.376099,0.778949
3.245737,3.063836,11.818169,86.361618,93.233963,126.887550,0.825118
3.095504,3.183198,13.980838,90.768181,91.680161,122.327515,1.795057
3.118574,2.906471,12.508295,85.505768,80.237656,114.862999,-0.242839
3.023693,2.997725,12.009791,79.832077,88.175949,112.820351,1.989516
3.556996,3.031043,10.908154,94.743584,95.570518,138.562103,1.154117
3.140284,2.914575,9.056029,92.038567,90.937424,118.861343,2.655271
3.359565,2.917082,12.115349,90.145653,88.285866,121.239189,-0.087546
3.097341,3.165385,11.194268,89.686386,90.003525,119.996956,0.219790
3.105360,3.167944,12.485672,89.760040,90.011337,120.196518,0.453665
3.279185,2.958855,12.688863,91.162437,84.891800,120.351120,0.203827
3.484112,3.189365,12.503310,82.148880,97.000755,131.860321,1.283618
3.047828,3.270402,13.201864,90.859192,92.714981,122.899345,1.411523
3.470139,3.227168,13.296455,81.196411,91.165199,135.266769,1.547435
3.300642,2.655354,10.914381,100.055305,83.088959,119.675171,1.245955
3.103363,3.415043,12.516492,98.291061,100.253609,124.809067,1.433687
3.260364,3.155174,12.815090,84.216354,97.878395,123.897675,1.536727
3.102975,2.971425,12.278381,88.546974,79.484970,122.237167,1.935981
3.401774,3.151919,12.461472,90.664597,94.894005,130.881027,0.616368
3.139367,3.279413,12.322361,91.499329,99.132812,125.877823,-0.484391
3.412994,3.006876,11.382128,83.145416,88.004967,127.749275,0.959369
3.756574,3.035358,12.410253,100.602303,93.468040,140.701050,0.255635
2.914807,2.735706,11.394418,91.981735,97.043411,118.560928,-1.177933
3.361621,2.969435,11.840012,87.776237,86.800751,124.866455,0.828808
3.088374,3.206224,11.689018,90.178284,89.875885,120.766914,0.170273
3.410525,2.921180,11.309751,91.843216,90.584770,121.987221,0.630724
3.601367,3.086010,11.012215,92.236214,94.912231,140.169968,0.943014
4.044331,2.699973,12.220364,73.192909,78.445366,147.881256,1.148492
3.000919,2.815501,12.305586,84.693062,78.683533,114.173798,1.953781
3.044003,2.764328,9.069210,93.722786,79.915230,123.558571,0.451643
3.637635,2.866740,12.833121,100.154114,88.161522,132.283463,0.346115
3.819075,3.213598,13.322651,103.156555,97.034012,138.494156,-0.147834
3.548543,2.778041,12.191528,97.933495,86.047913,128.729691,0.514157
3.250129,2.805048,12.056718,84.718422,79.721985,124.517067,1.676118
3.125811,3.424918,13.075830,95.262764,95.972656,128.332504,0.239064
3.322556,2.695688,11.256759,99.704712,83.772697,122.971703,-0.857059
3.000699,2.800480,8.736801,85.785736,85.454239,112.981796,2.290089
3.712715,2.871037,11.856177,75.023125,85.104210,137.020767,1.588775
3.003592,3.153325,13.067427,80.678688,86.888893,119.269264,1.045697
3.475348,3.045711,11.528641,94.577461,93.540070,127.254379,0.964405
3.114805,3.131619,11.064998,89.759850,89.750259,120.083847,0.578525
3.124211,3.144806,11.683736,90.040962,89.751877,120.452965,0.632931
3.264987,2.918422,12.262454,97.652924,91.555679,121.057907,-1.164962
3.082755,2.921971,11.642089,79.441254,88.874672,113.480408,2.029236
3.092577,3.168084,11.592119,90.072319,89.981468,120.334908,0.593832
3.176044,2.710518,9.980675,101.069588,83.047546,120.003998,-1.051597
3.473279,3.024820,12.624508,80.004677,88.277580,129.929153,1.537544
3.033224,2.996743,8.006821,90.155182,82.320015,128.161682,0.869407
3.291562,2.946942,11.188848,82.422844,85.762291,123.218826,1.283168
3.154211,3.171530,11.570913,86.320625,87.449310,128.080292,0.248319
3.237890,3.260878,13.216019,93.631866,97.124123,131.856369,1.382733
3.811220,3.235584,12.515295,102.940887,98.886253,139.854172,0.709740
3.742509,3.088611,11.922692,85.992584,95.917908,143.768967,1.467986
3.283580,2.938603,11.378657,83.169914,86.662079,121.829567,1.063111
2.761011,2.889627,10.149983,84.669662,93.747910,111.607536,1.229194
3.177264,3.194367,13.278906,85.674927,89.480873,118.777328,-1.151290
3.298048,3.053377,12.285600,87.279869,82.045700,123.168945,0.889743
3.084049,2.748864,9.700181,85.083229,92.695496,118.943443,-0.395847
3.449284,3.176324,12.557264,79.340622,94.501587,129.125320,1.440977
3.091109,3.077206,9.142138,90.055969,89.954460,120.399193,1.304277
3.128906,2.777537,10.435449,88.917725,80.634682,116.013931,-0.265306
3.640523,2.789025,10.262552,82.798904,83.554062,137.881516,0.488801
3.448232,3.118545,12.457136,88.184814,85.994324,133.692932,0.864711
2.691347,3.187515,9.572016,86.391418,92.095833,125.647713,-0.403003
3.483361,2.954694,11.936574,84.631287,85.246025,131.885086,1.070961
3.191874,2.894437,12.194911,85.189949,82.340866,119.390198,-0.934402
3.544117,2.833563,11.020499,98.516449,88.454514,127.647934,0.103021
3.302342,3.031951,12.445652,83.482323,93.275009,121.163109,0.759756
3.503215,3.092588,11.383684,86.077957,92.761635,129.653259,1.249143
3.540951,2.897358,11.328709,81.820831,87.837227,132.932083,0.983385
3.948705,2.710353,9.517050,97.475716,85.416100,144.924896,0.114818
2.966665,2.723280,10.828222,82.434418,78.290680,110.020355,-0.141506
2.896304,2.610428,8.557059,77.770714,93.979408,113.980980,-0.207435
3.259946,3.001093,12.919355,88.252945,94.174751,123.279671,-0.611874
3.175828,3.147740,10.634842,93.054520,92.528793,122.406380,0.622213
3.426650,2.891964,11.329893,88.353912,85.624916,129.562668,0.327601
2.642306,2.734034,10.561075,81.854729,75.948151,106.146141,1.060839
3.739816,2.857501,12.276053,74.034958,79.486008,139.093048,1.551733
3.409249,3.076067,13.442872,87.756599,91.548309,124.371048,-0.257017
3.371338,2.847939,12.013986,91.956932,86.561928,122.306473,-0.098072
3.479597,3.261945,12.758205,84.865692,105.585831,128.264847,2.484509
3.617960,3.104205,12.206577,84.359261,90.687508,134.850143,1.241897
3.241709,3.166940,10.641450,86.689384,89.859154,133.027069,0.642105
3.692755,2.770041,9.667962,91.598434,84.280731,137.925217,0.128510
3.189553,2.879218,11.453656,82.397049,93.504601,119.252449,-0.268483
2.788405,2.822512,12.277054,76.504089,75.958344,109.106445,1.690840
3.419182,2.847691,12.977641,94.813751,84.864822,126.125412,0.186302
3.768018,3.429106,14.160774,81.820686,107.520004,139.899460,2.409895
3.415240,2.976795,10.663898,93.720703,91.960487,124.982635,1.083561
2.994541,3.508315,12.290931,92.015434,99.274612,125.553421,1.170972
3.085182,3.194784,11.088177,89.789627,90.406448,120.351151,-0.032616
3.084239,3.208662,10.702650,89.421051,90.001633,120.306747,-0.281641
3.615187,2.905248,12.006808,75.290482,86.244278,134.079788,1.636888
3.083204,3.009382,11.880753,83.501152,92.395699,119.289436,1.940344
3.087238,3.218335,12.203150,89.933899,90.908600,120.074203,0.053877
2.947280,2.775420,9.936183,85.867073,83.551010,110.162338,1.377337
3.088927,3.154513,10.367073,90.079208,89.871475,120.596214,0.481122
2.958780,2.724020,10.404761,87.082153,80.566216,110.061775,-0.330688
3.247951,3.158895,10.715320,92.742302,89.030502,132.263031,0.338365
3.127307,3.143779,12.638640,90.051788,89.516983,120.372780,0.777476
3.395043,2.666128,10.206963,94.457916,84.236572,127.423401,-0.099134
3.573466,2.987421,11.842721,80.331238,90.858734,132.492538,1.343909
3.117530,3.145109,12.286189,89.818260,89.868347,120.220253,0.795861
3.066509,3.225174,12.872830,90.500420,90.133125,121.071716,0.756732
3.127692,3.187158,12.031319,96.199600,87.331619,123.000687,1.453477
3.118539,3.136112,12.604701,89.654282,89.532219,119.796494,0.698897
3.138756,2.829792,9.800063,86.861580,87.038963,114.653145,1.509275
3.117725,2.863371,12.745523,82.014656,81.708847,114.661568,-0.417400
2.803535,3.156385,10.830173,83.454361,94.218277,123.328926,-0.760550
2.815031,2.888299,10.605657,80.205856,83.127045,108.252602,0.873780
3.521654,3.091794,11.503218,87.782608,92.845390,130.310257,1.255325
3.011009,3.026816,11.916391,88.879829,101.038544,119.124832,-0.453764
3.116206,3.203137,11.861389,89.464417,90.762093,120.078606,-0.350833
3.124885,3.117799,12.188303,89.614716,89.930740,119.767441,0.919967
3.395749,2.716874,10.513458,96.276428,85.590363,124.215477,0.981565
3.348722,3.030691,13.574625,87.074356,97.820862,122.467735,1.119764
3.058368,3.129040,12.059669,81.803757,93.180687,118.594254,1.767382
3.095178,3.324435,13.583505,86.864616,88.046516,122.662872,0.186630
3.096455,3.139214,10.751161,89.495407,89.892700,119.651115,0.333194
3.089794,3.197542,11.458766,89.838165,90.450348,120.065285,-0.082810
3.063118,2.790769,11.373209,80.746971,78.394745,115.646996,0.899277
3.557262,3.131973,11.522211,86.318954,95.697861,131.022079,1.362834
3.232289,3.154402,12.246086,101.637825,97.326729,126.111557,2.175628
2.812841,3.342661,12.454902,85.456833,86.192711,118.435493,1.710643
3.817719,2.699882,10.500634,74.511307,77.185875,142.011276,1.036889
3.087806,3.177416,12.342782,90.173187,91.344620,119.946724,0.615445
3.099674,3.176921,11.977318,89.780327,89.821144,120.160858,0.213609
3.726882,3.197564,12.911057,98.021446,94.540421,138.179886,0.602510
3.363376,2.822294,12.189092,85.758720,96.856163,118.753242,1.090376
3.090805,3.278199,11.524885,89.845802,91.688850,121.098038,-0.500834
3.168919,2.681330,10.055675,102.676567,84.410835,122.532974,-0.800563
3.259338,2.898272,11.108929,81.922279,85.012589,123.733421,0.555330
3.515448,3.105545,12.503372,89.885223,96.735619,127.539558,1.098804
3.141564,3.133181,12.334151,97.104263,94.118645,120.927246,0.029542
3.238240,3.102330,12.659422,82.778343,85.538605,120.451233,-0.251330
3.607080,2.709443,9.586113,85.205635,82.199242,137.302536,0.430831
3.080457,3.018999,11.524172,99.626457,97.106392,120.049957,-0.009603
3.264544,2.763056,10.969349,85.267036,79.114059,123.649040,0.696661
3.371694,2.996425,11.815974,89.154831,89.655510,123.741539,0.590890
3.581650,2.971123,13.184780,78.653885,84.632317,135.777023,1.684320
3.334966,3.097045,12.915746,76.918221,89.834541,125.222031,1.990673
3.061590,3.209718,11.751624,91.957581,98.278809,126.661346,-0.051878
3.690472,2.828930,11.669294,73.860153,80.288765,138.370193,1.340735
3.171674,3.314056,12.339555,97.152176,97.993431,124.727676,0.403942
3.403061,2.958157,12.447327,96.652428,86.803169,130.993332,0.756847
3.219764,3.039545,12.151060,84.172279,84.877731,118.833214,-0.153704
3.227953,3.090986,12.144608,92.316994,96.930908,121.536728,0.234195
3.037494,2.768429,11.779387,88.724838,78.343544,111.977982,0.811780
3.272800,2.979750,8.383343,92.138550,93.818092,121.343987,2.179397
2.972683,2.809141,11.965130,76.764626,81.453270,108.425323,0.440902
3.424402,2.873423,12.211951,94.578323,85.208237,128.491531,0.508841
2.607807,3.028769,9.586720,75.003464,96.174446,116.095993,0.895573
3.424555,2.915869,12.441501,85.509148,82.547440,130.890564,1.446673
3.158860,2.877944,12.335186,87.905258,82.870033,115.123817,1.042832
3.080582,3.183596,11.738622,90.254601,90.042610,120.642242,0.684823
3.109072,3.151444,11.636928,89.803566,90.019913,120.088364,0.393672
3.100521,3.145538,12.481672,83.757133,91.006645,121.227898,0.131721
3.129429,3.166820,13.440447,87.508461,92.794716,117.718246,0.178814
3.075314,2.825428,11.564310,85.393272,97.251747,120.249718,-0.154932
3.083025,3.183687,14.531328,89.479172,90.925049,122.071213,2.009989
3.079251,3.159800,11.428641,90.010162,90.099045,120.427925,0.935440
3.103615,3.145868,12.559265,90.054138,89.704803,120.171295,1.005317
2.993612,2.802459,12.134011,79.028435,78.415207,111.406158,0.339281
3.289191,2.922302,11.698604,77.872864,81.280464,128.196472,1.004838
3.600785,2.825997,10.260850,90.177475,84.569908,136.755936,0.382931
3.092859,3.207784,13.160233,89.766884,89.801476,120.434280,0.435311
3.449449,3.061951,12.236917,89.992363,93.661514,126.058174,0.989195
2.602631,3.131821,10.979292,87.212105,84.468765,112.542923,1.179736
2.990867,2.566647,10.427667,85.701744,78.509384,111.521019,0.123538
3.419942,3.005348,11.061037,88.126373,90.804596,132.082779,0.789005
3.362613,2.961174,11.410416,83.962555,87.175690,126.406219,1.059717
3.191781,2.869502,12.143508,84.916290,80.925346,119.247948,0.764774
3.305918,2.949538,11.943718,90.304085,86.754539,117.449150,-0.187667
2.670291,2.677853,10.443694,78.759331,78.469437,102.153931,1.026451
3.107566,3.129119,11.269667,90.102707,89.821770,120.264503,0.859484
3.315536,2.936317,11.573799,81.794258,84.939659,124.436897,1.200836
3.688842,3.001270,11.247935,96.707886,91.761604,139.951553,0.342896
2.896421,3.008054,12.135461,93.806618,86.556984,114.696716,2.416760
3.098006,3.025978,10.269018,81.802162,81.920929,126.484802,0.856340
3.336763,2.990139,11.353964,83.301453,85.681595,124.711945,0.860138
3.103105,3.280340,12.844245,91.198151,83.736259,120.640533,0.017785
3.114255,3.197520,12.494910,90.002998,89.663918,120.755257,0.221453
3.469267,2.951745,13.139490,96.120598,87.167168,130.339279,0.185004
3.096836,3.185809,12.909359,89.517487,89.950386,119.982307,0.453880
3.339580,3.041607,12.418260,86.022179,96.956543,121.823235,0.748439
3.074479,2.781117,10.227757,88.142929,77.590355,120.210587,1.136945
3.851376,3.235511,13.145123,87.389656,102.825462,145.279541,1.790379
3.109747,3.124587,11.179561,89.630646,89.789497,119.799530,0.675391
3.608156,3.175844,11.906800,87.029442,98.785583,132.186554,1.754761
3.339582,2.901561,11.716420,76.953323,81.343231,130.694153,1.267442
3.333350,2.696593,10.595689,93.101738,81.616936,123.988907,0.341582
3.659275,3.140668,11.838262,95.349556,95.402786,132.885742,0.477530
2.999261,2.870737,10.803541,82.422180,84.651268,111.461494,0.219372
3.480196,2.926043,12.342731,77.721901,83.717361,130.965881,1.703041
3.210648,2.953597,10.911381,86.722122,78.531364,123.590401,0.394661
3.114190,3.132212,12.113278,89.841515,89.973564,120.056107,0.952013
3.085944,3.160606,13.197087,90.100922,90.524048,120.649902,1.225789
3.589237,3.132284,12.557693,94.452873,96.370720,130.960770,0.955818
3.321409,2.683261,11.390689,97.439339,83.041595,119.686829,-0.836812
3.584640,2.813107,9.746583,100.712624,86.075699,135.127258,0.168954
2.680488,2.703821,10.921718,83.516052,75.438675,104.362770,-0.238694
3.716796,3.250062,12.801250,92.019882,103.891716,134.744125,1.743970
3.321125,3.194729,14.264297,93.491196,89.893463,127.156853,0.800911
3.085658,3.152618,10.419866,90.140045,89.931229,120.587685,0.566598
3.217257,3.247463,12.280594,98.131828,86.221329,123.944214,1.395618
3.650591,3.147220,12.988559,96.428612,92.836861,134.708298,0.302954
3.050755,2.767063,11.817487,80.656982,82.298531,109.945610,-0.137923
3.333117,3.005238,11.685497,85.180420,82.112938,127.943840,0.744745
3.065337,2.924428,10.722144,80.662949,95.450630,117.937767,0.633818
3.513067,3.200314,13.909980,77.059555,92.845825,134.823685,2.289932
3.246756,2.756669,11.838691,78.369598,76.746841,125.214828,1.172844
3.129945,2.885953,11.518559,80.304871,92.367683,112.348366,2.346141
3.459011,3.149398,12.417281,87.711288,106.665886,129.640671,2.003963
3.478579,3.076578,8.434891,98.138802,99.198647,129.532211,2.924948
3.603054,2.917687,10.893741,99.997002,90.673454,129.910385,0.046522
3.685251,3.254461,13.765376,84.518723,99.364700,140.322281,1.688707
3.216543,3.053007,11.999908,98.787735,95.189957,122.620964,1.386156
3.758282,3.231977,12.113592,94.927307,97.472908,139.247635,0.942295
3.292505,2.887964,12.860247,91.267441,82.616264,120.774185,0.632848
3.387074,2.944156,11.695279,88.018143,93.134125,127.658768,0.948104
3.107792,3.194070,11.906865,89.695709,90.587349,120.401276,-0.044729
3.364694,3.075057,13.279574,83.711227,85.361656,131.214890,1.441015
3.369273,2.852100,13.206410,93.808830,86.199669,125.103142,0.652629
3.765528,3.238958,12.995280,99.718338,100.049355,136.601715,0.519607
3.235498,3.117843,12.223463,85.463989,81.220779,123.515579,0.888235
3.096124,3.104129,10.222266,89.901535,89.855171,119.894913,0.877918
3.227606,2.866255,12.120364,86.213524,84.006912,116.824654,-0.516871
3.004202,2.930425,11.972660,93.086975,93.168503,125.792107,-1.026122
3.408007,3.186283,12.406129,80.188911,92.001984,127.493149,0.972547
3.750828,2.934819,10.598497,89.140343,91.005348,143.035660,0.731354
3.514750,3.071960,12.134272,86.823242,94.575432,131.186432,0.933334
3.416678,2.742260,11.722209,77.911430,77.082748,130.142487,1.435048
3.106211,3.126148,11.434661,89.898735,90.052132,120.076378,0.985034
3.759896,3.011578,12.869741,75.597870,86.434723,139.173752,1.844571
3.160161,2.649376,11.239064,98.177872,82.897667,118.409233,-0.258953
3.405357,3.198976,11.735211,88.524147,104.332336,132.266602,1.718534
3.427518,3.050741,11.866473,86.374466,93.967194,125.315353,1.544943
3.331671,3.016493,11.891202,91.039482,91.022629,120.239372,0.012842
2.879397,2.737579,10.648219,79.328232,81.764214,107.345047,1.021630
3.494506,2.819469,10.574402,89.988266,82.605865,132.651047,0.505885
3.107681,3.148347,12.668426,89.595184,90.096741,119.958397,0.877707
3.088566,3.168549,11.125306,89.995331,90.133224,120.202606,0.218110
3.742316,3.173170,12.682302,94.385979,103.839790,141.012604,1.665007
3.454008,2.990537,12.806259,89.258972,84.520775,132.402405,1.569390
3.100783,3.124776,10.855050,89.987312,89.883911,120.121811,0.819585
2.512637,2.862160,10.121019,82.821259,96.840500,116.314629,-0.363903
3.257102,2.758797,12.223495,78.097183,78.941917,124.079636,1.682399
3.748339,3.108810,11.966097,91.768829,91.476685,140.729507,0.965033
3.228507,3.228174,12.610156,89.893700,82.006523,123.895126,0.772839
2.896448,2.884581,10.822477,90.460289,83.351196,111.894073,1.044944
3.669331,2.977186,12.247774,80.239174,87.165009,136.618561,1.564237
3.895115,2.776195,12.218830,74.757072,78.652237,143.438889,1.550500
3.101555,3.219471,12.020243,92.071121,92.397537,122.348335,0.883629
3.654966,3.005628,12.297975,82.964432,88.716194,136.566895,1.362032
3.078733,3.339973,12.440294,91.071671,91.997101,123.984245,0.330133
2.933023,3.297057,12.624208,90.781227,84.086357,117.776276,0.599178
3.434555,3.012878,11.863655,88.466316,86.642227,129.328247,1.130212
3.119423,2.944591,11.318173,84.792076,90.228867,121.238472,0.509778
3.131716,3.201888,13.398315,89.145004,89.352394,119.982971,-0.175918
3.091129,3.120996,10.307494,90.053070,90.424629,119.746422,0.533007
3.606685,2.905571,11.695348,101.130798,89.089233,134.815506,0.451568
3.313307,2.937101,11.618801,85.824043,85.416801,122.749191,0.785834
3.608550,3.141222,12.552395,84.886230,95.742493,135.919556,1.173700
3.565941,3.150907,12.015263,85.415459,98.704399,130.325333,1.826765
3.216365,3.141261,11.873692,89.045105,89.202835,120.400116,-0.736968
3.357907,2.791705,12.554269,80.812988,77.618263,130.113327,1.890904
3.106245,3.086918,10.236221,89.877014,89.696518,119.821526,0.924555
3.030546,2.869120,10.399618,84.357552,77.075027,118.025986,0.675498
3.227141,2.811690,12.523213,87.863289,82.449738,115.633118,-0.640710
3.098499,3.149066,11.209106,89.675888,89.995583,119.981056,0.582712
3.441754,3.235690,11.784080,88.841232,108.023804,132.903137,2.491350
3.700993,2.836544,10.437925,99.859123,87.014282,137.687515,0.255509
3.126531,3.105279,12.172793,89.826599,89.897682,119.908920,1.195627
3.270226,2.790382,11.848784,89.680099,82.737144,117.440239,0.521464
3.087289,3.177842,11.145359,90.164978,90.015640,120.672394,0.490598
3.220059,3.060235,10.143977,94.668892,93.685547,123.253815,1.851129
3.340636,2.915748,11.892582,87.871529,84.925964,127.680389,0.742117
3.403154,2.832460,13.389228,93.771309,85.364197,123.296707,0.204978
2.996949,2.707856,11.931640,83.842827,76.899590,110.840904,0.994819
2.616642,3.243270,10.860253,91.199326,92.119110,120.095192,-2.133710
4.173441,2.943516,18.657257,69.331825,87.651764,153.422516,2.559874
3.262052,2.775357,10.088289,91.685219,84.701363,118.289200,0.453493
3.414092,2.901731,12.459611,95.104233,85.967194,128.801971,0.613644
3.575570,3.092807,12.051815,93.029625,93.316109,131.179123,0.803130
3.108902,3.083204,9.678393,89.882607,89.772102,120.332962,1.082611
2.872062,3.185931,10.026272,84.399330,88.756836,123.358398,1.781033
3.089219,3.124235,10.171723,89.882027,89.957840,120.196411,0.729051
3.115144,2.867334,11.651175,80.684334,87.427483,115.689957,0.996703
3.091531,3.314102,13.365129,91.514137,92.753632,126.136429,1.443865
3.069699,3.159638,14.664337,87.596199,90.249718,120.604790,1.733608
3.017423,2.875947,10.868988,80.775970,80.143486,116.855705,0.214255
3.338577,2.920684,8.260868,93.910599,92.697968,124.116646,2.452737
3.082163,3.205158,11.273048,89.940742,90.592987,120.542877,0.053642
3.367586,2.900518,11.793741,90.018066,88.171112,125.797447,0.240138
3.698969,2.981006,10.117095,97.645126,94.635406,143.097763,1.054358
3.418179,2.997913,11.447626,84.722443,89.948990,127.779533,0.994657
3.202278,2.702863,8.650834,91.326050,78.059242,123.919853,0.426434
3.491199,3.090779,11.262598,85.984192,92.138298,129.484543,1.141347
2.824533,3.072646,11.872189,93.800156,86.815742,118.340271,-1.646416
4.007553,3.315096,13.579231,80.904953,104.409531,145.649643,2.008783
3.837221,3.244025,12.907162,89.172501,101.083107,147.297302,1.611946
3.184491,3.148411,10.795165,95.445496,99.267044,124.068451,3.745625
3.468694,2.949361,11.169727,81.920753,85.301537,134.367172,0.623241
3.099057,3.192771,12.809344,89.611954,89.826889,120.255463,0.405674
2.945798,2.880118,10.478834,85.722000,84.486282,115.787025,-0.268910
3.148898,3.212846,13.914639,88.391251,89.788528,120.030090,-0.196062
3.115503,3.259189,13.056610,93.127197,93.412064,124.085938,1.206446
2.651442,3.081653,10.132559,79.391884,90.405861,114.416351,0.172353
3.616868,3.326894,14.431664,85.706192,103.217430,137.715363,2.121262
3.232633,3.052208,12.946492,89.224144,93.911087,119.568733,0.590546
3.221034,2.841729,13.019388,91.465218,84.642273,120.714119,1.245544
3.519569,3.153702,12.048834,83.343903,97.149376,129.196045,1.816627
3.089447,3.179161,11.354418,90.476677,89.987396,120.951843,0.676020
3.743021,3.245115,12.914068,94.384377,103.150734,141.598495,1.326659
3.135642,3.176960,11.619781,90.107208,93.306335,118.078659,0.606488
3.218530,2.962437,11.492017,92.881187,92.917206,123.905403,-1.104323
3.158478,2.997618,12.974638,81.807747,95.175301,115.890671,0.724475
3.112168,3.203392,11.214385,89.580009,89.664299,120.457703,-0.417158
3.079376,3.227458,11.237665,90.711845,91.561104,121.428001,0.360710
3.507620,2.792876,12.070030,77.974785,77.375519,133.362061,1.438411
3.488457,2.793135,10.116453,88.920052,81.884895,131.823135,0.265784
3.172959,3.157781,11.118259,91.706985,81.393944,124.887733,0.576562
3.116817,3.110974,11.382156,89.719574,90.011635,119.933662,1.011673
3.171860,3.157900,12.908406,89.560287,89.424690,120.482658,0.072039
3.388971,2.900483,13.110335,94.102608,85.533661,126.190109,0.387833
3.522711,3.059421,11.930883,95.396950,94.656578,127.415939,0.877147
3.029019,3.208623,13.803378,86.958260,89.165794,119.061737,0.156475
3.539393,3.071892,12.506425,91.955719,96.126167,127.345642,0.993672
3.273432,3.078558,13.482474,89.065643,92.400299,120.070213,0.136789
3.589975,3.094053,12.113462,94.014923,93.315903,131.643570,0.760021
3.280461,2.899001,11.028665,93.272614,90.408043,129.995438,0.386258
3.430792,3.102586,11.392743,95.277298,97.128204,137.429031,1.618939
3.147363,3.131914,10.764892,90.816811,91.576744,120.367897,0.131131
3.432303,2.775307,10.695430,86.418694,81.732536,129.765762,0.556038
3.100147,3.138472,10.629469,89.850327,89.728333,120.139297,0.409521
3.656913,2.829597,11.878784,78.306374,81.962311,136.908051,1.338062
3.112038,3.115616,11.437675,89.804031,89.905594,119.856079,0.900117
3.257463,3.175791,12.815426,84.475861,90.185966,127.752090,0.680034
3.236723,3.072672,12.730783,89.598755,84.955696,118.445084,-0.380563
3.371104,2.864904,11.880971,89.712296,82.234909,127.022545,0.190793
2.850466,3.040653,10.757927,85.280388,90.794289,111.801201,1.567913
3.447103,2.975230,12.925844,81.501434,82.176422,131.436996,1.281059
3.583874,3.066044,11.521950,96.565979,90.825989,138.104492,0.247191
3.669515,3.062569,12.214996,83.979034,90.209724,136.813828,1.283642
3.346007,3.168278,12.580900,81.701393,100.186752,124.842552,2.453997
3.277399,3.146633,11.079739,96.375984,94.191200,125.013618,0.798560
3.075532,3.289380,12.328539,90.288673,90.931320,121.756897,-0.044443
3.123572,3.132560,12.455037,89.823753,90.085213,120.160255,0.923489
3.095827,3.150893,11.102827,89.564453,89.901962,119.506355,0.195529
3.658927,3.129028,11.444454,94.153702,95.090752,141.292328,0.623448
3.084599,3.205255,11.090597,89.636261,90.356758,120.489120,-0.043676
3.431653,3.122931,11.849000,93.466690,92.738998,124.546005,0.514579
3.260643,2.894315,11.628578,85.653030,83.662766,122.535255,1.226084
2.899696,3.193330,12.130651,85.444794,83.097961,121.464043,1.268793
3.330766,2.914026,12.992566,92.184059,84.329292,125.843178,0.589522
3.350230,2.815964,12.115120,94.674065,85.127357,123.409164,0.145438
3.668448,2.938153,12.187778,80.206284,86.324928,136.677032,1.545140
3.100053,3.150980,11.489545,89.958130,89.934662,120.094162,0.563068
3.303420,2.758111,10.857528,86.389046,78.137962,126.576767,1.141627
3.212305,3.028160,11.925828,83.659760,95.646004,123.427956,1.121278
3.569974,3.049326,11.704225,97.055717,92.100105,127.086288,-0.263505
3.133219,3.142273,12.341855,90.109352,91.295937,119.769600,0.295542
3.333549,2.698663,10.242993,95.712090,81.616730,126.030098,-0.237599
2.736840,2.965233,11.220771,85.519943,80.983437,111.721191,2.141367
3.549614,2.699628,10.262908,83.208122,79.322632,134.476761,0.498797
3.281454,2.973126,12.217342,85.023323,89.890945,122.256508,0.106631
3.349442,2.789553,10.600078,93.269821,85.480400,126.112129,-0.832286
3.514554,3.063090,12.856147,87.905800,96.187393,130.075577,0.834538
3.077956,3.188390,10.947114,89.015373,91.193420,126.727997,0.096660
3.151257,3.217542,11.061486,92.720856,93.774002,122.539528,0.504034
3.166672,2.829586,10.446123,83.115288,76.943924,124.004036,0.604192
3.032144,2.880444,11.609144,80.198631,87.743942,109.244896,1.181705
2.888235,2.962306,10.581805,83.161835,87.398483,111.475227,1.540727
3.163773,2.939183,11.373684,86.818901,84.707237,116.390800,-0.512399
3.111671,3.234125,12.938020,91.049583,92.183228,123.297523,0.862366
3.109991,2.788244,9.645013,88.355499,85.440445,124.334030,0.387746
3.499645,2.968255,12.653909,86.473434,100.912048,126.117081,1.826882
3.061439,3.366178,12.544086,91.250641,94.307762,122.339088,0.232635
3.463546,3.107177,12.300262,93.792442,84.292702,132.183472,1.038011
3.110770,3.155502,11.042477,89.775978,89.818977,120.372505,0.329318
3.568848,3.239799,12.976747,83.406631,104.148674,131.870895,2.429248
3.386205,2.827635,11.640480,100.866432,88.249069,123.998718,0.362733
3.312876,2.923494,12.107521,86.895088,86.923286,122.171509,0.595055
3.419919,3.002656,12.236360,87.624397,93.643005,123.066284,1.148610
3.068641,3.136292,10.389875,89.426987,89.851395,118.979034,0.537609
3.135966,3.120996,13.999078,89.195961,88.609657,121.261017,1.476307
3.095751,3.118488,9.942333,89.888451,89.731262,120.268684,0.615510
3.584763,2.902407,12.331594,99.129265,89.552322,128.546310,0.121950
3.588185,3.112021,12.081490,90.867241,95.406769,132.040939,0.963396
3.068522,3.216903,11.435380,84.990181,90.364769,117.342178,-0.531446
3.466188,2.974805,11.200463,94.423790,92.188400,124.648415,0.581020
3.140441,2.901638,10.787836,86.690674,86.890671,122.809525,-0.116499
3.103574,3.478653,12.878823,97.768539,98.174545,131.044250,1.601083
3.250314,2.798709,11.687181,88.426643,83.279060,121.359993,-0.662321
3.100292,3.116022,11.021909,89.981445,89.856071,119.964828,0.981454
2.780150,2.725407,10.083024,81.500275,80.710167,111.974663,0.291423
3.113031,3.211003,11.602259,89.274605,91.075203,119.642036,-0.493672
3.004464,2.845594,11.953835,84.248230,77.465645,110.648521,0.661667
3.009901,2.826273,10.155655,83.003311,88.227798,110.587273,1.939209
3.125022,2.903333,11.762560,87.220680,78.977959,119.901848,1.222718
2.848706,2.858660,10.625316,87.231071,92.069946,109.450813,-0.239753
3.116649,3.113115,11.407980,89.752258,90.027481,119.865814,0.890457
3.411673,3.184442,13.728165,83.325386,97.480843,130.947311,1.811440
3.584564,3.097693,11.569359,86.644218,94.596802,133.568619,0.952811
3.601074,3.081915,11.996355,90.534027,94.253525,135.119110,0.773932
2.974287,2.787757,11.088898,86.874550,79.549667,109.574219,0.692935
2.893415,3.109100,10.886765,91.260178,84.812592,116.501114,-0.015545
3.582190,3.110252,12.315411,95.138756,93.507240,131.759247,0.685212
3.101207,3.088659,9.655576,90.144432,89.857697,120.325325,1.061914
3.301365,2.808547,11.977208,97.307121,85.878098,121.232941,0.414023
3.366155,2.980175,11.609002,83.045197,92.267746,123.423065,1.383708
3.646029,2.852544,12.192055,86.071350,79.654152,139.592621,1.357349
3.278113,3.095791,12.648396,77.904114,90.639572,121.072769,1.673157
3.153689,2.763564,10.492944,87.324562,78.658096,120.552422,-0.103072
3.096362,3.172861,11.029696,89.359924,90.018585,119.711349,-0.049045
3.103835,3.141127,11.105290,89.911140,90.038193,120.292351,0.729514
3.185816,2.865659,8.824229,93.761475,82.563660,126.219307,-0.174939
3.006736,3.037849,12.052796,79.861458,92.302895,115.561028,2.088681
3.484117,3.149657,12.881340,91.494270,90.402016,129.804749,0.175294
3.116297,2.811115,9.768214,90.432076,80.894020,118.736443,-0.406261
3.139957,3.102257,10.198358,91.551285,91.489220,120.665642,0.738185
3.110153,3.158963,12.621171,89.472382,89.783707,119.684151,0.536743
3.111238,2.845091,10.148392,91.097290,79.647652,118.425072,-0.761493
3.717377,3.222823,11.719180,94.868591,100.633400,144.883636,1.358033
3.453183,2.929484,12.985009,80.123375,82.133598,131.613388,1.861997
2.828371,3.364191,11.151056,85.591331,90.985565,119.998184,1.391338
3.355327,2.962667,12.709800,90.285141,84.439796,124.592590,0.662593
3.105354,3.329225,11.069381,94.240059,95.231003,125.664520,1.119574
3.670728,2.794335,11.272869,73.849777,81.124710,136.396439,1.260776
3.190937,2.871377,11.282979,86.389816,85.244667,116.615707,0.347978
3.104285,3.223333,12.669459,89.433502,92.057755,119.231010,0.057147
3.203534,2.956547,12.834170,84.711098,96.164215,114.144173,0.872121
3.416372,2.873881,11.490818,91.880798,82.131676,129.296478,0.678445
3.346647,2.989713,12.311023,85.163696,92.646370,120.040932,0.771257
3.112558,3.402586,11.451746,97.123047,96.655121,129.075775,1.961525
3.298405,2.940801,12.945509,91.668762,83.331795,122.251419,1.076182
3.371119,2.924466,10.921050,92.043434,91.288780,122.400040,1.099454
3.095982,2.984493,11.934020,86.724358,82.054001,113.595360,0.750164
3.938025,2.867576,13.772551,73.199028,81.488678,144.974930,1.900910
2.922318,2.386473,8.045070,86.741249,88.154762,113.890190,-1.407193
3.392281,3.242448,13.440245,93.106697,95.221786,134.790543,1.425899
3.043006,2.976627,11.420508,91.971458,88.787148,125.720299,-2.258800
2.965787,3.162539,10.940553,82.495399,81.980034,121.408356,0.523626
3.234332,2.895519,10.153148,88.085938,90.727478,118.481712,2.038266
3.121061,3.110908,11.471045,89.741974,89.925613,119.977242,0.996314
3.375500,2.993475,12.602032,90.079651,84.617233,126.969345,1.119872
3.003883,3.449062,11.745925,92.880875,99.536064,123.919998,1.429968
3.543673,3.234924,13.960899,78.987122,92.355576,139.881577,2.422045
3.323304,2.933796,11.438812,80.762321,87.012527,126.866943,0.992823
3.235293,3.185112,12.167262,88.552902,100.576439,125.693977,1.753943
3.187810,3.250676,12.074037,85.218063,101.039421,126.234451,0.640499
2.960616,3.277642,13.266637,85.197166,87.173363,120.374702,1.344598
3.220501,2.806987,10.918617,88.653397,83.145882,122.111656,0.206732
3.291932,3.206455,13.864926,84.266136,93.059151,124.663254,1.015269
